domain,country,provider_type,provider,count
smail.th-koeln.de,Germany,2.0,TH Köln,
gmx.net,unknown,0.0,0.0,
posteo.de,0,0.0,0.0,
yahoo.com,unknown,0.0,0.0,
stud.unibas.ch,Switzerland,2.0,University of Basel,
f269323f-fa99-4102-81fa-2e6ee79d13e8.ilias,Germany,1.0,Landesärztekammer BaWü,
stud.tu-darmstadt.de,Germany,2.0,TU Darmstadt,
uni-duesseldorf.de,Germany,2.0,HHU Düsseldorf,
freenet.de,unknown,0.0,0.0,
aol.com,unknown,0.0,0.0,
uni-hildesheim.de,Germany,2.0,Universität Hildesheim,
gmx.at,unknown,0.0,0.0,
me.com,unknown,0.0,0.0,
mailbox.org,0,0.0,0.0,
live.de,unknown,0.0,0.0,
online.de,unknown,0.0,0.0,
mail.de,0,0.0,0.0,
rwth-aachen.de,Germany,2.0,RWTH Aachen,
hu-berlin.de,Germany,2.0,HU Berlin,
stifterverband.de,unknown,1.0,0,
arcor.de,unknown,0.0,0.0,
uni-bonn.de,Germany,2.0,Universität Bonn,
uni-bielefeld.de,Germany,2.0,Universität Bielefeld,
student.uni-luebeck.de,Germany,2.0,Universität Lübeck,
stud.uni-hannover.de,Germany,2.0,Universität Hannover,
hdm-stuttgart.de,Germany,2.0,HdM Stuttgart,
campus.tu-berlin.de,Germany,2.0,TU Berlin,
stud.hs-heilbronn.de,Germany,2.0,Hochschule Heilbronn,
gmx.ch,unknown,0.0,0.0,
th-koeln.de,Germany,2.0,TH Köln,
bluewin.ch,unknown,0.0,0.0,
haw-hamburg.de,Germany,2.0,HAW Hamburg,
msstbarbara.stmk.schule,unknown,1.0,0,
tu-dortmund.de,Germany,2.0,TU Dortmund,
stud.hslu.ch,Switzerland,2.0,Hochschule Luzern,
dfki.de,unknown,1.0,0,
tum.de,Germany,2.0,TU München,
zhaw.ch,Switzerland,2.0,ZHAW - Zürcher Hochschule für Angewandte Wissenschaften,
email.de,0,0.0,0.0,
stud.hs-kempten.de,Germany,2.0,Hochschule Kempten,
uni-muenster.de,Germany,2.0,Universität Münster,
student.hu-berlin.de,Germany,2.0,HU Berlin,
stellantis.com,unknown,1.0,0,
tu-braunschweig.de,Germany,2.0,TU Braunschweig,
kit.edu,Germany,2.0,Karlsruher Institut für Technologie (KIT),
students.uni-mainz.de,Germany,2.0,Universität Mainz,
uni-bremen.de,Germany,2.0,Universität Bremen,
stud.uni-frankfurt.de,Germany,2.0,Universität Frankfurt,
uni-wuppertal.de,Germany,2.0,Universität Wuppertal,
uni-potsdam.de,Germany,2.0,Universität Potsdam,
tu-dresden.de,Germany,2.0,TU Dresden,
hs-rm.de,Germany,2.0,Hochschule RheinMain,
stud.hs-hannover.de,Germany,2.0,Hochschule Hannover,
yahoo.fr,unknown,0.0,0.0,
mail.uni-paderborn.de,Germany,2.0,Universität Paderborn,
uni-bamberg.de,Germany,2.0,Universität Bamberg,
hm.edu,Germany,2.0,Hochschule München,
edu.schulenbfi.at,unknown,1.0,0,
uni-koeln.de,Germany,2.0,Universität Köln,
hs-osnabrueck.de,Germany,2.0,Hochschule Osnabrück,
arbeitsagentur.de,unknown,1.0,0,
tu-berlin.de,Germany,2.0,TU Berlin,
hft-stuttgart.de,Germany,2.0,HfT Stuttgart,
uni-wh.de,Germany,2.0,Private Universität Witten/Herdecke,
mni.thm.de,Germany,2.0,Technische Hochschule Mittelhessen,
fh-burgenland.at,Austria,2.0,Fachhochschule Burgenland,
qq.com,unknown,0.0,0.0,
uni-konstanz.de,Germany,2.0,Universität Konstanz,
schule.saarland,unknown,1.0,0,
phwt.de,Germany,2.0,PHTW Vechta,
fh-muenster.de,Germany,2.0,Fachhochschule Münster,
europa-uni.de,Germany,2.0,Europa-Universität Viadrina,
bmfsfj.bund.de,unknown,1.0,0,
live.com,unknown,0.0,0.0,
red6-es.de,unknown,1.0,0,
stud.uni-stuttgart.de,Germany,2.0,Universität Stuttgart,
fu-berlin.de,Germany,2.0,FU Berlin,
holztechnikum.at,unknown,1.0,0,
ymail.com,unknown,0.0,0.0,
bht-berlin.de,Germany,2.0,Berliner Hochschule für Technik (BHT),
student.kit.edu,Germany,2.0,Karlsruher Institut für Technologie (KIT),
stud-mail.uni-wuerzburg.de,Germany,2.0,Universität Würzburg,
uwyo.edu,United States,2.0,University of Wyoming,
studium.fernuni-hagen.de,Germany,2.0,FernUniversität in Hagen,
studserv.uni-leipzig.de,Germany,2.0,Universität Leipzig,
uni-leipzig.de,Germany,2.0,Universität Leipzig,
uni-jena.de,Germany,2.0,Universität Jena,
student.hs-rm.de,Germany,2.0,Hochschule RheinMain,
student.medicalschool-hamburg.de,Germany,2.0,Medical School Hamburg,
student.dhbw-vs.de,Germany,2.0,DHBW,
hs-heilbronn.de,Germany,2.0,Hochschule Heilbronn,
hpi.de,unknown,1.0,0,
hs-koblenz.de,Germany,2.0,Hochschule Koblenz,
tu-darmstadt.de,Germany,2.0,TU Darmstadt,
studmail.hwg-lu.de,Germany,2.0,Hochschule für Wirtschaft und Gesellschaft Ludwigshafen,
dhbw-stuttgart.de,Germany,2.0,DHBW,
hs-niederrhein.de,Germany,2.0,Hochschule Niederrhein,
std.dhsh.de,Germany,2.0,Duale Hochschule Schleswig-Holstein,
gmx.com,unknown,0.0,0.0,
giz.de,unknown,1.0,0,
uni-ulm.de,Germany,2.0,Universität Ulm,
hsf.sachsen.de,Germany,2.0,Hochschule Meißen (FH) und Fortbildungszentrum,
stud.phzh.ch,Switzerland,2.0,PH Zürich - Pädagogische Hochschule Zürich,
ads.uni-passau.de,Germany,2.0,Universität Passau,
mailbox.tu-dresden.de,Germany,2.0,TU Dresden,
rptu.de,Germany,2.0,TU Kaiserslautern,
jade-hs.de,Germany,2.0,Hochschule Wilhelmshaven/Oldenburg/Elsfleth,
mercedes-benz.com,unknown,1.0,0,
uni-mainz.de,Germany,2.0,Universität Mainz,
uni-tuebingen.de,Germany,2.0,Universität Tübingen,
fhnw.ch,Switzerland,2.0,FHNW - Fachhochschule Nordwestschweiz,
be.ch,unknown,1.0,0,
rhrk.uni-kl.de,Germany,2.0,TU Kaiserslautern,
163.com,unknown,0.0,0.0,
aol.de,unknown,0.0,0.0,
stud.hn.de,unknown,1.0,0,
students.uni-freiburg.de,Germany,2.0,Universität Freiburg,
students.zhaw.ch,Switzerland,2.0,ZHAW - Zürcher Hochschule für Angewandte Wissenschaften,
uni-luebeck.de,Germany,2.0,Universität Lübeck,
th-brandenburg.de,Germany,2.0,TH Brandenburg,
thi.de,Germany,2.0,TH Ingolstadt in Ingolstadt,
hs-aalen.de,Germany,2.0,Hochschule Aalen,
ph-ludwigsburg.de,Germany,2.0,PH Ludwigsburg,
cbs-mail.de,0,0.0,0.0,
stud.uni-goettingen.de,Germany,2.0,Universität Göttingen,
smail.uni-koeln.de,Germany,2.0,Universität Köln,
w-hs.de,Germany,2.0,Westfälische Hochschule,
stud.uni-heidelberg.de,Germany,2.0,Universität Heidelberg,
uni-hamburg.de,Germany,2.0,Universität Hamburg,
junge-tueftler.de,unknown,1.0,0,
th-wildau.de,Germany,2.0,TH Wildau,
kubus-it.de,unknown,1.0,0,
hs-albsig.de,Germany,2.0,Hochschule Albstadt-Sigmaringen,
wbstraining.de,unknown,1.0,0,
uni-hohenheim.de,Germany,2.0,Universität Hohenheim,
hwr-berlin.de,Germany,2.0,HWR Berlin,
mail.schwarz,unknown,1.0,0,
aon.at,unknown,0.0,0.0,
hs-pforzheim.de,Germany,2.0,Hochschule Pforzheim,
th-nuernberg.de,Germany,2.0,TH Nürnberg Georg Simon Ohm,
b-tu.de,Germany,2.0,BTU Cottbus-Senftenberg,
stud.dhsh.de,Germany,2.0,Duale Hochschule Schleswig-Holstein,
deutschebahn.com,unknown,1.0,0,
netcologne.de,0,0.0,0.0,
duck.com,0,0.0,0.0,
hs-mainz.de,Germany,2.0,Hochschule Mainz,
h-brs.de,Germany,2.0,Hochschule Bonn-Rhein-Sieg,
pm.me,0,0.0,0.0,
hwg-lu.de,Germany,2.0,Hochschule für Wirtschaft und Gesellschaft Ludwigshafen,
h-ka.de,Germany,2.0,Hochschule Karlsruhe,
dhbw-karlsruhe.de,Germany,2.0,DHBW,
lmu.de,Germany,2.0,Universität München,
unternehmertum.de,Germany,1.0,0,
tuhh.de,Germany,2.0,TU Hamburg,
lehre.dhbw-stuttgart.de,Germany,2.0,DHBW,
tutanota.com,0,0.0,0.0,
hs-offenburg.de,Germany,2.0,Hochschule Offenburg,
univie.ac.at,Austria,2.0,Universität Vienna,
unibas.ch,Switzerland,2.0,University of Basel,
hs-hannover.de,Germany,2.0,Hochschule Hannover,
hs-furtwangen.de,Germany,2.0,Hochschule Furtwangen,
mail.ru,unknown,0.0,0.0,
fh-swf.de,Germany,2.0,FH Südwestfalen,
hs-ansbach.de,Germany,2.0,Hochschule Ansbach,
euro-fh.de,Germany,2.0,Euro-FH Hamburg,
uni-mannheim.de,Germany,2.0,Universität Mannheim,
edu-fab.at,unknown,1.0,0,
uni-wuerzburg.de,Germany,2.0,Universität Würzburg,
uni-greifswald.de,Germany,2.0,Universität Greifswald,
mac.com,unknown,0.0,0.0,
hshl.de,Germany,2.0,Hochschule Hamm-Lippstadt,
iu.org,unknown,1.0,0,
arri.de,unknown,1.0,0,
posteo.net,0,0.0,0.0,
hs-kempten.de,Germany,2.0,Hochschule Kempten,
hawk.de,Germany,2.0,Hochschule Hildesheim/Holzminden/Göttingen,
uni-weimar.de,Germany,2.0,Bauhaus Universität Weimar,
h2.de,Germany,2.0,Hochschule Magdeburg-Stendal,
oth-regensburg.de,Germany,2.0,OTH Regensburg,
fh-dortmund.de,Germany,2.0,FH Dortmund,
sap.com,unknown,1.0,0,
uni-marburg.de,Germany,2.0,Universität Marburg,
ph-heidelberg.de,Germany,2.0,PH Heidelberg,
neocosmo.de,unknown,1.0,0,
kiron.ngo,unknown,1.0,0,
hslu.ch,Switzerland,2.0,Hochschule Luzern,
campus.uni-paderborn.de,Germany,2.0,Universität Paderborn,
ewe.de,unknown,1.0,0,
ulb.hhu.de,Germany,2.0,HHU Düsseldorf,
tuev-nord.de,unknown,1.0,0,
stud.uni-duisburg-essen.de,Germany,2.0,Universität Duisburg-Essen,
ps-fuerstenberg.de,unknown,1.0,0,
uni-siegen.de,Germany,2.0,Universität Siegen,
ku.de,Germany,2.0,Universität Eichstätt-Ingolstadt,
ruhr-uni-bochum.de,Germany,2.0,Ruhr-Uni Bochum,
th-deg.de,Germany,2.0,TH Deggendorf,
kabelmail.de,0,0.0,0.0,
hg-epp.de,unknown,1.0,0,
informatik.uni-freiburg.de,Germany,2.0,Universität Freiburg,
fh-aachen.de,Germany,2.0,FH Aachen,
vdi.de,unknown,1.0,0,
unitybox.de,0,0.0,0.0,
uni-bayreuth.de,Germany,2.0,Universität Bayreuth,
hs-bremen.de,Germany,2.0,Hochschule Bremen,
uni-saarland.de,Germany,2.0,Universität des Saarlandes,
th-luebeck.de,Germany,2.0,TH Lübeck,
hochschule-stralsund.de,Germany,2.0,Hochschule Stralsund,
telekom.de,0,0.0,0.0,
cs.uni-freiburg.de,Germany,2.0,Universität Freiburg,
leuphana.de,Germany,2.0,Leuphana Universität Lüneburg,
unisg.ch,Switzerland,2.0,Universität St. Gallen (HSG),
init.de,unknown,1.0,0,
laek-bw.de,unknown,1.0,0,
med.uni-goettingen.de,Germany,2.0,Universität Göttingen,
ovgu.de,Germany,2.0,OVGU Magdeburg,
zedat.fu-berlin.de,Germany,2.0,FU Berlin,
infai.org,unknown,1.0,0,
dlr.de,unknown,1.0,0,
aau.at,unknown,1.0,0,
med.uni-duesseldorf.de,Germany,2.0,HHU Düsseldorf,
unibe.ch,Switzerland,2.0,Universität Bern,
eah-jena.de,Germany,2.0,Ernst-Abbe-Hochschule Jena,
stud.ph-freiburg.de,Germany,2.0,PH Freiburg,
mosbach.dhbw.de,Germany,2.0,DHBW,
uni-paderborn.de,Germany,2.0,Universität Paderborn,
outlook.at,unknown,0.0,0.0,
thyssenkrupp.com,unknown,1.0,0,
student.uni-tuebingen.de,Germany,2.0,Universität Tübingen,
studium.uni-hamburg.de,Germany,2.0,Universität Hamburg,
berlin.de,unknown,0.0,0.0,
dosb.de,unknown,1.0,0,
stud.fra-uas.de,unknown,1.0,0,
tf.uni-freiburg.de,Germany,2.0,Universität Freiburg,
dhbw.de,Germany,2.0,DHBW,
th-owl.de,Germany,2.0,TH Ostwestfalen-Lippe,
onlinehome.de,0,0.0,0.0,
em.uni-frankfurt.de,Germany,2.0,Universität Frankfurt,
mh-hannover.de,Germany,2.0,Medizinische Hochschule Hannover,
cas.dhbw.de,Germany,2.0,DHBW,
schule.bayern.de,unknown,1.0,0,
medicalschool-hamburg.de,Germany,2.0,Medical School Hamburg,
uv.hu-berlin.de,Germany,2.0,HU Berlin,
h-da.de,Germany,2.0,Hochschule Darmstadt,
med.uni-heidelberg.de,Germany,2.0,Universität Heidelberg,
hs-mannheim.de,Germany,2.0,Hochschule Mannheim,
mail.uni-kiel.de,Germany,2.0,Universität Kiel,
srh.de,unknown,1.0,0,
deichmann.com,unknown,1.0,0,
uni.lu,Luxembourg,2.0,University of Luxemburg,
ostfalia.de,Germany,2.0,Ostfalia Hochschule für angewandte Wissenschaften,
mein.gmx,0,0.0,0.0,
hs-duesseldorf.de,Germany,2.0,Hochschule Düsseldorf,
chello.at,0,0.0,0.0,
yahoo.co.uk,unknown,0.0,0.0,
studmail.w-hs.de,Germany,2.0,Westfälische Hochschule,
uni-passau.de,Germany,2.0,Universität Passau,
siemens-energy.com,unknown,1.0,0,
schulepoenitz.de,unknown,1.0,0,
psych.uni-frankfurt.de,Germany,2.0,Universität Frankfurt,
thieme.de,unknown,1.0,0,
hs-esslingen.de,Germany,2.0,Hochschule Esslingen,
student.uni-siegen.de,Germany,2.0,Universität Siegen,
cedis.fu-berlin.de,Germany,2.0,FU Berlin,
ub.uni-freiburg.de,Germany,2.0,Universität Freiburg,
suub.uni-bremen.de,Germany,2.0,Universität Bremen,
stadt-frankfurt.de,unknown,1.0,0,
phbern.ch,Switzerland,2.0,PHBern - University of Teacher Education Bern,
uni-goettingen.de,Germany,2.0,Universität Göttingen,
stud.th-deg.de,Germany,2.0,TH Deggendorf,
lk.brandenburg.de,unknown,1.0,0,
hfh.ch,Switzerland,2.0,HfH – University of Applied Sciences of Special Needs Education,
windowslive.com,unknown,0.0,0.0,
studierende.uni-flensburg.de,Germany,2.0,Universität Flensburg,
oth-aw.de,Germany,2.0,Ostbayerische Technische Hochschule Amberg-Weiden,
phzh.ch,Switzerland,2.0,PH Zürich - Pädagogische Hochschule Zürich,
medma.uni-heidelberg.de,Germany,2.0,Universität Heidelberg,
htwsaar.de,Germany,2.0,HTW Saar,
muenchen.de,unknown,1.0,0,
rocketmail.com,unknown,0.0,0.0,
mellerud.de,unknown,1.0,0,
vdivde-it.de,unknown,1.0,0,
unibw.de,Germany,2.0,Universität der Bundeswehr München,
ksb-sg.ch,unknown,1.0,0,
tu-ilmenau.de,Germany,2.0,TU Ilmenau,
hs-mittweida.de,Germany,2.0,Hochschule Mittweida,
stud.uni-saarland.de,Germany,2.0,Universität des Saarlandes,
mci.edu,Austria,2.0,MCI-Management Center Innsbruck,
hildegardis-bochum.de,unknown,1.0,0,
pt.lu,unknown,1.0,0,
verwaltung.uni-bonn.de,Germany,2.0,Universität Bonn,
uni-erfurt.de,Germany,2.0,Universität Erfurt,
fh-zwickau.de,Germany,2.0,Westsächsische Hochschule Zwickau (FH),
iserv-willms.de,unknown,1.0,0,
yandex.ru,unknown,0.0,0.0,
hswt.de,Germany,2.0,Hochschule Weihenstephan-Triesdorf,
f-bb.de,unknown,1.0,0,
hszg.de,Germany,2.0,Hochschule Zittau/Görlitz,
stat-up.com,unknown,1.0,0,
iais.fraunhofer.de,unknown,1.0,0,
goethe.de,unknown,1.0,0,
uni-osnabrueck.de,Germany,2.0,Universität Osnabrück,
dm.de,unknown,1.0,0,
fh-erfurt.de,Germany,2.0,FH Erfurt,
fh-kiel.de,Germany,2.0,FH Kiel,
msn.com,unknown,0.0,0.0,
hs-fresenius.de,Germany,2.0,Hochschule Fresenius,
ipa.fraunhofer.de,unknown,1.0,0,
ewetel.net,unknown,1.0,0,
kompetenzz.de,unknown,1.0,0,
uni-vechta.de,Germany,2.0,Hochschule Vechta,
hnu.de,Germany,2.0,Hochschule Neu-Ulm,
uzh.ch,Switzerland,2.0,Universität Zürich,
hispeed.ch,unknown,1.0,0,
e.mail.de,0,0.0,0.0,
mozmail.com,unknown,1.0,0,
mdr.de,unknown,1.0,0,
de.bosch.com,unknown,1.0,0,
ifw.uni-hannover.de,Germany,2.0,Universität Hannover,
tnt.uni-hannover.de,Germany,2.0,Universität Hannover,
hsu-hh.de,Germany,2.0,HSU Hamburg,
evh-bochum.de,Germany,2.0,Evangelische Hochschule Rheinland-Westfalen-Lippe,
uni-rostock.de,Germany,2.0,Universität Rostock,
nuernberger.de,unknown,1.0,0,
hs-worms.de,Germany,2.0,Hochschule Worms,
schule.bremen.de,unknown,1.0,0,
drv-bund.de,unknown,1.0,0,
uk-halle.de,unknown,1.0,0,
lakoev.brandenburg.de,unknown,1.0,0,
imis.uni-luebeck.de,Germany,2.0,Universität Lübeck,
fz-juelich.de,unknown,1.0,0,
sick.de,unknown,1.0,0,
mnet-mail.de,0,0.0,0.0,
hs-gesundheit.de,Germany,2.0,Hochschule für Gesundheit Bochum,
yahoo.it,unknown,0.0,0.0,
schulen.nuernberg.de,unknown,1.0,0,
kaufland.com,unknown,1.0,0,
edu.letteverein.berlin,unknown,1.0,0,
mach.de,unknown,1.0,0,
roche.com,unknown,1.0,0,
hotmail.ch,unknown,0.0,0.0,
uos.de,unknown,1.0,0,
uibk.ac.at,Austria,2.0,Universität Innsbruck,
uke.de,unknown,1.0,0,
stadtdo.de,unknown,1.0,0,
sunrise.ch,unknown,1.0,0,
uni-heidelberg.de,Germany,2.0,Universität Heidelberg,
fraport.de,unknown,1.0,0,
fom-net.de,unknown,1.0,0,
tln.bfw-hamburg.de,unknown,1.0,0,
th-rosenheim.de,Germany,2.0,TH Rosenheim,
rechnungshof.rlp.de,unknown,1.0,0,
hnee.de,Germany,2.0,HNE Eberswalde,
gmx-topmail.de,0,0.0,0.0,
deka.de,unknown,1.0,0,
phsg.ch,Switzerland,2.0,PHSG - Pädagogische Hochschule St.Gallen,
bfz.de,unknown,1.0,0,
uol.de,Germany,2.0,Universität Oldenburg,
kreisgg.de,unknown,1.0,0,
schueco.com,unknown,1.0,0,
uni-flensburg.de,Germany,2.0,Universität Flensburg,
appliedai-institute.de,unknown,1.0,0,
vodafone.de,unknown,1.0,0,
dekra.com,unknown,1.0,0,
medizin.uni-leipzig.de,Germany,2.0,Universität Leipzig,
bundeswehr.org,unknown,1.0,0,
protonmail.ch,0,0.0,0.0,
experimenta.science,unknown,1.0,0,
stud.hs-offenburg.de,Germany,2.0,Hochschule Offenburg,
ph-freiburg.de,Germany,2.0,PH Freiburg,
rz.uni-freiburg.de,Germany,2.0,Universität Freiburg,
hotmail.fr,unknown,0.0,0.0,
cornelsen.de,unknown,1.0,0,
student.fhvd-sh.de,Germany,2.0,FH für Verwaltung und Dienstleistung Altenholz,
buz.at,unknown,1.0,0,
kvno.de,unknown,1.0,0,
hs-merseburg.de,Germany,2.0,Hochschule Merseburg,
kabelbw.de,unknown,1.0,0,
pl.rlp.de,unknown,1.0,0,
yahoo.es,unknown,0.0,0.0,
lernlink.de,unknown,1.0,0,
dg-nexolution.de,unknown,1.0,0,
hamburg.de,unknown,1.0,0,
htwg-konstanz.de,Germany,2.0,HTWG Konstanz,
stud.ph-ludwigsburg.de,Germany,2.0,PH Ludwigsburg,
126.com,unknown,0.0,0.0,
education.lu,unknown,1.0,0,
dfg.de,unknown,1.0,0,
staff.uni-marburg.de,Germany,2.0,Universität Marburg,
adesso.de,unknown,1.0,0,
uksh.de,unknown,1.0,0,
polizei.rlp.de,unknown,1.0,0,
alumni.fh-aachen.de,Germany,2.0,FH Aachen,
linc.de,unknown,1.0,0,
stud.ku.de,Germany,2.0,Universität Eichstätt-Ingolstadt,
hs-coburg.de,Germany,2.0,Hochschule Coburg,
accenture.com,unknown,1.0,0,
students.hs-mainz.de,Germany,2.0,Hochschule Mainz,
dataport.de,unknown,1.0,0,
hs-flensburg.de,Germany,2.0,Hochschule Flensburg,
tsn.at,unknown,1.0,0,
wago.com,unknown,1.0,0,
pd-g.de,unknown,1.0,0,
softwareag.com,unknown,1.0,0,
enst.dz,unknown,1.0,0,
med.uni-jena.de,Germany,2.0,Universität Jena,
trash-mail.com,unknown,0.0,0.0,
vivantes.de,unknown,1.0,0,
verw.hs-fulda.de,Germany,2.0,Hochschule Fulda,
zqs.uni-hannover.de,Germany,2.0,Universität Hannover,
ewe.net,unknown,1.0,0,
gwdg.de,unknown,1.0,0,
hdba.de,Germany,2.0,Hochschule der Bundesagentur für Arbeit,
itzbund.de,unknown,1.0,0,
enbw.com,unknown,1.0,0,
htw-dresden.de,Germany,2.0,HTW Dresden,
imaginary.org,unknown,1.0,0,
fom.de,Germany,2.0,FOM Hochschule,
directbox.com,unknown,0.0,0.0,
bfh.ch,Switzerland,2.0,BFH - Bern University of Applied Sciences,
tutanota.de,0,0.0,0.0,
hsbund.de,Germany,2.0,Hochschule des Bundes für öffentliche Verwaltung,
med.uni-frankfurt.de,Germany,2.0,Universität Frankfurt,
zhv.rwth-aachen.de,Germany,2.0,RWTH Aachen,
hs-nordhausen.de,Germany,2.0,Hochschule Nordhausen,
wilo.com,unknown,1.0,0,
irights-lab.de,unknown,1.0,0,
eu.umicore.com,unknown,1.0,0,
dshs-koeln.de,Germany,2.0,Deutsche Sporthochschule Köln,
med.uni-tuebingen.de,Germany,2.0,Universität Tübingen,
bwhw.de,unknown,1.0,0,
thuenen.de,unknown,1.0,0,
gi.de,unknown,1.0,0,
snafu.de,unknown,1.0,0,
mdw.ac.at,Austria,2.0,Universität für Musik und darstellende Kunst Wien,
ph-weingarten.de,Germany,2.0,PH Weingarten,
gmsh.de,unknown,1.0,0,
htwk-leipzig.de,Germany,2.0,HTWK Leipzig,
ethz.ch,Switzerland,2.0,ETHZ - ETH Zurich,
bluemail.ch,unknown,0.0,0.0,
concepture.de,unknown,1.0,0,
iao.fraunhofer.de,unknown,1.0,0,
steeleurope.com,unknown,1.0,0,
stud.hs-fresenius.de,Germany,2.0,Hochschule Fresenius,
bildung.gv.at,unknown,1.0,0,
mx.uni-saarland.de,Germany,2.0,Universität des Saarlandes,
ukdd.de,unknown,1.0,0,
gmx.eu,0,0.0,0.0,
byom.de,unknown,0.0,0.0,
atruvia.de,unknown,1.0,0,
live.at,unknown,0.0,0.0,
hs-emden-leer.de,Germany,2.0,Hochschule Emden/Leer,
eye2eye.gmbh,unknown,1.0,0,
nibis.de,unknown,1.0,0,
rwu.de,Germany,2.0,Hochschule Ravensburg-Weingarten,
sva.de,unknown,1.0,0,
datev.de,unknown,1.0,0,
hs-anhalt.de,Germany,2.0,Hochschule Anhalt,
iu-study.org,unknown,1.0,0,
schueler.hhg-calw.de,unknown,1.0,0,
th-ab.de,Germany,2.0,TH Aschaffenburg,
study.thws.de,Germany,2.0,TH Würzburg-Schweinfurt,
bayer.com,unknown,1.0,0,
cgm.com,unknown,1.0,0,
ikarus-rhein-neckar.de,unknown,1.0,0,
ki-campus.org,unknown,1.0,0,
fs.de,unknown,1.0,0,
bvg.de,unknown,1.0,0,
tu-clausthal.de,Germany,2.0,TU Clausthal,
lvr.de,unknown,1.0,0,
admin.uni-giessen.de,Germany,2.0,Universität Gießen,
st.ovgu.de,Germany,2.0,OVGU Magdeburg,
ntg-connect.com,unknown,1.0,0,
competence.lu,unknown,1.0,0,
fb1.fra-uas.de,unknown,1.0,0,
sapera.com,unknown,1.0,0,
dguv.de,Germany,2.0,Hochschule der DGUV,
ulb.uni-bonn.de,Germany,2.0,Universität Bonn,
katho-nrw.de,Germany,2.0,Kath. Hochschule NRW,
audi.de,unknown,1.0,0,
wittenstein.de,unknown,1.0,0,
gmx.li,unknown,0.0,0.0,
libero.it,unknown,0.0,0.0,
bayernlab.bayern.de,unknown,1.0,0,
draeger.com,unknown,1.0,0,
iwu.fraunhofer.de,unknown,1.0,0,
fhv.at,Austria,2.0,Fachhochschule Vorarlberg,
zuerich.ch,unknown,1.0,0,
stiftung-sag.ch,unknown,1.0,0,
ieee.org,unknown,1.0,0,
passmail.net,unknown,1.0,0,
cbs.de,Germany,2.0,Cologne Business School,
informatik.hs-fulda.de,Germany,2.0,Hochschule Fulda,
sowi.uni-kl.de,Germany,2.0,TU Kaiserslautern,
bva.bund.de,unknown,1.0,0,
afriso.de,unknown,1.0,0,
st.ouc.ac.cy,Cyprus,2.0,Open University of Cyprus,
br.de,unknown,1.0,0,
koeln.de,unknown,1.0,0,
student.ism.de,Germany,2.0,International School of Management,
de.ebmpapst.com,unknown,1.0,0,
unileoben.ac.at,Austria,2.0,Montanuniversität Leoben,
diakonie-baden.de,unknown,1.0,0,
dhbw-loerrach.de,Germany,2.0,DHBW,
iubh-fernstudium.de,unknown,1.0,0,
neponet.de,unknown,1.0,0,
zf.com,unknown,1.0,0,
hs-kl.de,Germany,2.0,Hochschule Kaiserslautern,
dreso.com,unknown,1.0,0,
zv.fraunhofer.de,unknown,1.0,0,
tuta.io,unknown,1.0,0,
bridging-it.de,unknown,1.0,0,
hspv.nrw.de,Germany,2.0,Hochschule für Polizei und öffentliche Verwaltung NRW,
haufe-akademie.de,unknown,1.0,0,
akadgym.at,unknown,1.0,0,
ok.de,unknown,1.0,0,
schule.hessen.de,unknown,1.0,0,
wuerth-industrie.com,unknown,1.0,0,
dhbw-mannheim.de,Germany,2.0,DHBW,
wp.pl,unknown,0.0,0.0,
t-systems.com,unknown,1.0,0,
nordakademie.de,Germany,2.0,Nordakademie Hochschule der Wirtschaft,
mg-oberfranken.de,unknown,1.0,0,
ualberta.ca,Canada,2.0,University of Alberta,
outlook.fr,unknown,0.0,0.0,
uk-essen.de,unknown,1.0,0,
amu.uni-augsburg.de,Germany,2.0,Universität Augsburg,
stud.hs-bremen.de,Germany,2.0,Hochschule Bremen,
stimme-mediengruppe.de,unknown,1.0,0,
iese.fraunhofer.de,unknown,1.0,0,
iqsh.de,unknown,1.0,0,
fh-bielefeld.de,Germany,2.0,FH Bielefeld,
pwc.com,unknown,1.0,0,
duesseldorf.de,unknown,1.0,0,
haw-landshut.de,Germany,2.0,Hochschule Landshut,
tk.de,unknown,1.0,0,
thws.de,Germany,2.0,TH Würzburg-Schweinfurt,
physik.hu-berlin.de,Germany,2.0,HU Berlin,
koerber-stiftung.de,unknown,1.0,0,
uni-trier.de,Germany,2.0,Universität Trier,
zbw.eu,unknown,1.0,0,
volkswagen.de,unknown,1.0,0,
ctm-com.de,unknown,1.0,0,
datenschutz-nord.de,unknown,1.0,0,
orange.fr,unknown,0.0,0.0,
training.lug-ag.de,unknown,1.0,0,
hochschule-rhein-waal.de,Germany,2.0,Hochschule Rhein-Waal,
fn.de,unknown,1.0,0,
macromedia.de,unknown,1.0,0,
foxmail.com,unknown,0.0,0.0,
esg-bretten.de,unknown,1.0,0,
oks.de,unknown,1.0,0,
abv.bg,unknown,0.0,0.0,
ffhs.ch,Switzerland,2.0,FFHS - Fernfachhochschule Schweiz,
fh-westkueste.de,Germany,2.0,FH Westküste,
bbs-technik-koblenz.de,unknown,1.0,0,
huawei.com,unknown,1.0,0,
l3s.de,unknown,1.0,0,
bundestag.de,unknown,1.0,0,
thu.de,unknown,1.0,0,
ukr.net,unknown,0.0,0.0,
vr-payment.de,unknown,1.0,0,
bibb.de,unknown,1.0,0,
cjd.de,unknown,1.0,0,
donau-uni.ac.at,Austria,2.0,Donau-Universität Krems,
tuwien.ac.at,Austria,2.0,Technische Universität Wien,
stackfuel.com,unknown,1.0,0,
hs-ludwigsburg.de,Germany,2.0,Hochschule Ludwigsburg,
dzbank.de,unknown,1.0,0,
ecademy-learning.com,unknown,1.0,0,
uk-erlangen.de,unknown,1.0,0,
rh.aok.de,unknown,1.0,0,
hcu-hamburg.de,Germany,2.0,Hafencity Universität Hamburg,
g-d-c.eu,unknown,1.0,0,
fh-vie.ac.at,Austria,2.0,Fachhochschule für Bank- und Finanzwirtschaft,
pinktum.com,unknown,1.0,0,
sw.hs-fulda.de,Germany,2.0,Hochschule Fulda,
bmf.bund.de,unknown,1.0,0,
stmuk.bayern.de,unknown,1.0,0,
bmg.bund.de,unknown,1.0,0,
bbz-augsburg.de,unknown,1.0,0,
hochschule-trier.de,Germany,2.0,Hochschule Trier,
schule.duesseldorf.de,unknown,1.0,0,
kakao.com,unknown,1.0,0,
appliedai.de,unknown,1.0,0,
fh-joanneum.at,Austria,2.0,Fachhochschule JOANNEUM,
sbb.ch,unknown,1.0,0,
ipi.uni-hannover.de,Germany,2.0,Universität Hannover,
bfs.de,unknown,1.0,0,
zew.uni-hannover.de,Germany,2.0,Universität Hannover,
ztg-nrw.de,unknown,1.0,0,
gmx.info,0,0.0,0.0,
che.de,unknown,1.0,0,
stud.hwr-berlin.de,Germany,2.0,HWR Berlin,
bgw-online.de,0,0.0,0.0,
scieneers.de,unknown,1.0,0,
ou.nl,Netherlands,2.0,Open University of the Netherlands,
magna.com,unknown,1.0,0,
tugraz.at,Austria,2.0,Technische Universität Graz,
lra-fue.bayern.de,unknown,1.0,0,
hof-university.de,Germany,2.0,Hochschule Hof,
kks.kbs.schule,unknown,1.0,0,
sportjugend-bb.de,unknown,1.0,0,
academy.rwth-aachen.de,Germany,2.0,RWTH Aachen,
sbg.at,unknown,1.0,0,
kh-freiburg.de,Germany,2.0,Kath. Hochschule Freiburg,
yahoo.co.in,unknown,0.0,0.0,
studnet.hs-ludwigsburg.de,Germany,2.0,Hochschule Ludwigsburg,
iab.de,unknown,1.0,0,
asg-huerth.de,unknown,1.0,0,
wu.ac.at,unknown,1.0,0,
student.medicalschool-berlin.de,Germany,2.0,Medical School Berlin,
deutschepost.de,unknown,1.0,0,
tutamail.com,unknown,1.0,0,
siemens-stiftung.org,unknown,1.0,0,
filmuniversitaet.de,Germany,2.0,Filmuniversität Babelsberg,
bwv.de,unknown,1.0,0,
student.fh-kiel.de,Germany,2.0,FH Kiel,
study.hs-duesseldorf.de,Germany,2.0,Hochschule Düsseldorf,
uni.li,Liechtenstein,2.0,Universität Liechtenstein,
ki-verband.de,unknown,1.0,0,
ph-gmuend.de,Germany,2.0,PH Schwäbisch Gmünd,
yandex.com,unknown,0.0,0.0,
dlz-handwerk.de,unknown,1.0,0,
verdi.de,unknown,1.0,0,
phtg.ch,Switzerland,2.0,PHTG - Pädagogische Hochschule Thurgau,
flb-bonn.de,unknown,1.0,0,
im.nrw.de,unknown,1.0,0,
ifbe.uni-hannover.de,Germany,2.0,Universität Hannover,
intersport.de,unknown,1.0,0,
its-technidata.de,unknown,1.0,0,
polizei.berlin.de,unknown,1.0,0,
qua-lis.nrw.de,unknown,1.0,0,
fh-krems.ac.at,Austria,2.0,Fachhochschule Krems,
stuttgart.de,unknown,1.0,0,
mail.com,unknown,0.0,0.0,
fh-hagenberg.at,Austria,2.0,Fachhochschulstudiengänge Hagenberg,
zwh.de,unknown,1.0,0,
jobcenter-ge.de,unknown,1.0,0,
groz-beckert.com,unknown,1.0,0,
ludwig-fresenius.de,unknown,1.0,0,
cgi.com,unknown,1.0,0,
drf-luftrettung.de,unknown,1.0,0,
idn.uni-hannover.de,Germany,2.0,Universität Hannover,
nexgo.de,unknown,1.0,0,
bamf.bund.de,unknown,1.0,0,
daad.de,unknown,1.0,0,
ost.ch,unknown,1.0,0,
zv.uni-leipzig.de,Germany,2.0,Universität Leipzig,
rehm-group.com,unknown,1.0,0,
sgs.com,unknown,1.0,0,
asklepios.com,unknown,1.0,0,
sandoz.com,unknown,1.0,0,
schule.berlin.de,unknown,1.0,0,
zvw.uni-goettingen.de,Germany,2.0,Universität Göttingen,
hhu.de,Germany,2.0,HHU Düsseldorf,
fes.de,unknown,1.0,0,
rwa.at,unknown,1.0,0,
topcom-group.de,unknown,1.0,0,
ameos.de,unknown,1.0,0,
heilbronn.de,unknown,1.0,0,
htp-tel.de,unknown,1.0,0,
leipzig.de,unknown,1.0,0,
ph-karlsruhe.de,Germany,2.0,PH Karlsruhe,
strabag.com,unknown,1.0,0,
zfs.uni-freiburg.de,Germany,2.0,Universität Freiburg,
bmbf.bund.de,unknown,1.0,0,
mdh.digital,unknown,1.0,0,
cosmonautsandkings.com,unknown,1.0,0,
phil.hhu.de,Germany,2.0,HHU Düsseldorf,
hin.ch,unknown,1.0,0,
komm.one,unknown,1.0,0,
bmw.de,unknown,1.0,0,
vhb.org,unknown,1.0,0,
daa.de,unknown,1.0,0,
kreis-re.de,unknown,1.0,0,
burkert.com,unknown,1.0,0,
stmd.bayern.de,unknown,1.0,0,
abk-stuttgart.de,Germany,2.0,Akademie der Bildenden Künste Stuttgart,
ife.uni-stuttgart.de,Germany,2.0,Universität Stuttgart,
daimler.com,unknown,1.0,0,
hs-harz.de,Germany,2.0,Hochschule Harz,
elsevier.com,unknown,1.0,0,
mobile-university.de,Germany,2.0,SRH Fernhochschule,
mail.ch,unknown,1.0,0,
mentz.net,unknown,1.0,0,
swr.de,unknown,1.0,0,
neusta.de,unknown,1.0,0,
informatik.tu-chemnitz.de,Germany,2.0,TU Chemnitz,
alp.dillingen.de,unknown,1.0,0,
th-bingen.de,Germany,2.0,TH Bingen,
dei.uni-hannover.de,Germany,2.0,Universität Hannover,
bzno.de,unknown,1.0,0,
verwaltung.uni-marburg.de,Germany,2.0,Universität Marburg,
iued.uni-heidelberg.de,Germany,2.0,Universität Heidelberg,
ukw.de,unknown,1.0,0,
tk-steel.com,unknown,1.0,0,
thyssenkrupp-automotive.com,unknown,1.0,0,
gfz-potsdam.de,unknown,1.0,0,
zeppelin.com,unknown,1.0,0,
ksh-m.de,unknown,1.0,0,
rhein-kreis-neuss.de,unknown,1.0,0,
naver.com,unknown,0.0,0.0,
tbs-nrw.de,unknown,1.0,0,
bbw.de,unknown,1.0,0,
imail.de,0,0.0,0.0,
rediffmail.com,unknown,0.0,0.0,
schule-sh.de,unknown,1.0,0,
unet.univie.ac.at,Austria,2.0,Universität Vienna,
o2mail.de,0,0.0,0.0,
iff.uni-stuttgart.de,Germany,2.0,Universität Stuttgart,
recanorm.de,unknown,1.0,0,
posteo.eu,0,0.0,0.0,
zv.tum.de,Germany,2.0,TU München,
stuttgart.ihk.de,unknown,1.0,0,
biwe.de,unknown,1.0,0,
schulflix.com,unknown,1.0,0,
sd.uni-frankfurt.de,Germany,2.0,Universität Frankfurt,
vui.agency,unknown,1.0,0,
dxc.com,unknown,1.0,0,
erziehung.uni-giessen.de,Germany,2.0,Universität Gießen,
med.uni-greifswald.de,Germany,2.0,Universität Greifswald,
jrs.de,unknown,1.0,0,
whu.edu,Germany,2.0,WHU – Otto Beisheim School of Management,
students.uni-marburg.de,Germany,2.0,Universität Marburg,
edu.schulen-baar.ch,unknown,1.0,0,
accente.de,unknown,1.0,0,
deloitte.de,unknown,1.0,0,
ukmuenster.de,unknown,1.0,0,
basf.com,unknown,1.0,0,
student.dhbw-karlsruhe.de,Germany,2.0,DHBW,
oszimt.de,unknown,1.0,0,
kas.schule.koeln,unknown,1.0,0,
kfw.de,unknown,1.0,0,
slmail.me,unknown,1.0,0,
reply.de,unknown,1.0,0,
temp.mailbox.org,0,0.0,0.0,
mars.uni-freiburg.de,Germany,2.0,Universität Freiburg,
ub.uni-frankfurt.de,Germany,2.0,Universität Frankfurt,
fkie.fraunhofer.de,unknown,1.0,0,
bildungscampus-berlin.de,unknown,1.0,0,
tdk.com,unknown,1.0,0,
ong.berlin,unknown,1.0,0,
sgd.de,unknown,1.0,0,
cls.rwth-aachen.de,Germany,2.0,RWTH Aachen,
egn-noh.de,unknown,1.0,0,
z-u-g.org,unknown,1.0,0,
zmml.uni-bremen.de,Germany,2.0,Universität Bremen,
senjustva.berlin.de,unknown,1.0,0,
student.reutlingen-university.de,Germany,2.0,Hochschule Reutlingen,
netapp.com,unknown,1.0,0,
hrz.uni-giessen.de,Germany,2.0,Universität Gießen,
omeie.com,unknown,1.0,0,
usmba.ac.ma,Morocco,2.0,Université Sidi Mohammed Ben Abdellah,
bundesbank.de,unknown,1.0,0,
sluz.ch,unknown,1.0,0,
mb.tu-chemnitz.de,Germany,2.0,TU Chemnitz,
hotmail.es,unknown,0.0,0.0,
hfu.eu,unknown,1.0,0,
kosmos.de,unknown,1.0,0,
evhn.de,Germany,2.0,Evang. Hochschule Nürnberg,
outlook.it,unknown,0.0,0.0,
eco.de,unknown,1.0,0,
rtl.de,unknown,1.0,0,
sgb.lernsax.de,unknown,1.0,0,
barmer.de,unknown,1.0,0,
plus.ac.at,unknown,1.0,0,
usp.br,Brazil,2.0,Universidade de São Paulo,
tertia.de,unknown,1.0,0,
unity-mail.de,0,0.0,0.0,
proventa.de,unknown,1.0,0,
jumi.landsh.de,unknown,1.0,0,
hfm-weimar.de,Germany,2.0,HfM Weimar,
gast.de,unknown,1.0,0,
peppermint.biz,unknown,1.0,0,
bfw.de,unknown,1.0,0,
udk-berlin.de,Germany,2.0,Universität der Künste Berlin,
flg-online.de,0,0.0,0.0,
bih-charite.de,Germany,2.0,Charité - Universitätsmedizin Berlin,
ub.uni-stuttgart.de,Germany,2.0,Universität Stuttgart,
isb.bayern.de,unknown,1.0,0,
popakademie.de,Germany,2.0,Popakademie Baden-Württemberg,
voquz.com,unknown,1.0,0,
ottobock.com,unknown,1.0,0,
dhbw-vs.de,Germany,2.0,DHBW,
arbeitgeber.de,unknown,1.0,0,
itkombinat.com,unknown,1.0,0,
gylangen.de,unknown,1.0,0,
ub.uni-kiel.de,Germany,2.0,Universität Kiel,
zlb.de,unknown,1.0,0,
cyberscouts.it,unknown,1.0,0,
diconium.com,unknown,1.0,0,
aekwl.de,unknown,1.0,0,
zfl.uni-giessen.de,Germany,2.0,Universität Gießen,
verw.thm.de,Germany,2.0,Technische Hochschule Mittelhessen,
verw.uni-koeln.de,Germany,2.0,Universität Köln,
polizei.bwl.de,unknown,1.0,0,
pacemaker-initiative.de,unknown,1.0,0,
digital-agentur.de,unknown,1.0,0,
pfizer.com,unknown,1.0,0,
schatte.de,unknown,1.0,0,
sbs-freiburg.de,unknown,1.0,0,
dgov.be,unknown,1.0,0,
zekoll.thm.de,Germany,2.0,Technische Hochschule Mittelhessen,
salzburg.gv.at,unknown,1.0,0,
hoerbiger.com,unknown,1.0,0,
involas.com,unknown,1.0,0,
avm.de,unknown,1.0,0,
ut.ee,Estonia,2.0,University of Tartu,
diehl.com,unknown,1.0,0,
kba.de,unknown,1.0,0,
stmwk.bayern.de,unknown,1.0,0,
twt.de,unknown,1.0,0,
miele.com,unknown,1.0,0,
medicalschool-berlin.de,Germany,2.0,Medical School Berlin,
lmz-bw.de,unknown,1.0,0,
posteo.at,0,0.0,0.0,
bmi.bund.de,unknown,1.0,0,
paedagogik.uni-regensburg.de,Germany,2.0,Universität Regensburg,
pos-sg.com,unknown,1.0,0,
ash-berlin.eu,Germany,2.0,Alice Salomon Hochschule,
die-bonn.de,unknown,1.0,0,
laposte.net,unknown,0.0,0.0,
fst.com,unknown,1.0,0,
civitalis.eu,unknown,1.0,0,
siemens-healthineers.com,unknown,1.0,0,
vodafonemail.de,0,0.0,0.0,
nezid.com,unknown,1.0,0,
dfb.de,unknown,1.0,0,
student.uni.lu,Luxembourg,2.0,University of Luxemburg,
ewf.de,unknown,1.0,0,
ntu.edu.tw,"Taiwan, Province of China",2.0,National Taiwan University,
guest.hpi.de,unknown,1.0,0,
ism.de,Germany,2.0,International School of Management,
fb2.fra-uas.de,unknown,1.0,0,
stud.hszg.de,Germany,2.0,Hochschule Zittau/Görlitz,
stud.uni-greifswald.de,Germany,2.0,Universität Greifswald,
inp-greifswald.de,unknown,1.0,0,
tiho-hannover.de,Germany,2.0,Tierärztliche Hochschule Hannover,
kolpingbildung.de,unknown,1.0,0,
oncampus.de,unknown,1.0,0,
stud.hs-emden-leer.de,Germany,2.0,Hochschule Emden/Leer,
kos-qualitaet.de,unknown,1.0,0,
porsche-werkzeugbau.com,unknown,1.0,0,
uni-speyer.de,Germany,2.0,Deutsche Universität für Verwaltungswissenschaften Speyer,
drk.de,unknown,1.0,0,
fah.nrw.de,unknown,1.0,0,
bnw.de,unknown,1.0,0,
bbs-meppen.de,unknown,1.0,0,
stadt-pfaffenhofen.de,unknown,1.0,0,
team-con.de,unknown,1.0,0,
gmsn.info,0,0.0,0.0,
blanc-fischer.com,unknown,1.0,0,
simplelogin.com,unknown,1.0,0,
zeit.de,unknown,1.0,0,
zbmed.de,unknown,1.0,0,
lahn-dill-kreis.de,unknown,1.0,0,
regensburg.de,unknown,1.0,0,
manpowergroup.de,unknown,1.0,0,
lme.berlin-brandenburg.de,unknown,1.0,0,
itc-logistic.com,unknown,1.0,0,
go4more.de,unknown,1.0,0,
autostadt.de,unknown,1.0,0,
bws.ac.at,unknown,1.0,0,
harting.com,unknown,1.0,0,
semgym.hn.schule-bw.de,unknown,1.0,0,
bshg.com,unknown,1.0,0,
seznam.cz,unknown,0.0,0.0,
fokus.fraunhofer.de,unknown,1.0,0,
mwk.bwl.de,unknown,1.0,0,
holtzbrinck.com,unknown,1.0,0,
rhenus.com,unknown,1.0,0,
hlrs.de,unknown,1.0,0,
capita-europe.com,unknown,1.0,0,
wb.dihk.de,unknown,1.0,0,
hisolutions.com,unknown,1.0,0,
rektorat.uni-stuttgart.de,Germany,2.0,Universität Stuttgart,
live.cn,unknown,0.0,0.0,
inohm.com,unknown,1.0,0,
fwu.de,unknown,1.0,0,
stud.hs-flensburg.de,Germany,2.0,Hochschule Flensburg,
st.oth-regensburg.de,Germany,2.0,OTH Regensburg,
bsw-mail.de,0,0.0,0.0,
dzhw.eu,unknown,1.0,0,
soprasteria.com,unknown,1.0,0,
f-i-ts.de,unknown,1.0,0,
gefahrstoff.com,unknown,1.0,0,
eufh-mail.de,0,0.0,0.0,
wwu.de,unknown,1.0,0,
erzbistum-paderborn.de,unknown,1.0,0,
stadt-duisburg.de,unknown,1.0,0,
s-hochschule.de,Germany,2.0,HFM Bonn,
uv.uni-kiel.de,Germany,2.0,Universität Kiel,
bcw-gruppe.de,unknown,1.0,0,
juridacta.de,unknown,1.0,0,
donner-partner.eu,unknown,1.0,0,
esslingen.de,unknown,1.0,0,
dicebridge.com,unknown,1.0,0,
vdma.org,unknown,1.0,0,
hanser.de,unknown,1.0,0,
dhsh.de,Germany,2.0,Duale Hochschule Schleswig-Holstein,
swisscom.com,unknown,1.0,0,
rackow-frankfurt.de,unknown,1.0,0,
aidopt.eu,unknown,1.0,0,
vhs-heilbronn.de,Germany,2.0,Hochschule Heilbronn,
saturn.uni-freiburg.de,Germany,2.0,Universität Freiburg,
doz.hwr-berlin.de,Germany,2.0,HWR Berlin,
iwm-tuebingen.de,unknown,1.0,0,
fibs.eu,unknown,1.0,0,
id-berlin.de,unknown,1.0,0,
bbw-suedhessen.de,unknown,1.0,0,
lrasbk.de,unknown,1.0,0,
zi-mannheim.de,unknown,1.0,0,
spl-tele.com,unknown,1.0,0,
de.kaercher.com,unknown,1.0,0,
vdm-beratung.de,unknown,1.0,0,
frolleinflow.com,unknown,1.0,0,
lspb.de,unknown,1.0,0,
gesundheit-akademie.de,unknown,1.0,0,
sankt-josefshaus.de,unknown,1.0,0,
amdnet.de,unknown,1.0,0,
lebenshilfe-worms.de,unknown,1.0,0,
wiso.uni-koeln.de,Germany,2.0,Universität Köln,
justiz.hamburg.de,unknown,1.0,0,
bluebib.de,unknown,1.0,0,
ifu.rwth-aachen.de,Germany,2.0,RWTH Aachen,
autobahn.de,unknown,1.0,0,
innoport-reutlingen.de,unknown,1.0,0,
liwest.at,unknown,1.0,0,
bbs-wechloy.de,unknown,1.0,0,
bildung.bremen.de,unknown,1.0,0,
brz.gv.at,unknown,1.0,0,
tanner.de,unknown,1.0,0,
faw.de,unknown,1.0,0,
vcrp.de,unknown,1.0,0,
slz.uni-bonn.de,Germany,2.0,Universität Bonn,
grone.de,unknown,1.0,0,
rug.nl,Netherlands,2.0,University of Groningen,
csg-tuebingen.de,unknown,1.0,0,
mtu.de,unknown,1.0,0,
kkg.muenchen.musin.de,unknown,1.0,0,
aim.com,unknown,0.0,0.0,
destatis.de,unknown,1.0,0,
mkk.de,unknown,1.0,0,
vit-bund.de,unknown,1.0,0,
phlu.ch,Switzerland,2.0,PHLU - University of Teacher Education Lucerne,
stw.de,unknown,1.0,0,
technikum-wien.at,Austria,2.0,Technikum Wien,
nortal.com,unknown,1.0,0,
mvv.de,unknown,1.0,0,
list.ru,unknown,0.0,0.0,
bad-gmbh.de,unknown,1.0,0,
dkfz-heidelberg.de,unknown,1.0,0,
compusafe.de,unknown,1.0,0,
joblinge.de,unknown,1.0,0,
iap.fraunhofer.de,unknown,1.0,0,
kg.berlin.de,unknown,1.0,0,
ssb-ag.de,unknown,1.0,0,
vlb-berlin.org,unknown,1.0,0,
tau-berlin.de,unknown,1.0,0,
gruenbeck.de,unknown,1.0,0,
wtnet.de,unknown,1.0,0,
mailfence.com,unknown,1.0,0,
quickline.ch,unknown,1.0,0,
uk-koeln.de,unknown,1.0,0,
fwm.scherdel.de,unknown,1.0,0,
sopra-ft.com,unknown,1.0,0,
ldbv.bayern.de,unknown,1.0,0,
inccas.de,unknown,1.0,0,
eduhi.at,unknown,1.0,0,
schule.thueringen.de,unknown,1.0,0,
blfd.bayern.de,unknown,1.0,0,
vtxmail.ch,unknown,1.0,0,
schule.wien.gv.at,unknown,1.0,0,
bizlinktech.com,unknown,1.0,0,
ktr.com,unknown,1.0,0,
te.com,unknown,1.0,0,
dvgw.de,unknown,1.0,0,
schule.suedtirol.it,unknown,1.0,0,
hfwu.de,Germany,2.0,Hochschule Nürtingen-Geislingen,
ifi.lmu.de,Germany,2.0,Universität München,
rewe-group.com,unknown,1.0,0,
hwk-stuttgart.de,unknown,1.0,0,
online.ms,unknown,0.0,0.0,
innen.hessen.de,unknown,1.0,0,
the-klu.org,Germany,2.0,KLU Kühne Logistics University,
klax-online.de,0,0.0,0.0,
hs-bremerhaven.de,Germany,2.0,Hochschule Bremerhaven,
dell.com,unknown,1.0,0,
wuerth-it.com,unknown,1.0,0,
leibniz-ipn.de,unknown,1.0,0,
factory42.com,unknown,1.0,0,
plus.aok.de,unknown,1.0,0,
fliedner-fachhochschule.de,Germany,2.0,Fliedner Fachhochschule,
dhl.com,unknown,1.0,0,
hr.de,unknown,1.0,0,
mail.uni-mannheim.de,Germany,2.0,Universität Mannheim,
stud.leuphana.de,Germany,2.0,Leuphana Universität Lüneburg,
ibp.fraunhofer.de,unknown,1.0,0,
life-online.de,0,0.0,0.0,
auva.at,unknown,1.0,0,
porsche.de,unknown,1.0,0,
tha.de,unknown,1.0,0,
thyssenkrupp-springs-stabilizers.com,unknown,1.0,0,
iqsh.landsh.de,unknown,1.0,0,
que-nuernberg.de,unknown,1.0,0,
medatixx.de,unknown,1.0,0,
businessschool-berlin.de,Germany,2.0,BSP Business and Law School,
best.fra-uas.de,unknown,1.0,0,
fba.bund.de,unknown,1.0,0,
lbbw.de,unknown,1.0,0,
potthoff-ingenieure.de,unknown,1.0,0,
abz-austria.at,unknown,1.0,0,
zeit-stiftung.de,unknown,1.0,0,
vl-rs.com,unknown,1.0,0,
hotmail.it,unknown,0.0,0.0,
geo.hu-berlin.de,Germany,2.0,HU Berlin,
kunzz.de,unknown,1.0,0,
bfw-koeln.de,unknown,1.0,0,
fhvd-sh.de,Germany,2.0,FH für Verwaltung und Dienstleistung Altenholz,
vw.uni-bremen.de,Germany,2.0,Universität Bremen,
soluzione.de,unknown,1.0,0,
dlh.zh.ch,unknown,1.0,0,
techquartier.com,unknown,1.0,0,
dhge.de,Germany,2.0,Duale Hochschule Gera-Eisenach,
stud.uni-regensburg.de,Germany,2.0,Universität Regensburg,
erstegroup.com,unknown,1.0,0,
edu.accadis.com,Germany,2.0,accadis Hochschule,
transnetbw.de,unknown,1.0,0,
funkwerk.com,unknown,1.0,0,
jfg-augsburg.de,unknown,1.0,0,
paedagogik.uni-kiel.de,Germany,2.0,Universität Kiel,
treuenfels.com,unknown,1.0,0,
ita.rwth-aachen.de,Germany,2.0,RWTH Aachen,
letteverein.berlin,unknown,1.0,0,
eoopy.com,unknown,1.0,0,
lfk.de,unknown,1.0,0,
bwi.de,unknown,1.0,0,
metafinanz.de,unknown,1.0,0,
heidelberg.com,unknown,1.0,0,
zslsz.com,unknown,1.0,0,
brd.nrw.de,unknown,1.0,0,
provinzial.de,unknown,1.0,0,
polizei.bayern.de,unknown,1.0,0,
hgv.hamburg.de,unknown,1.0,0,
landkreis-passau.de,unknown,1.0,0,
tuev-verband.de,unknown,1.0,0,
o2online.de,0,0.0,0.0,
polizei.landsh.de,unknown,1.0,0,
forum-institut.de,unknown,1.0,0,
vkb.de,unknown,1.0,0,
pilot.de,unknown,1.0,0,
stud.fh-dortmund.de,Germany,2.0,FH Dortmund,
fhdw.de,Germany,2.0,FH der Wirtschaft Paderborn,
wuh-group.com,unknown,1.0,0,
existiert.net,unknown,1.0,0,
zhbluzern.ch,unknown,1.0,0,
liquidmoon.de,unknown,1.0,0,
hessen-agentur.de,unknown,1.0,0,
brh.bund.de,unknown,1.0,0,
ktu.lt,Lithuania,2.0,Kaunas University of Technology,
hays.de,unknown,1.0,0,
festo.com,unknown,1.0,0,
mmb-institut.de,unknown,1.0,0,
hfmt-koeln.de,Germany,2.0,Hochschule für Musik und Tanz Köln,
herweck.de,unknown,1.0,0,
chg-meridian.com,unknown,1.0,0,
yahoo.com.br,unknown,0.0,0.0,
sennheiser.com,unknown,1.0,0,
inb.uni-luebeck.de,Germany,2.0,Universität Lübeck,
vdz-online.de,0,0.0,0.0,
hydac.com,unknown,1.0,0,
aewb-nds.de,unknown,1.0,0,
brecht-schule.hamburg,unknown,1.0,0,
wlsb.de,unknown,1.0,0,
tuvsud.com,unknown,1.0,0,
riehl-kolleg.de,unknown,1.0,0,
schaeffler.com,unknown,1.0,0,
gag-koeln.de,unknown,1.0,0,
din.de,unknown,1.0,0,
stadt-koeln.de,unknown,1.0,0,
suedwestmetall.de,unknown,1.0,0,
uundz.de,unknown,1.0,0,
sfu.ac.at,unknown,1.0,0,
microsoft.com,unknown,1.0,0,
kermi.de,unknown,1.0,0,
arbeitsschutz.uk-nord.de,unknown,1.0,0,
sdw.org,unknown,1.0,0,
nuernbergmesse.de,unknown,1.0,0,
lgl.bayern.de,unknown,1.0,0,
klu.org,unknown,1.0,0,
exact.rwth-aachen.de,Germany,2.0,RWTH Aachen,
outlook.de,unknown,0.0,0.0,
yeebase.com,unknown,1.0,0,
targobank.de,unknown,1.0,0,
lig.hamburg.de,unknown,1.0,0,
peri.com,unknown,1.0,0,
llz.uni-halle.de,Germany,2.0,Universität Halle,
scope.fra-uas.de,unknown,1.0,0,
msg.group,unknown,1.0,0,
informatik.hu-berlin.de,Germany,2.0,HU Berlin,
smitfob.de,unknown,1.0,0,
gv.mpg.de,unknown,1.0,0,
inria.fr,unknown,1.0,0,
gmx.org,0,0.0,0.0,
pawlik.de,unknown,1.0,0,
baua.bund.de,unknown,1.0,0,
kreis-nea.de,unknown,1.0,0,
drewsen.com,unknown,1.0,0,
persolog.com,unknown,1.0,0,
br.nrw.de,unknown,1.0,0,
evonik.com,unknown,1.0,0,
uq.edu.au,Australia,2.0,University of Queensland,
bghm.de,unknown,1.0,0,
ingka.ikea.com,unknown,1.0,0,
nw.aok.de,unknown,1.0,0,
drv-oldenburg-bremen.de,unknown,1.0,0,
fb.hamburg.de,unknown,1.0,0,
ik.me,unknown,1.0,0,
4teil.net,unknown,1.0,0,
sitec-technology.de,unknown,1.0,0,
pvs-europe.com,unknown,1.0,0,
blb.nrw.de,unknown,1.0,0,
eomuc.de,unknown,1.0,0,
cscp.org,unknown,1.0,0,
bmas.bund.de,unknown,1.0,0,
deutschhaus.de,unknown,1.0,0,
student.tu-freiberg.de,Germany,2.0,TU Bergakademie Freiberg,
bearingpoint.com,unknown,1.0,0,
deutsches-museum.de,unknown,1.0,0,
dbs.uni-hannover.de,Germany,2.0,Universität Hannover,
hartje.de,unknown,1.0,0,
lpm.saarland.de,unknown,1.0,0,
ikt-ost.de,unknown,1.0,0,
ing.de,unknown,1.0,0,
jung.de,unknown,1.0,0,
ub.hu-berlin.de,Germany,2.0,HU Berlin,
wm.bwl.de,unknown,1.0,0,
zfsl-neuss.nrw.schule,unknown,1.0,0,
dkb-service.de,unknown,1.0,0,
weststadt-akademie.de,unknown,1.0,0,
rewe-dortmund.de,unknown,1.0,0,
schule.at,unknown,1.0,0,
bfw-oberhausen.de,unknown,1.0,0,
ulm.ihk.de,unknown,1.0,0,
senatskanzlei.berlin.de,unknown,1.0,0,
galaniprojects.com,unknown,1.0,0,
kzvbw.de,unknown,1.0,0,
kbw-gruppe.de,unknown,1.0,0,
hoevelrat.de,unknown,1.0,0,
public.consulting,unknown,1.0,0,
ki-macht-schule.de,unknown,1.0,0,
beuth.de,unknown,1.0,0,
yahoo.gr,unknown,0.0,0.0,
kurpfalz-internat.de,unknown,1.0,0,
koch-aplsystems.de,unknown,1.0,0,
ohmoor.de,unknown,1.0,0,
teachfirst.de,unknown,1.0,0,
student.health-and-medical-university.de,Germany,2.0,HMU Health and Medical University Potsdam,
bdr.de,unknown,1.0,0,
nordost.aok.de,unknown,1.0,0,
sielaff.de,unknown,1.0,0,
rea-hip.de,unknown,1.0,0,
unipv.it,Italy,2.0,University of Pavia,
leaders-academy.com,unknown,1.0,0,
keller-lufttechnik.de,unknown,1.0,0,
viessmann.com,unknown,1.0,0,
ifok.de,unknown,1.0,0,
heilbronn-franken.com,unknown,1.0,0,
drv-bsh.de,unknown,1.0,0,
opc-gruppe.de,unknown,1.0,0,
n-21.de,unknown,1.0,0,
dkms.de,unknown,1.0,0,
dresden.de,unknown,1.0,0,
eberspaecher.com,unknown,1.0,0,
ihr-institut.de,unknown,1.0,0,
cq-bildung.de,unknown,1.0,0,
cp-bap.de,unknown,1.0,0,
empirica.com,unknown,1.0,0,
m-r-n.com,unknown,1.0,0,
gymnasium-schkeuditz.de,unknown,1.0,0,
hrk.de,unknown,1.0,0,
it4ipm.de,unknown,1.0,0,
julius-kuehn.de,unknown,1.0,0,
sw-i.de,unknown,1.0,0,
ai.hamburg,unknown,1.0,0,
leyton.com,unknown,1.0,0,
stadt.nuernberg.de,unknown,1.0,0,
lfsm.de,unknown,1.0,0,
pfh.de,Germany,2.0,PFH - Private Hochschule Göttingen,
haus-der-kleinen-forscher.de,unknown,1.0,0,
eh-berlin.de,Germany,2.0,Evangelische Hochschule Berlin,
lih.rwth-aachen.de,Germany,2.0,RWTH Aachen,
luce-stiftung.de,unknown,1.0,0,
sbb-hamburg.de,unknown,1.0,0,
gymbw.lernsax.de,unknown,1.0,0,
ias.tu-darmstadt.de,Germany,2.0,TU Darmstadt,
hanse-institut-ol.de,unknown,1.0,0,
htai.de,unknown,1.0,0,
wiwi.uni-muenster.de,Germany,2.0,Universität Münster,
hessian.ai,unknown,1.0,0,
fsp2-altona.de,unknown,1.0,0,
swd-ag.de,unknown,1.0,0,
mwfk.brandenburg.de,unknown,1.0,0,
controlware.de,unknown,1.0,0,
manos-dresden.lernsax.de,unknown,1.0,0,
politik.uni-halle.de,Germany,2.0,Universität Halle,
bsz-hechingen.de,unknown,1.0,0,
eurobaustoff.de,unknown,1.0,0,
kvhh.de,unknown,1.0,0,
bwt.uni-stuttgart.de,Germany,2.0,Universität Stuttgart,
sdbb.ch,unknown,1.0,0,
ksb.com,unknown,1.0,0,
muc-summit.com,unknown,1.0,0,
carl-theodor-schule.de,unknown,1.0,0,
fim-rc.de,unknown,1.0,0,
aldegrever-gymnasium.eu,unknown,1.0,0,
deutsch-im-job.de,unknown,1.0,0,
ib.de,unknown,1.0,0,
tae.de,unknown,1.0,0,
imbus.de,unknown,1.0,0,
hhl.de,Germany,2.0,HHL Leipzig Graduate School of Management,
bf.uzh.ch,Switzerland,2.0,Universität Zürich,
zurich.com,unknown,1.0,0,
op.pl,unknown,0.0,0.0,
buerokommunikation.fernuni-hagen.de,Germany,2.0,FernUniversität in Hagen,
fagus-grecon.com,unknown,1.0,0,
ukr.de,unknown,1.0,0,
ewe-netz.de,unknown,1.0,0,
schulenbfi.at,unknown,1.0,0,
itc.drk.de,unknown,1.0,0,
zweitag.de,unknown,1.0,0,
stadt-oldenburg.de,unknown,1.0,0,
bossmail.de,0,0.0,0.0,
forum-berufsbildung.de,unknown,1.0,0,
health-ai.de,unknown,1.0,0,
german-uds.de,unknown,1.0,0,
yahoo.co.id,unknown,0.0,0.0,
zeiban.de,unknown,1.0,0,
bkwitten.net,unknown,1.0,0,
medizin.uni-halle.de,Germany,2.0,Universität Halle,
mlp.de,unknown,1.0,0,
esfl.de,unknown,1.0,0,
broichcatering.com,unknown,1.0,0,
bfw-leipzig.de,unknown,1.0,0,
startmail.com,unknown,1.0,0,
nsi-hsvn.de,Germany,2.0,Kommunale Hochschule für Verwaltung in Niedersachsen,
bwh-sh.de,unknown,1.0,0,
student.hpi.uni-potsdam.de,Germany,2.0,Universität Potsdam,
uranus.uni-freiburg.de,Germany,2.0,Universität Freiburg,
gmx.biz,0,0.0,0.0,
fhr.nrw.de,Germany,2.0,FH für Rechtspflege NRW,
ads.bund.de,unknown,1.0,0,
medienberatung.nrw.de,unknown,1.0,0,
hhi.fraunhofer.de,unknown,1.0,0,
swro.de,unknown,1.0,0,
hdwm.org,unknown,1.0,0,
bildung.hessen.de,unknown,1.0,0,
papierkorb.me,unknown,1.0,0,
bbw-leipzig.de,unknown,1.0,0,
curentis.com,unknown,1.0,0,
nosta.de,unknown,1.0,0,
rpks.hessen.de,unknown,1.0,0,
cs.tu-dortmund.de,Germany,2.0,TU Dortmund,
pdgr.ch,unknown,1.0,0,
lzg.nrw.de,unknown,1.0,0,
kreis-slk.de,unknown,1.0,0,
sonovum.de,unknown,1.0,0,
beiersdorf.com,unknown,1.0,0,
iis.fraunhofer.de,unknown,1.0,0,
surf.nl,unknown,1.0,0,
masterplan.academy,unknown,1.0,0,
rs-kalkar.schulon.org,unknown,1.0,0,
cyberagentur.de,unknown,1.0,0,
stud.h-da.de,Germany,2.0,Hochschule Darmstadt,
bvb.net,unknown,1.0,0,
odenwaldkreis.de,unknown,1.0,0,
materna.group,unknown,1.0,0,
hoems.hessen.de,Germany,2.0,Hessische Hochschule für öffentliches Management und Sicherheit,
behrens-pm.de,unknown,1.0,0,
rennbuckel.de,unknown,1.0,0,
fh-hwz.ch,Switzerland,2.0,HWZ - University of Applied Sciences in Business Administration Zurich,
duerer.schule,unknown,1.0,0,
gkvi.de,unknown,1.0,0,
edu.zh.ch,unknown,1.0,0,
usz.ch,unknown,1.0,0,
ohg-monheim.eu,unknown,1.0,0,
zfslms.de,unknown,1.0,0,
sol.at,unknown,1.0,0,
talentsforit.de,unknown,1.0,0,
winfriedschule-fulda.de,unknown,1.0,0,
clc-learning.de,unknown,1.0,0,
microfin.de,unknown,1.0,0,
bag.admin.ch,unknown,1.0,0,
imap-institut.de,unknown,1.0,0,
helmholtz.de,unknown,1.0,0,
lb.hwg-lu.de,Germany,2.0,Hochschule für Wirtschaft und Gesellschaft Ludwigshafen,
km.kv.bwl.de,unknown,1.0,0,
bvaeb.at,unknown,1.0,0,
kufnet.at,unknown,1.0,0,
futurium.de,unknown,1.0,0,
malteser.org,unknown,1.0,0,
hoegy-lauffen.de,unknown,1.0,0,
ffb.kv.bwl.de,unknown,1.0,0,
muehlenkreisverlag.de,unknown,1.0,0,
gett.de,unknown,1.0,0,
lmg-uetersen.de,unknown,1.0,0,
cs.uni-kl.de,Germany,2.0,TU Kaiserslautern,
hzd.hessen.de,unknown,1.0,0,
schulen-le.de,unknown,1.0,0,
siegenia.com,unknown,1.0,0,
springer.com,unknown,1.0,0,
online-software-ag.de,unknown,1.0,0,
baek.de,unknown,1.0,0,
asgnet.de,unknown,1.0,0,
ifen.lu,unknown,1.0,0,
gesis.org,unknown,1.0,0,
dpdhl.com,unknown,1.0,0,
rochus-realschule.de,unknown,1.0,0,
wirkstoffmedia.de,unknown,1.0,0,
berkeley.edu,United States,2.0,"University of California, Berkeley",
senbjf.berlin.de,unknown,1.0,0,
osnanet.de,unknown,1.0,0,
aixplain.com,unknown,1.0,0,
karcher.com,unknown,1.0,0,
kpmg.com,unknown,1.0,0,
trumpf.com,unknown,1.0,0,
bechtle.com,unknown,1.0,0,
ruhrfutur.de,unknown,1.0,0,
munich-business-school.de,Germany,2.0,Munich Business School,
polimi.it,Italy,2.0,Polytechnic Institute of Milan,
gym-stein.de,unknown,1.0,0,
hwk-owl.de,unknown,1.0,0,
osz-kt.de,unknown,1.0,0,
kreis-bergstrasse.de,unknown,1.0,0,
ioeb.de,unknown,1.0,0,
schulen.rosenheim.de,unknown,1.0,0,
eonerc.rwth-aachen.de,Germany,2.0,RWTH Aachen,
lra-starnberg.de,unknown,1.0,0,
brangs-heinrich.de,unknown,1.0,0,
faktor-d.org,unknown,1.0,0,
sew-eurodrive.de,unknown,1.0,0,
ham.airport.de,unknown,1.0,0,
eso.de,unknown,1.0,0,
tamaja.de,unknown,1.0,0,
msg-life.com,unknown,1.0,0,
rz.uni-frankfurt.de,Germany,2.0,Universität Frankfurt,
doin-good.com,unknown,1.0,0,
ksb.ch,unknown,1.0,0,
digilift.de,unknown,1.0,0,
econ-tec.de,unknown,1.0,0,
sooii.de,unknown,1.0,0,
iws-nord.de,unknown,1.0,0,
buecherhallen.de,unknown,1.0,0,
e-impuls.de,unknown,1.0,0,
feinmetall.de,unknown,1.0,0,
li-hamburg.de,unknown,1.0,0,
deutsches-hilfswerk.de,unknown,1.0,0,
wts.de,unknown,1.0,0,
hochtief.de,unknown,1.0,0,
bidt.digital,unknown,1.0,0,
gmvteam.de,unknown,1.0,0,
dnb.de,unknown,1.0,0,
szue.de,unknown,1.0,0,
mdh.se,Sweden,2.0,Mälardalen University,
messe.de,unknown,1.0,0,
planet-biogas.com,unknown,1.0,0,
lecturio.de,unknown,1.0,0,
kaist.ac.kr,"Korea, Republic of",2.0,Korea Advanced Institute of Science & Technology,
agentur-triebwerk.de,unknown,1.0,0,
brose.com,unknown,1.0,0,
experienceone.com,unknown,1.0,0,
idotter.ch,unknown,1.0,0,
de.schunk.com,unknown,1.0,0,
weka.de,unknown,1.0,0,
oegym.de,unknown,1.0,0,
vispiron.de,unknown,1.0,0,
ble.de,unknown,1.0,0,
omos-media.de,unknown,1.0,0,
ait.ac.at,unknown,1.0,0,
humboldt-innovation.de,unknown,1.0,0,
qwp.de,unknown,1.0,0,
savotex.com,unknown,1.0,0,
sbv.mv-regierung.de,unknown,1.0,0,
stud.hs-coburg.de,Germany,2.0,Hochschule Coburg,
obsbs.de,unknown,1.0,0,
time.rwth-aachen.de,Germany,2.0,RWTH Aachen,
buerkle-online.de,0,0.0,0.0,
utwente.nl,Netherlands,2.0,University of Twente,
mewa.de,unknown,1.0,0,
burda-forward.de,unknown,1.0,0,
kreis-coesfeld.de,unknown,1.0,0,
stmuv.bayern.de,unknown,1.0,0,
e-mail.de,0,0.0,0.0,
um5r.ac.ma,unknown,1.0,0,
bdr-online.org,unknown,1.0,0,
kite.thm.de,Germany,2.0,Technische Hochschule Mittelhessen,
spie.com,unknown,1.0,0,
ella-lab.io,unknown,1.0,0,
um5.ac.ma,unknown,1.0,0,
familienservice.de,unknown,1.0,0,
froebel-gruppe.de,unknown,1.0,0,
zfsl-dueren.nrw.schule,unknown,1.0,0,
bvl.bund.de,unknown,1.0,0,
zeiss.com,unknown,1.0,0,
vetmed.uni-giessen.de,Germany,2.0,Universität Gießen,
zohomail.eu,unknown,1.0,0,
dyckerhoff.com,unknown,1.0,0,
daimlertruck.com,unknown,1.0,0,
cs.uni-potsdam.de,Germany,2.0,Universität Potsdam,
iosb-ina.fraunhofer.de,unknown,1.0,0,
rlsb.de,unknown,1.0,0,
medienanstalt-hessen.de,unknown,1.0,0,
phzg.ch,Switzerland,2.0,PH Zug - Pädagogische Hochschule Zug,
gymnasiumgroebenzell.de,unknown,1.0,0,
student.uibk.ac.at,Austria,2.0,Universität Innsbruck,
engagement-global.de,unknown,1.0,0,
mvz-labor-berlin.de,unknown,1.0,0,
mbm-dresden.de,unknown,1.0,0,
byte.bayern,unknown,1.0,0,
med.uni-augsburg.de,Germany,2.0,Universität Augsburg,
hfm-nuernberg.de,Germany,2.0,Hochschule für Musik Nürnberg,
bbsam.eu,unknown,1.0,0,
sina.com,unknown,0.0,0.0,
mail.fh-guestrow.de,Germany,2.0,"FH für öffentliche Verwaltung, Polizei und Rechtspflege Güstrow",
aulbremen.de,unknown,1.0,0,
kjr-ml.de,unknown,1.0,0,
amprion.net,unknown,1.0,0,
klett.de,unknown,1.0,0,
student.ethz.ch,Switzerland,2.0,ETHZ - ETH Zurich,
ub.rwth-aachen.de,Germany,2.0,RWTH Aachen,
dbschenker.com,unknown,1.0,0,
landkreis-rottweil.de,unknown,1.0,0,
pressrelations.de,unknown,1.0,0,
knowhow.de,unknown,1.0,0,
gi-de.com,unknown,1.0,0,
passinbox.com,unknown,1.0,0,
wk-it.com,unknown,1.0,0,
w.hs-fulda.de,Germany,2.0,Hochschule Fulda,
ish.de,unknown,1.0,0,
students.uni-mannheim.de,Germany,2.0,Universität Mannheim,
henkel.com,unknown,1.0,0,
muensterland.digital,unknown,1.0,0,
nithh.de,unknown,1.0,0,
agenturmark.de,unknown,1.0,0,
joeran.de,unknown,1.0,0,
ninoma.de,unknown,1.0,0,
skjr-hn.de,unknown,1.0,0,
bm.rlp.de,unknown,1.0,0,
ottobock.de,unknown,1.0,0,
hahnautomation.group,unknown,1.0,0,
chemie.uni-siegen.de,Germany,2.0,Universität Siegen,
adient.com,unknown,1.0,0,
schott.com,unknown,1.0,0,
ekir.de,unknown,1.0,0,
dga.world,unknown,1.0,0,
shopware.com,unknown,1.0,0,
stud.tau.edu.tr,Turkey,2.0,Türkisch-Deutsche Universität,
bk.ru,unknown,0.0,0.0,
geze.com,unknown,1.0,0,
mytum.de,Germany,2.0,TU München,
bfz-essen.de,unknown,1.0,0,
diakonie-michaelshoven.de,unknown,1.0,0,
liebherr.com,unknown,1.0,0,
ba-tk.berlin.de,unknown,1.0,0,
eipcm.org,unknown,1.0,0,
kisoq.com,unknown,1.0,0,
landesmuseum.de,unknown,1.0,0,
zapf-creation.de,unknown,1.0,0,
dzne.de,unknown,1.0,0,
vediso.de,unknown,1.0,0,
anna-schmidt-schule.de,unknown,1.0,0,
tue.nl,Netherlands,2.0,Eindhoven University of Technology,
gema.de,unknown,1.0,0,
sorbonne-nouvelle.fr,unknown,1.0,0,
multivac.de,unknown,1.0,0,
acke.de,unknown,1.0,0,
oszbw1.de,unknown,1.0,0,
bauck.de,unknown,1.0,0,
fue-fh-kiel.de,Germany,2.0,FH Kiel,
comenius.de,unknown,1.0,0,
let.ethz.ch,Switzerland,2.0,ETHZ - ETH Zurich,
hs-wismar.de,Germany,2.0,Hochschule Wismar,
euronorm.de,unknown,1.0,0,
mmkh.de,unknown,1.0,0,
dhzc-charite.de,Germany,2.0,Charité - Universitätsmedizin Berlin,
students.fhv.at,Austria,2.0,Fachhochschule Vorarlberg,
land-der-ideen.de,unknown,1.0,0,
you-know.de,unknown,1.0,0,
aric-hamburg.de,unknown,1.0,0,
think-modular.com,unknown,1.0,0,
eecc.de,unknown,1.0,0,
dice.hhu.de,Germany,2.0,HHU Düsseldorf,
iste.uni-stuttgart.de,Germany,2.0,Universität Stuttgart,
bauerfeind.com,unknown,1.0,0,
trueller.com,unknown,1.0,0,
muenster.de,unknown,1.0,0,
gw-world.com,unknown,1.0,0,
curacon.de,unknown,1.0,0,
buessing.schule,unknown,1.0,0,
aktion-mensch.de,unknown,1.0,0,
correlaid.org,unknown,1.0,0,
accadis.net,unknown,1.0,0,
robot-learning.de,unknown,1.0,0,
dokom.net,unknown,1.0,0,
jena.de,unknown,1.0,0,
gatech.edu,United States,2.0,Georgia Institute of Technology,
vivaldi.net,unknown,1.0,0,
informatik.uni-kiel.de,Germany,2.0,Universität Kiel,
posteo.com,0,0.0,0.0,
cgre.rwth-aachen.de,Germany,2.0,RWTH Aachen,
didaktik-aktuell.de,unknown,1.0,0,
mnd.thm.de,Germany,2.0,Technische Hochschule Mittelhessen,
mannheim.de,unknown,1.0,0,
zv.uni-freiburg.de,Germany,2.0,Universität Freiburg,
insirion.com,unknown,1.0,0,
unc.edu.ar,Argentina,2.0,Universidad Nacional de Córdoba,
freshfields.com,unknown,1.0,0,
it.nrw.de,unknown,1.0,0,
oerag.de,unknown,1.0,0,
med.uni-giessen.de,Germany,2.0,Universität Gießen,
zfbk.uni-giessen.de,Germany,2.0,Universität Gießen,
cs.uni-bonn.de,Germany,2.0,Universität Bonn,
eigenschenk.de,unknown,1.0,0,
ili.fau.de,Germany,2.0,Universität Erlangen-Nürnberg,
stud.th-luebeck.de,Germany,2.0,TH Lübeck,
lenovo.com,unknown,1.0,0,
magistrat.bremerhaven.de,unknown,1.0,0,
ilcgroup.com,unknown,1.0,0,
lfs-koeln.de,unknown,1.0,0,
wfbb.de,unknown,1.0,0,
irb.fraunhofer.de,unknown,1.0,0,
gz-zh.ch,unknown,1.0,0,
dgnb.de,unknown,1.0,0,
hpo-personal.de,unknown,1.0,0,
unal.edu.co,Colombia,2.0,Universidad Nacional de Colombia,
bs27-hamburg.de,unknown,1.0,0,
bfr.bund.de,unknown,1.0,0,
insurance.uni-hannover.de,Germany,2.0,Universität Hannover,
maristenkolleg.de,unknown,1.0,0,
lkcelle.de,unknown,1.0,0,
fluunt.de,unknown,1.0,0,
rocketmans.co,unknown,1.0,0,
ggi.ac.in,unknown,1.0,0,
ontour.ch,unknown,1.0,0,
akvester.de,unknown,1.0,0,
harryreuer.de,unknown,1.0,0,
lops.lernsax.de,unknown,1.0,0,
zebu.wien,unknown,1.0,0,
schneider-admicon.de,unknown,1.0,0,
benhirschkorn.de,unknown,1.0,0,
faz.de,unknown,1.0,0,
winfors.net,unknown,1.0,0,
groenger.de,unknown,1.0,0,
si-niederrhein.de,unknown,1.0,0,
hak-steyr.at,unknown,1.0,0,
4craft.de,unknown,1.0,0,
mk-ch.com,unknown,1.0,0,
uxma.com,unknown,1.0,0,
fam-kopp.de,unknown,1.0,0,
polizei.hamburg.de,unknown,1.0,0,
icallmycoach.com,unknown,1.0,0,
studt-juers.de,unknown,1.0,0,
sonje-webconsult.de,unknown,1.0,0,
knrz.com,unknown,1.0,0,
crescat.de,unknown,1.0,0,
bot.uni-kiel.de,Germany,2.0,Universität Kiel,
imowe.de,unknown,1.0,0,
mueller.bet,unknown,1.0,0,
stud.hs-wismar.de,Germany,2.0,Hochschule Wismar,
ignaite.de,unknown,1.0,0,
pflegeschule-do.de,unknown,1.0,0,
zlbib.uni-augsburg.de,Germany,2.0,Universität Augsburg,
francilette.de,unknown,1.0,0,
wellnhofer.eu,unknown,1.0,0,
corteva.com,unknown,1.0,0,
goetze.uk,unknown,1.0,0,
ekom21.de,unknown,1.0,0,
zeitauktion.com,unknown,1.0,0,
wetzlar.de,unknown,1.0,0,
inpro-electric.de,unknown,1.0,0,
wacker.com,unknown,1.0,0,
components.amag.at,unknown,1.0,0,
sustainableenergy.no,unknown,1.0,0,
de.ferrotec.com,unknown,1.0,0,
gschelak.de,unknown,1.0,0,
zumbruch.de,unknown,1.0,0,
lfdi.bwl.de,unknown,1.0,0,
s-versicherungspartner.de,unknown,1.0,0,
mobil-isc.de,unknown,1.0,0,
peras.de,unknown,1.0,0,
pfalzwerke.de,unknown,1.0,0,
chillervalley.at,unknown,1.0,0,
janert.eu,unknown,1.0,0,
iwd-marketresearch.de,unknown,1.0,0,
nivus.com,unknown,1.0,0,
z-netmail.de,0,0.0,0.0,
akademie-sha.de,unknown,1.0,0,
huerner-energie.at,unknown,1.0,0,
petersencoachings.de,unknown,1.0,0,
pmo-procon.de,unknown,1.0,0,
co-ax.com,unknown,1.0,0,
claushaas.de,unknown,1.0,0,
zoula.de,unknown,1.0,0,
conet.de,unknown,1.0,0,
azetpr.com,unknown,1.0,0,
gerd-langbein.de,unknown,1.0,0,
aftbz.de,unknown,1.0,0,
trinicon.de,unknown,1.0,0,
digital-health-transformation.de,unknown,1.0,0,
sport.uni-frankfurt.de,Germany,2.0,Universität Frankfurt,
wifiwien.at,unknown,1.0,0,
provuser.com,unknown,1.0,0,
franzkowiak.org,unknown,1.0,0,
schulen.coburg.de,unknown,1.0,0,
troxgroup.com,unknown,1.0,0,
aktivsenioren.de,unknown,1.0,0,
itdz-berlin.de,unknown,1.0,0,
visible.ruhr,unknown,1.0,0,
schreibenmitchribs.at,unknown,1.0,0,
live.ca,unknown,0.0,0.0,
landkreis-verden.de,unknown,1.0,0,
maria-davydchyk.de,unknown,1.0,0,
agit.de,unknown,1.0,0,
gpetersell.de,unknown,1.0,0,
avanco.de,unknown,1.0,0,
bergmannstrost.de,unknown,1.0,0,
wirtschaftsjournal.eu,unknown,1.0,0,
thomasruemmele.com,unknown,1.0,0,
mstage.at,unknown,1.0,0,
stud.hmtm.de,Germany,2.0,Hochschuke für Musik und Theater München,
martinhenkel.net,unknown,1.0,0,
matulla.net,unknown,1.0,0,
habel-tut.de,unknown,1.0,0,
gsponer-gsponer.ch,unknown,1.0,0,
ldv.koeln,unknown,1.0,0,
tobiasrehberg.de,unknown,1.0,0,
lernglust.de,unknown,1.0,0,
zulauf-online.de,0,0.0,0.0,
schluenz.eu,unknown,1.0,0,
kollektivneurose.de,unknown,1.0,0,
lektorat-hofbauer.de,unknown,1.0,0,
evm.de,unknown,1.0,0,
rossig.com,unknown,1.0,0,
pandacom.de,unknown,1.0,0,
clin.au.dk,Denmark,2.0,Aarhus University,
bozbel.de,unknown,1.0,0,
bastiansen.de,unknown,1.0,0,
ewc-muc.com,unknown,1.0,0,
ramsys.org,unknown,1.0,0,
hedtmann.com,unknown,1.0,0,
franklin-institute.de,unknown,1.0,0,
x-maz.com,unknown,1.0,0,
datenimweb.de,0,0.0,0.0,
ownsoft.de,unknown,1.0,0,
berndmolzahn.com,unknown,1.0,0,
gewa.ch,unknown,1.0,0,
culturesworldwide.com,unknown,1.0,0,
marsen-berlin.de,unknown,1.0,0,
sigmarise.de,unknown,1.0,0,
sienou.com,unknown,1.0,0,
sfzw.de,unknown,1.0,0,
agrar.uni-giessen.de,Germany,2.0,Universität Gießen,
zwickroell.com,unknown,1.0,0,
x-centives.com,unknown,1.0,0,
edv-woelke.de,unknown,1.0,0,
um.dk,unknown,1.0,0,
jan-lilje.de,unknown,1.0,0,
zq.uni-mainz.de,Germany,2.0,Universität Mainz,
t-wagner.net,unknown,1.0,0,
krefeld2030.de,unknown,1.0,0,
vbg.de,unknown,1.0,0,
fos-bos-passau.de,unknown,1.0,0,
leo1212.com,unknown,1.0,0,
klinikum-mittelbaden.de,unknown,1.0,0,
moll.de,unknown,1.0,0,
tempo-werk.de,unknown,1.0,0,
draculasridersclub.com,unknown,1.0,0,
f-i.de,unknown,1.0,0,
virtualteamheroes.de,unknown,1.0,0,
ckcc.de,unknown,1.0,0,
casol.at,unknown,1.0,0,
wamschule.onmicrosoft.com,unknown,1.0,0,
hsba.de,Germany,2.0,HSBA Hamburg,
diwikon.de,unknown,1.0,0,
lucius.cloud,unknown,1.0,0,
hwk-heilbronn.de,unknown,1.0,0,
jsd.de,unknown,1.0,0,
honeywell.com,unknown,1.0,0,
wilderkerl.de,unknown,1.0,0,
vierdrei.co,unknown,1.0,0,
sjpdevelopment.ch,unknown,1.0,0,
schwelmweb.de,0,0.0,0.0,
mindcodex.de,unknown,1.0,0,
karl-arnold-stiftung.eu,unknown,1.0,0,
karkosch.de,unknown,1.0,0,
incluversum.com,unknown,1.0,0,
stud.euro-fh.de,Germany,2.0,Euro-FH Hamburg,
sioux.eu,unknown,1.0,0,
buergi.ag,unknown,1.0,0,
ga.magdeburg.de,unknown,1.0,0,
linzag.at,unknown,1.0,0,
adellink.de,unknown,1.0,0,
wipro.com,unknown,1.0,0,
digy-ventures.com,unknown,1.0,0,
dfv.de,unknown,1.0,0,
nyu.edu,United States,2.0,New York University,
andybaldauf.ch,unknown,1.0,0,
peterfrank-gallery.com,unknown,1.0,0,
ebm.wiki,unknown,1.0,0,
kawomis.de,unknown,1.0,0,
altii.de,unknown,1.0,0,
rheinland-versicherungen.de,unknown,1.0,0,
innovations-kraft.de,unknown,1.0,0,
allianzgi.com,unknown,1.0,0,
improuv.com,unknown,1.0,0,
netregie.com,unknown,1.0,0,
bruell-home.de,unknown,1.0,0,
dkkv.org,unknown,1.0,0,
neuewerte.de,unknown,1.0,0,
alpenjodel.de,unknown,0.0,0.0,
zbw-online.eu,unknown,1.0,0,
female.vision,unknown,1.0,0,
falkentyre.com,unknown,1.0,0,
thomas-bollmeier.de,unknown,1.0,0,
ahaus.net,unknown,1.0,0,
schoell-lim.de,unknown,1.0,0,
swichmann.de,unknown,1.0,0,
zumtobelgroup.com,unknown,1.0,0,
kbw.de,unknown,1.0,0,
zwobotta.de,unknown,1.0,0,
whg-garching.de,unknown,1.0,0,
schachermayer.at,unknown,1.0,0,
neeews.de,unknown,1.0,0,
thoms.li,unknown,1.0,0,
brot-fuer-die-welt.de,unknown,1.0,0,
syspons.com,unknown,1.0,0,
abilis.de,unknown,1.0,0,
hpolbb.de,Germany,2.0,Hochschule der Polizei Brandenburg,
bwgv-info.de,unknown,1.0,0,
radio-m.de,unknown,1.0,0,
ibocaj.de,unknown,1.0,0,
homann-vorderbrueck.com,unknown,1.0,0,
bebel-its.de,unknown,1.0,0,
ewalia.at,unknown,1.0,0,
brms.nrw.de,unknown,1.0,0,
motif.de,unknown,1.0,0,
schappix.de,unknown,1.0,0,
layer-grosshandel.de,unknown,1.0,0,
benett-online.de,0,0.0,0.0,
cio4you.nrw,unknown,1.0,0,
tirol-kliniken.at,unknown,1.0,0,
arrabiata.de,unknown,1.0,0,
valuedata.io,unknown,1.0,0,
wp.eu,unknown,1.0,0,
tzm.de,unknown,1.0,0,
ae.mpg.de,unknown,1.0,0,
wissenschaftsrat.de,unknown,1.0,0,
peterstrauss.eu,unknown,1.0,0,
fh-offenburg.de,Germany,2.0,Hochschule Offenburg,
martinhludwig.de,unknown,1.0,0,
datenschutzatwork.de,unknown,1.0,0,
infomotion.de,unknown,1.0,0,
lazarus-schulen.berlin,unknown,1.0,0,
stiftung-kinder-forschen.de,unknown,1.0,0,
hagh.net,unknown,1.0,0,
heidelbergengineering.com,unknown,1.0,0,
immenkemper.de,unknown,1.0,0,
mgmnet.de,unknown,1.0,0,
bsz-traunstein.de,unknown,1.0,0,
bonn-laurentiusschule.de,unknown,1.0,0,
marcus-rehwald.de,unknown,1.0,0,
dieth.com,unknown,1.0,0,
ba-fk.berlin.de,unknown,1.0,0,
imu-institut.de,unknown,1.0,0,
casale-one.de,unknown,1.0,0,
semjank.de,unknown,1.0,0,
inbox.lv,unknown,0.0,0.0,
iew.uni-hannover.de,Germany,2.0,Universität Hannover,
fresh-media-service.de,unknown,1.0,0,
fab.at,unknown,1.0,0,
stiftsgym-stpaul.at,unknown,1.0,0,
falkcia.com,unknown,1.0,0,
borchert.net,unknown,1.0,0,
geographie.uni-freiburg.de,Germany,2.0,Universität Freiburg,
kinopolis.de,unknown,1.0,0,
krahn.ws,unknown,1.0,0,
tigerpaolo.com,0,0.0,0.0,
schaeferrolls.com,unknown,1.0,0,
mbrspy.de,unknown,1.0,0,
institut-fuer-menschenrechte.de,unknown,1.0,0,
inakrueger.com,unknown,1.0,0,
ejusch.de,unknown,1.0,0,
uzin-utz.com,unknown,1.0,0,
adexpartners.com,unknown,1.0,0,
cdc.de,unknown,1.0,0,
strobel-fotoservices.de,unknown,1.0,0,
etas.com,unknown,1.0,0,
zublerag.com,unknown,1.0,0,
lebenshilfe-berlin.de,unknown,1.0,0,
wieland-pcb.de,unknown,1.0,0,
zimmermann-gruppe.com,unknown,1.0,0,
hardy-schmitz.de,unknown,1.0,0,
bmwsb.bund.de,unknown,1.0,0,
ripke-ol.de,unknown,1.0,0,
sapimsa.com,unknown,1.0,0,
dbknb.de,unknown,1.0,0,
detektei-weltweit.de,unknown,1.0,0,
albmedien.de,unknown,1.0,0,
kinzig-schule.de,unknown,1.0,0,
caritas.de,unknown,1.0,0,
nds.aok.de,unknown,1.0,0,
mindline-analytics.de,unknown,1.0,0,
schulte-wrede.de,unknown,1.0,0,
schlieper.ch,unknown,1.0,0,
mennekes.de,unknown,1.0,0,
vollenbroeker.de,unknown,1.0,0,
zimmermann-herbern.de,unknown,1.0,0,
deutsche-finance.de,unknown,1.0,0,
ggm-portal.de,unknown,1.0,0,
muenchen.ihk.de,unknown,1.0,0,
bkkms.de,unknown,1.0,0,
cmswerft.de,unknown,1.0,0,
justmail.de,unknown,0.0,0.0,
koelnmetall.de,unknown,1.0,0,
kvinken.de,unknown,1.0,0,
alaska.net,unknown,1.0,0,
kroppa.de,unknown,1.0,0,
ail-ev.de,unknown,1.0,0,
gilde-it.de,unknown,1.0,0,
djjv.de,unknown,1.0,0,
hp.com,unknown,1.0,0,
mfg.tu-berlin.de,Germany,2.0,TU Berlin,
bkm.hamburg.de,unknown,1.0,0,
nt.uni-saarland.de,Germany,2.0,Universität des Saarlandes,
atelier522.com,unknown,1.0,0,
droid42.de,unknown,1.0,0,
pbe-thueringen.de,unknown,1.0,0,
skatguru.de,unknown,1.0,0,
elringklinger.com,unknown,1.0,0,
bzaek.de,unknown,1.0,0,
relencon.de,unknown,1.0,0,
danielaopp.de,unknown,1.0,0,
kiwi.de,unknown,1.0,0,
santander.de,unknown,1.0,0,
ssb-software.de,unknown,1.0,0,
landtag.brandenburg.de,unknown,1.0,0,
capsncollars.com,unknown,1.0,0,
holger-hering.de,unknown,1.0,0,
lasd.landsh.de,unknown,1.0,0,
zkm.de,unknown,1.0,0,
cvillar.net,unknown,1.0,0,
woschla.de,unknown,1.0,0,
bracke-igs.de,unknown,1.0,0,
inext.at,unknown,1.0,0,
allgemeinmedizin.uni-frankfurt.de,Germany,2.0,Universität Frankfurt,
ksi.de,unknown,1.0,0,
kolacek.com,unknown,1.0,0,
bis.hamburg.de,unknown,1.0,0,
afz.bremen.de,unknown,1.0,0,
ibs-ol.de,Germany,2.0,Berufsakademie für IT und Wirtschaft,
larisch.biz,unknown,1.0,0,
bgn.de,unknown,1.0,0,
hfmdk-frankfurt.de,Germany,2.0,Hochschule für Musik und Darstellende Kunst Frankfurt,
runnebohm.net,unknown,1.0,0,
boysen-online.de,0,0.0,0.0,
ladygrrr.de,unknown,1.0,0,
windsberg.de,unknown,1.0,0,
pggv.de,unknown,1.0,0,
airbus.com,unknown,1.0,0,
simeon-ehmer.de,unknown,1.0,0,
hgs-calw.de,unknown,1.0,0,
lyreco.com,unknown,1.0,0,
flex-living.de,unknown,1.0,0,
comarino.com,unknown,1.0,0,
uoguelph.ca,Canada,2.0,University of Guelph,
engenhorst-bw.de,unknown,1.0,0,
ifs.uni-hannover.de,Germany,2.0,Universität Hannover,
nicoleengelhardt.de,unknown,1.0,0,
ist-hochschule.de,Germany,2.0,IST-Hochschule fur Management,
enrollment.de,unknown,1.0,0,
l.de,unknown,1.0,0,
udotamm.de,unknown,1.0,0,
braintools.de,unknown,1.0,0,
irislanz.com,unknown,1.0,0,
danone.com,unknown,1.0,0,
lubienetzki.de,unknown,1.0,0,
vanderteusch.de,unknown,1.0,0,
witschital.de,unknown,1.0,0,
p-w-b.de,unknown,1.0,0,
grapevine-marketing.com,unknown,1.0,0,
lbsdo2.snv.at,unknown,1.0,0,
it-amelung.de,unknown,1.0,0,
panzer-consulting.com,unknown,1.0,0,
klarwasser-kanaltechnik.de,unknown,1.0,0,
pelowski.de,unknown,1.0,0,
neue-wege.org,unknown,1.0,0,
doell-karben.de,unknown,1.0,0,
heidmoor.net,unknown,1.0,0,
msbul.de,unknown,1.0,0,
nexusplexus.de,unknown,1.0,0,
mjhhinz.de,unknown,1.0,0,
innomatik.com,unknown,1.0,0,
johanniter.de,unknown,1.0,0,
hfoev.bremen.de,Germany,2.0,Hochschule für öffentliche Verwaltung Bremen,
hoermann-hno.de,unknown,1.0,0,
hlft.hessen.de,unknown,1.0,0,
bmi.gv.at,unknown,1.0,0,
chrono24.com,unknown,1.0,0,
stud.hs-merseburg.de,Germany,2.0,Hochschule Merseburg,
mint-ec.de,unknown,1.0,0,
kall.de,unknown,1.0,0,
statistik.bayern.de,unknown,1.0,0,
wb-hessen.de,unknown,1.0,0,
ge-globus.de,unknown,1.0,0,
eudi.net,unknown,1.0,0,
sergimauri.com,unknown,1.0,0,
schirmacher.de,unknown,1.0,0,
koenitzers.de,unknown,1.0,0,
dertouristik.com,unknown,1.0,0,
andreas-dotzauer.de,unknown,1.0,0,
ksibochum.de,unknown,1.0,0,
polizei.nrw.de,unknown,1.0,0,
stefan-goellner.de,unknown,1.0,0,
ulm.de,unknown,1.0,0,
jjhh.de,unknown,1.0,0,
bigdutchman.de,unknown,1.0,0,
bertin.de,unknown,1.0,0,
jwg-lm.de,unknown,1.0,0,
eleccionesenalemania.com,unknown,1.0,0,
meroo.de,unknown,1.0,0,
iem.thm.de,Germany,2.0,Technische Hochschule Mittelhessen,
gsravensburg.de,unknown,1.0,0,
rkv-blnsuedwest.de,unknown,1.0,0,
fernverlag.de,unknown,1.0,0,
fuggerbank.de,unknown,1.0,0,
kfo-zmk.uni-kiel.de,Germany,2.0,Universität Kiel,
gerlinde-geffers.de,unknown,1.0,0,
comcast.net,unknown,0.0,0.0,
ibw.uni-heidelberg.de,Germany,2.0,Universität Heidelberg,
realschule-buchloe.de,unknown,1.0,0,
thieme-compliance.de,0,0.0,0.0,
bkstm.de,unknown,1.0,0,
schulen.ai.ch,unknown,1.0,0,
casadomus.tech,unknown,1.0,0,
innolizer.de,unknown,1.0,0,
bizerba.com,unknown,1.0,0,
haix.de,unknown,1.0,0,
alistenzia.de,unknown,1.0,0,
neusinger.ai,unknown,1.0,0,
hwdigitalservice.de,unknown,1.0,0,
drkovermann.de,unknown,1.0,0,
ee-factor.de,unknown,1.0,0,
prettyresearch.com,unknown,1.0,0,
erstebank.at,unknown,1.0,0,
mosaik-fs.de,unknown,1.0,0,
claudiafy.de,unknown,1.0,0,
theseitzfamily.de,unknown,1.0,0,
vielmehr.at,unknown,1.0,0,
bistum-regensburg.de,unknown,1.0,0,
ibadual.com,Germany,2.0,IBA Dual,
kubens.de,unknown,1.0,0,
cyberlago.net,unknown,1.0,0,
dc-lifestyle.de,unknown,1.0,0,
t-a-nord.de,unknown,1.0,0,
raumtaenzer.com,unknown,1.0,0,
comdirect.de,unknown,1.0,0,
avilox.de,unknown,1.0,0,
dcmsoftware.mx,unknown,1.0,0,
siegeladvice.de,unknown,1.0,0,
moveme.de,unknown,1.0,0,
satipas.com,unknown,1.0,0,
tt-s.com,unknown,1.0,0,
hafeneder.eu,unknown,1.0,0,
ehip.eu,unknown,1.0,0,
move2s.de,unknown,1.0,0,
sarah-probst.de,unknown,1.0,0,
scalup.de,unknown,1.0,0,
bits21.de,unknown,1.0,0,
mueller-tobias.com,unknown,1.0,0,
learnventure.online,unknown,1.0,0,
mundiconsulting.com,unknown,1.0,0,
metalltechnik-kraft.de,unknown,1.0,0,
proqrent.de,unknown,1.0,0,
cmc-kiesel.de,unknown,1.0,0,
piabo.net,unknown,1.0,0,
naturgewalten-sylt.de,unknown,1.0,0,
coding-friends.com,unknown,1.0,0,
economics.uni-kiel.de,Germany,2.0,Universität Kiel,
convidera.com,unknown,1.0,0,
prosiebensat1.com,unknown,1.0,0,
kolping-pflegeschule.de,unknown,1.0,0,
andreaskaatz.net,unknown,1.0,0,
ruth-christen.de,unknown,1.0,0,
de-cix.net,unknown,1.0,0,
refvs.nrw.schule,unknown,1.0,0,
bf-medienbildung.de,unknown,1.0,0,
fork.de,unknown,1.0,0,
osbos.si,unknown,1.0,0,
covestro.com,unknown,1.0,0,
martina-macht-das.de,unknown,1.0,0,
cornellsoft.de,unknown,1.0,0,
email.uni-kiel.de,Germany,2.0,Universität Kiel,
ibmix.de,unknown,1.0,0,
stefan-franz.com,unknown,1.0,0,
chancen-vielfalt-slbc.com,unknown,1.0,0,
cojger.de,unknown,1.0,0,
dinkelmann-food.com,unknown,1.0,0,
ruhrverband.de,unknown,1.0,0,
caritas-wien.at,unknown,1.0,0,
bluepages.de,unknown,1.0,0,
michel-online.de,0,0.0,0.0,
richardt.net,unknown,1.0,0,
dbu.de,unknown,1.0,0,
kgswennigsen.de,unknown,1.0,0,
ubrw.de,unknown,1.0,0,
h2nx.com,unknown,1.0,0,
thiel-world.de,unknown,1.0,0,
benscheurer.de,unknown,1.0,0,
wenzel-penzberg.de,unknown,1.0,0,
innahvativ.de,unknown,1.0,0,
sbgdd.de,unknown,1.0,0,
fos-bos.de,unknown,1.0,0,
vhw.de,unknown,1.0,0,
bv-pg.de,unknown,1.0,0,
pspromotion-bremen.de,unknown,1.0,0,
gustini.de,unknown,1.0,0,
enon-gmbh.de,unknown,1.0,0,
kubagym.org,unknown,1.0,0,
aj-schaible.de,unknown,1.0,0,
tiani.net,unknown,1.0,0,
vorarlberg.at,unknown,1.0,0,
zfsl-solingen.nrw.schule,unknown,1.0,0,
posteo.org,0,0.0,0.0,
delacroi.de,unknown,1.0,0,
bzstkilian.de,unknown,1.0,0,
kmh-gmbh.com,unknown,1.0,0,
boku.ac.at,Austria,2.0,Universität für Bodenkultur Wien,
e-t-a.de,unknown,1.0,0,
dlugoschhamburg.de,unknown,1.0,0,
bwl.tu-freiberg.de,Germany,2.0,TU Bergakademie Freiberg,
otenet.gr,unknown,1.0,0,
wilde-relocation.com,unknown,1.0,0,
komplett-digital.de,unknown,1.0,0,
torstenhensel.de,unknown,1.0,0,
strath.ac.uk,United Kingdom,2.0,University of Strathclyde,
zeichenkraft.de,unknown,1.0,0,
u.nus.edu,Singapore,2.0,National University of Singapore,
lins.me,unknown,1.0,0,
lehrbauhof-berlin.de,unknown,1.0,0,
de.tuv.com,unknown,1.0,0,
medienkraft-verstaerker.de,unknown,1.0,0,
lehnhof.net,unknown,1.0,0,
swissonline.ch,unknown,1.0,0,
saturn-petcare.de,unknown,1.0,0,
outlook.com,unknown,0.0,0.0,
h-g-l.ch,unknown,1.0,0,
wennedo.de,unknown,1.0,0,
mixmox-media.de,unknown,1.0,0,
dw.com,unknown,1.0,0,
christianfestag.de,unknown,1.0,0,
n3k.de,unknown,1.0,0,
aesculap.de,unknown,1.0,0,
sv-dsl.de,unknown,1.0,0,
mschmitz.org,unknown,1.0,0,
pg.hs-fulda.de,Germany,2.0,Hochschule Fulda,
krim.unibe.ch,Switzerland,2.0,Universität Bern,
aflglobal.com,unknown,1.0,0,
nefkom.net,unknown,1.0,0,
consodalis.de,unknown,1.0,0,
axelspringer.de,unknown,1.0,0,
aim-higher.de,unknown,1.0,0,
osg-mainz.de,unknown,1.0,0,
marcel-roll.de,unknown,1.0,0,
13pm.de,unknown,1.0,0,
bfw-berlin-brandenburg.de,unknown,1.0,0,
new-work.se,unknown,1.0,0,
mittelschule-himberg.at,unknown,1.0,0,
ostwind.ch,unknown,1.0,0,
sk.hamburg.de,unknown,1.0,0,
innotech.at,unknown,1.0,0,
linn-email.de,0,0.0,0.0,
gamersarea.com,unknown,1.0,0,
softwerft.com,unknown,1.0,0,
pixelmaexle.de,unknown,1.0,0,
paefgenlass-pr.de,unknown,1.0,0,
elearning-koeln.de,unknown,1.0,0,
lfst.bayern.de,unknown,1.0,0,
wave-ag.de,unknown,1.0,0,
huss-licht-ton.de,unknown,1.0,0,
dzsf.bund.de,unknown,1.0,0,
umm.de,unknown,1.0,0,
nestor-bildung.de,unknown,1.0,0,
sembska.de,unknown,1.0,0,
egwoerth.de,unknown,1.0,0,
baumbach-epud.de,unknown,1.0,0,
ebwwest.de,unknown,1.0,0,
flug-reisecenter.de,unknown,1.0,0,
welt.de,unknown,1.0,0,
giga3d.de,unknown,1.0,0,
kidslab.de,unknown,1.0,0,
shg-hi.de,unknown,1.0,0,
frauenarzt-du.de,unknown,1.0,0,
herder-gymnasium.eu,unknown,1.0,0,
hfm-detmold.de,Germany,2.0,Hochschule für Musik Detmold,
llc.uni-hannover.de,Germany,2.0,Universität Hannover,
ngcircle.com,unknown,1.0,0,
studiumdigitale.uni-frankfurt.de,Germany,2.0,Universität Frankfurt,
text-at-plan.de,unknown,1.0,0,
dbwv.de,unknown,1.0,0,
fosbos-scheyern.de,unknown,1.0,0,
wvs-ffm.de,unknown,1.0,0,
mq-koeln.de,unknown,1.0,0,
der-schmidt.de,unknown,1.0,0,
bvs.de,unknown,1.0,0,
studiumplus.de,unknown,1.0,0,
students.fhnw.ch,Switzerland,2.0,FHNW - Fachhochschule Nordwestschweiz,
itb.de,unknown,1.0,0,
eadtu.eu,unknown,1.0,0,
schadow-gymnasium-berlin.de,unknown,1.0,0,
dacs-bund.de,unknown,1.0,0,
st.josefskrankenhaus.de,unknown,1.0,0,
greenpeace.org,unknown,1.0,0,
ebicentric.com,unknown,1.0,0,
pmu.ac.at,unknown,1.0,0,
archenhold.de,unknown,1.0,0,
ifs.at,unknown,1.0,0,
talentschmiede-rummelsberg.de,unknown,1.0,0,
rema-solutions.de,unknown,1.0,0,
awecon.de,unknown,1.0,0,
bsbkik.muenchen.musin.de,unknown,1.0,0,
fubdigital.de,unknown,1.0,0,
bauvereinag.de,unknown,1.0,0,
eichenau.de,unknown,1.0,0,
cadida.de,unknown,1.0,0,
herrwerth.com,unknown,1.0,0,
quodata.de,unknown,1.0,0,
larsvivendi.de,unknown,1.0,0,
biologie.uni-freiburg.de,Germany,2.0,Universität Freiburg,
krgroup.de,unknown,1.0,0,
thiele.me,unknown,1.0,0,
pl-x.de,unknown,1.0,0,
buetzberger.biz,unknown,1.0,0,
fis-gmbh.de,unknown,1.0,0,
ralf-kronawitter.de,unknown,1.0,0,
koester-bau.de,unknown,1.0,0,
jugendamt-of.de,unknown,1.0,0,
el-naschef.de,unknown,1.0,0,
winkeltreu.de,unknown,1.0,0,
sport.uni-giessen.de,Germany,2.0,Universität Gießen,
steinkellnerschwarz.at,unknown,1.0,0,
vhb.de,unknown,1.0,0,
bohneberatung.ch,unknown,1.0,0,
romanistik.uni-siegen.de,Germany,2.0,Universität Siegen,
sailer-gymnasium.de,unknown,1.0,0,
silkeschuh.de,unknown,1.0,0,
boh-nes.de,unknown,1.0,0,
leila-e.de,unknown,1.0,0,
teambraun.de,unknown,1.0,0,
sts-trafo.de,unknown,1.0,0,
truetzschler.de,unknown,1.0,0,
tls-nms.de,unknown,1.0,0,
go4impact.de,unknown,1.0,0,
ag.net.de,unknown,1.0,0,
cashewrella.de,unknown,1.0,0,
stefanie-lagler.at,unknown,1.0,0,
gymnasium-horkesgath.de,unknown,1.0,0,
berufskolleg-borken.de,unknown,1.0,0,
w.thm.de,Germany,2.0,Technische Hochschule Mittelhessen,
d-64.org,unknown,1.0,0,
nanointeractive.com,unknown,1.0,0,
bzgs.ch,unknown,1.0,0,
ec-lyon.fr,France,2.0,Ecole Centrale de Lyon,
ehrenamt.de,unknown,1.0,0,
wikimedia.de,unknown,1.0,0,
digitalisierungsberatung.at,unknown,1.0,0,
joachimlorenz.digital,unknown,1.0,0,
juliajunge.de,unknown,1.0,0,
boethelt.com,unknown,1.0,0,
lba.hs-mannheim.de,Germany,2.0,Hochschule Mannheim,
net-promo.de,unknown,1.0,0,
firalux.ch,unknown,1.0,0,
stiftung-liebenau.de,unknown,1.0,0,
thyssenkrupp-steel.com,unknown,1.0,0,
baerlocher.com,unknown,1.0,0,
benbrendel.de,unknown,1.0,0,
adac.de,unknown,1.0,0,
oetkerdigital.com,unknown,1.0,0,
kemper-inter.net,unknown,1.0,0,
ilin.eu,unknown,1.0,0,
sse.uni-hildesheim.de,Germany,2.0,Universität Hildesheim,
ingolstadt.de,unknown,1.0,0,
ramsauer.eu,unknown,1.0,0,
hrz.uni-marburg.de,Germany,2.0,Universität Marburg,
bbt-tut.de,unknown,1.0,0,
damk.de,unknown,1.0,0,
henninger.ch,unknown,1.0,0,
fh-kufstein.ac.at,Austria,2.0,Fachhochschule Kufstein (Tirol),
h2opr.de,unknown,1.0,0,
hertzbund.com,unknown,1.0,0,
annemarie-michel.de,unknown,1.0,0,
bartuschbt.de,unknown,1.0,0,
gfn.de,unknown,1.0,0,
gesser.net,unknown,1.0,0,
confidentminds.de,unknown,1.0,0,
transferwerk-bw.de,unknown,1.0,0,
itf-kassel.de,unknown,1.0,0,
leichtfried.net,unknown,1.0,0,
annakautenburger.de,unknown,1.0,0,
confidoconsulting.de,unknown,1.0,0,
annika-lambeck.de,unknown,1.0,0,
netticle.de,unknown,1.0,0,
bartzies.de,unknown,1.0,0,
les-mosbach.de,unknown,1.0,0,
berlin.ihk.de,unknown,1.0,0,
gesamtschule-pulheim.de,unknown,1.0,0,
grr.la,unknown,0.0,0.0,
patricia-kurz.de,unknown,1.0,0,
rrn.de,unknown,1.0,0,
suesslin.de,unknown,1.0,0,
studio-neutral.com,unknown,1.0,0,
norbertwrobel.de,unknown,1.0,0,
mer-backnang.de,unknown,1.0,0,
klinikum-bayreuth.de,unknown,1.0,0,
meridiam-glasfaser.com,unknown,1.0,0,
softwareengel.de,unknown,1.0,0,
icloud.com,unknown,0.0,0.0,
komponentenwerk.de,unknown,1.0,0,
suther.de,unknown,1.0,0,
valbert.com,unknown,1.0,0,
verwaltung.uni-hohenheim.de,Germany,2.0,Universität Hohenheim,
avh.de,unknown,1.0,0,
boe.consulting,unknown,1.0,0,
reiferth.de,unknown,1.0,0,
alexafrank.com,unknown,1.0,0,
ingod.de,unknown,1.0,0,
eco-compliance.de,unknown,1.0,0,
eick-at.de,unknown,1.0,0,
s-management-services.de,unknown,1.0,0,
filus.de,unknown,1.0,0,
ipl.uni-kiel.de,Germany,2.0,Universität Kiel,
sfk.ch,unknown,1.0,0,
accounts.frank-schnitzler.de,unknown,1.0,0,
berlin-recycling.de,unknown,1.0,0,
luehn.com,unknown,1.0,0,
zoomz.ch,unknown,1.0,0,
concordia-sozialprojekte.de,unknown,1.0,0,
tempomobil.de,unknown,1.0,0,
storypromedia.com,unknown,1.0,0,
scherrer-beratung.ch,unknown,1.0,0,
kisdi.re.kr,unknown,1.0,0,
domus-ag.net,unknown,1.0,0,
okonnek.name,unknown,1.0,0,
besttransition.de,unknown,1.0,0,
maurice-web.de,0,0.0,0.0,
i-med.ac.at,Austria,2.0,Medizinische Universität Innsbruck,
ajco.de,unknown,1.0,0,
siegenbrink.de,unknown,1.0,0,
htl.moedling.at,unknown,1.0,0,
e4richter.de,unknown,1.0,0,
moelands.de,unknown,1.0,0,
bfs-pflege-mp.de,unknown,1.0,0,
hoernerbank.de,unknown,1.0,0,
gautsch.at,unknown,1.0,0,
merwert.de,unknown,1.0,0,
rzeidler.eu,unknown,1.0,0,
sonjas-kosmetikstudio.de,unknown,1.0,0,
student.businessschool-berlin.de,Germany,2.0,BSP Business and Law School,
ms-ranshofen.at,unknown,1.0,0,
cemolins.es,unknown,1.0,0,
zukunftsinstitut.de,unknown,1.0,0,
univ-skikda.dz,Algeria,2.0,Université de Skikda,
meyer.nrw,unknown,1.0,0,
hb.dhbw-stuttgart.de,Germany,2.0,DHBW,
stiftung-spi.de,unknown,1.0,0,
realyze.de,unknown,1.0,0,
hs-fulda.de,Germany,2.0,Hochschule Fulda,
m2c-bremen.de,unknown,1.0,0,
krumm.net,unknown,1.0,0,
gemue.de,unknown,1.0,0,
dedalus.com,unknown,1.0,0,
fortwaengler-zell.de,unknown,1.0,0,
prof.fadi.at,unknown,1.0,0,
kumkeo.de,unknown,1.0,0,
med.lmu.de,Germany,2.0,Universität München,
satware.com,unknown,1.0,0,
feinziele.de,unknown,1.0,0,
guerillagirl.de,unknown,1.0,0,
immer.com,unknown,1.0,0,
bmbwf.gv.at,unknown,1.0,0,
sieveking-agentur.de,unknown,1.0,0,
kreaktivbox.de,unknown,1.0,0,
ikts.fraunhofer.de,unknown,1.0,0,
klenk.biz,unknown,1.0,0,
open.ac.uk,United Kingdom,2.0,Open University,
friedensschule-gd.de,unknown,1.0,0,
emg-huerth.de,unknown,1.0,0,
sikla.com,unknown,1.0,0,
mojo-film.com,unknown,1.0,0,
merregnon.com,unknown,1.0,0,
smail.hs-bremerhaven.de,Germany,2.0,Hochschule Bremerhaven,
fsz.fra-uas.de,unknown,1.0,0,
landkreis-fulda.de,unknown,1.0,0,
gemeindenetzwerk-be.de,unknown,1.0,0,
igcv.fraunhofer.de,unknown,1.0,0,
ist.de,unknown,1.0,0,
torsten-steiger.de,unknown,1.0,0,
risc-engineering.com,unknown,1.0,0,
stud.diploma.de,Germany,2.0,DIPLOMA - FH Nordhessen,
justech-ag.com,unknown,1.0,0,
mkoenig-software.de,unknown,1.0,0,
fb3.fra-uas.de,unknown,1.0,0,
roland-electronic.com,unknown,1.0,0,
grundschule-oberweier.de,unknown,1.0,0,
baumann-baltner.de,unknown,1.0,0,
tik.uni-stuttgart.de,Germany,2.0,Universität Stuttgart,
mvz-seelische-gesundheit.de,unknown,1.0,0,
servicerebell.de,unknown,1.0,0,
maennle.org,unknown,1.0,0,
de.storck.com,unknown,1.0,0,
schondorff.com,unknown,1.0,0,
girnstein.com,unknown,1.0,0,
gw.hs-fulda.de,Germany,2.0,Hochschule Fulda,
maschinenringe.com,unknown,1.0,0,
surrey.ac.uk,United Kingdom,2.0,University of Surrey,
bghw.de,unknown,1.0,0,
impulse-group.eu,unknown,1.0,0,
hamburgwasser.de,unknown,1.0,0,
gumbrecht.org,unknown,1.0,0,
lernkonzepte-online.de,0,0.0,0.0,
ruf-stuttgart.de,unknown,1.0,0,
mrplan-group.com,unknown,1.0,0,
sturdy.ai,unknown,1.0,0,
tidet.com,unknown,1.0,0,
pietruckdesign.de,unknown,1.0,0,
techno.ms,unknown,1.0,0,
is.tu-darmstadt.de,Germany,2.0,TU Darmstadt,
gabi-feierabend.de,unknown,1.0,0,
stabilo.com,unknown,1.0,0,
schulen-emmen.ch,unknown,1.0,0,
swm.de,unknown,1.0,0,
sarah-elisabeth-mayer.de,unknown,1.0,0,
bistum-fulda.de,unknown,1.0,0,
bremedia-produktion.de,unknown,1.0,0,
koschel-online.de,0,0.0,0.0,
bzn-caritas.at,unknown,1.0,0,
schrickel.cc,unknown,1.0,0,
meyerzuduettingdorf.de,unknown,1.0,0,
bmel.bund.de,unknown,1.0,0,
the-workwell.de,unknown,1.0,0,
johak.at,unknown,1.0,0,
healthcare-convention.com,unknown,1.0,0,
fh-steyr.at,Austria,2.0,Fachhochschulstudiengänge Steyr,
pauls-kappeln.de,unknown,1.0,0,
holidaycheck.com,unknown,1.0,0,
salk.at,unknown,1.0,0,
lbslo1.snv.at,unknown,1.0,0,
schortemeier-schmelzer.de,unknown,1.0,0,
chemie.tu-freiberg.de,Germany,2.0,TU Bergakademie Freiberg,
britta-voss.de,unknown,1.0,0,
glia-leadership.com,unknown,1.0,0,
gesundheitsforen.net,unknown,1.0,0,
familie-ganal.de,unknown,1.0,0,
scholze-consulting.de,unknown,1.0,0,
northeastern.edu,United States,2.0,Northeastern University,
designwhiz.de,unknown,1.0,0,
onpoint-agentur.de,unknown,1.0,0,
sg.ch,unknown,1.0,0,
learning-lab.de,unknown,1.0,0,
laaany.com,unknown,1.0,0,
esgf.de,unknown,1.0,0,
daa.ch,unknown,1.0,0,
benntec.de,unknown,1.0,0,
emverbund.de,unknown,1.0,0,
egner.ch,unknown,1.0,0,
berg-bsb.de,unknown,1.0,0,
kargah.de,unknown,1.0,0,
translatissimo.de,unknown,1.0,0,
sab-duisburg.de,unknown,1.0,0,
niederle-online.de,0,0.0,0.0,
guenterstoeger.at,unknown,1.0,0,
it-stelle.justiz.hessen.de,unknown,1.0,0,
rpc-partners.com,unknown,1.0,0,
roethler.at,unknown,1.0,0,
bsevita.at,unknown,1.0,0,
pinkoss.de,unknown,1.0,0,
fulterer.com,unknown,1.0,0,
dynaxity.at,unknown,1.0,0,
schirmacher.net,unknown,1.0,0,
frischdienst-bgl.de,unknown,1.0,0,
wmb.de,unknown,1.0,0,
brintzinger.com,unknown,1.0,0,
drjohannafischer.de,unknown,1.0,0,
collaboration-design.ch,unknown,1.0,0,
jasmin-zimmer.de,unknown,1.0,0,
innology.ch,unknown,1.0,0,
md-nordrhein.de,unknown,1.0,0,
guehring.de,unknown,1.0,0,
sdzecom.de,unknown,1.0,0,
schulefueralle.at,unknown,1.0,0,
ise.fraunhofer.de,unknown,1.0,0,
eisoldt.com,unknown,1.0,0,
diaserv-braunschweig.de,unknown,1.0,0,
vo.lu,unknown,1.0,0,
up-operations.de,unknown,1.0,0,
shadesandcontrast.com,unknown,1.0,0,
fischer.de,unknown,1.0,0,
niederdahl.de,unknown,1.0,0,
leven-lake.com,unknown,1.0,0,
logber.de,unknown,1.0,0,
eschbach-gymnasium.de,unknown,1.0,0,
moebitz.de,unknown,1.0,0,
robert-galler.de,unknown,1.0,0,
familie-dreyer.de,unknown,1.0,0,
andrea-struckmeier.de,unknown,1.0,0,
oentrich.com,unknown,1.0,0,
messe-duesseldorf.de,unknown,1.0,0,
dinmedia.de,unknown,1.0,0,
mobilepics.de,unknown,1.0,0,
conas.at,unknown,1.0,0,
schweikarts-vom-dach.de,unknown,1.0,0,
gellings.de,unknown,1.0,0,
melarancio.de,unknown,1.0,0,
bold-advisors.com,unknown,1.0,0,
bbs-burgdorf.de,unknown,1.0,0,
mediadialog.de,unknown,1.0,0,
familiesoring.de,unknown,1.0,0,
niklasschramm.com,unknown,1.0,0,
helmaxx.at,unknown,1.0,0,
virchowbund.de,unknown,1.0,0,
xund.ch,unknown,1.0,0,
math.uni-frankfurt.de,Germany,2.0,Universität Frankfurt,
bildungscent.de,unknown,1.0,0,
dekiro.de,unknown,1.0,0,
gladigow.de,unknown,1.0,0,
sozialag.de,unknown,1.0,0,
weidmanns.ch,unknown,1.0,0,
ibi.hu-berlin.de,Germany,2.0,HU Berlin,
condec.de,unknown,1.0,0,
qnif.de,unknown,1.0,0,
dedes.info,unknown,1.0,0,
linjal.de,unknown,1.0,0,
tank.rast.de,unknown,1.0,0,
araisch.de,unknown,1.0,0,
saeckl.com,unknown,1.0,0,
umwelt.hessen.de,unknown,1.0,0,
heike-ernst.de,unknown,1.0,0,
eike-seeanner.de,unknown,1.0,0,
avg-trier.de,unknown,1.0,0,
dokupendium.de,unknown,1.0,0,
neo-work.de,unknown,1.0,0,
huebner-frank.de,unknown,1.0,0,
stuhec.com,unknown,1.0,0,
kaussenconsulting.de,unknown,1.0,0,
adamicus.de,unknown,1.0,0,
dpma.de,unknown,1.0,0,
habbel.de,unknown,1.0,0,
digital-fwd.com,unknown,1.0,0,
rochert.de,unknown,1.0,0,
autoelectric.com,unknown,1.0,0,
intesia.com,unknown,1.0,0,
bba.hamburg.de,unknown,1.0,0,
doolk.com,unknown,1.0,0,
ottoundpartner.de,unknown,1.0,0,
juergen-schug.com,unknown,1.0,0,
hpzkrefeld.de,unknown,1.0,0,
exidon.com,unknown,1.0,0,
memrax.de,unknown,1.0,0,
zkw.at,unknown,1.0,0,
grundbildung-lsa.de,unknown,1.0,0,
walter.de,unknown,1.0,0,
dampsoft.de,unknown,1.0,0,
friedberg-hessen.de,unknown,1.0,0,
cash.at,unknown,1.0,0,
tragwerk-s.de,unknown,1.0,0,
messefrankfurt.com,unknown,1.0,0,
ifrc.org,unknown,1.0,0,
schmidt-schweizer.com,unknown,1.0,0,
mittenimseminar.de,unknown,1.0,0,
jnkeitel.de,unknown,1.0,0,
ruedigerliebe.de,unknown,1.0,0,
khib.de,unknown,1.0,0,
ngg.net,unknown,1.0,0,
convanced.de,unknown,1.0,0,
intermed.de,unknown,1.0,0,
marvecs-zentiva.de,unknown,1.0,0,
mudda.de,unknown,1.0,0,
pws-passau.de,unknown,1.0,0,
vilain.de,unknown,1.0,0,
bertram-edv.de,unknown,1.0,0,
regenstauf.org,unknown,1.0,0,
mynter.de,unknown,1.0,0,
ezvk.de,unknown,1.0,0,
kleuckling.de,unknown,1.0,0,
dife.de,unknown,1.0,0,
dritter-orden.org,unknown,1.0,0,
hannover-stadt.de,unknown,1.0,0,
tchibo.de,unknown,1.0,0,
gampper.de,unknown,1.0,0,
gs1.de,unknown,1.0,0,
mlconsult.com,unknown,1.0,0,
berami.de,unknown,1.0,0,
hwk-koblenz.de,unknown,1.0,0,
azbuki-school.bg,unknown,1.0,0,
sabine-schweiger.de,unknown,1.0,0,
tishmanspeyer.de,unknown,1.0,0,
mpil.de,unknown,1.0,0,
rauheshaus.de,unknown,1.0,0,
irm.uzh.ch,Switzerland,2.0,Universität Zürich,
dioezese-linz.at,unknown,1.0,0,
eplan.de,unknown,1.0,0,
walserconsult.com,unknown,1.0,0,
bndlg.de,unknown,1.0,0,
vk.com,unknown,1.0,0,
jwdesign-erfurt.de,unknown,1.0,0,
wdb.agency,unknown,1.0,0,
recursor.net,unknown,0.0,0.0,
comemo.de,unknown,1.0,0,
internorm.com,unknown,1.0,0,
awo-der-sommerberg.de,unknown,1.0,0,
saluda.de,unknown,1.0,0,
actemium.de,unknown,1.0,0,
vit.de,unknown,1.0,0,
traxit.com,unknown,1.0,0,
dgq.de,unknown,1.0,0,
caritas-akademie-koeln.de,unknown,1.0,0,
dreher-gmbh.de,unknown,1.0,0,
hummelbrunner.de,unknown,1.0,0,
dirkmurschall.de,unknown,1.0,0,
guetersloh.de,unknown,1.0,0,
smh-analytics.de,unknown,1.0,0,
merito.pl,unknown,1.0,0,
wemanage.de,unknown,1.0,0,
oltmerconsulting.de,unknown,1.0,0,
dhg-freiburg.de,unknown,1.0,0,
humandigitals.de,unknown,1.0,0,
jobstonline.de,0,0.0,0.0,
kadeutsch.org,unknown,1.0,0,
posteo.uk,0,0.0,0.0,
lb-consult.eu,unknown,1.0,0,
vc-g.de,unknown,1.0,0,
stabi-hb.de,unknown,1.0,0,
else-schwarz.de,unknown,1.0,0,
ptw.tu-darmstadt.de,Germany,2.0,TU Darmstadt,
iav.ac.ma,unknown,1.0,0,
g-direct.de,unknown,1.0,0,
feix.digital,unknown,1.0,0,
vhu.de,unknown,1.0,0,
kanti-baden.ch,unknown,1.0,0,
smart2success.com,unknown,1.0,0,
bgr.de,unknown,1.0,0,
overweb.de,0,0.0,0.0,
baeren-family.de,unknown,1.0,0,
hotmail.de,unknown,0.0,0.0,
marcelegli.com,unknown,1.0,0,
rheineuss.de,unknown,1.0,0,
okm.bistum365.de,unknown,1.0,0,
ai.uni-hannover.de,Germany,2.0,Universität Hannover,
bwi.uni-stuttgart.de,Germany,2.0,Universität Stuttgart,
bkk-akademie.de,unknown,1.0,0,
schlenk.de,unknown,1.0,0,
euregio-gymnasium.de,unknown,1.0,0,
gsg.lernsax.de,unknown,1.0,0,
sladkowski.ch,unknown,1.0,0,
buero-hack.de,unknown,1.0,0,
bbz-dithmarschen.de,unknown,1.0,0,
nepomucenum.de,unknown,1.0,0,
weinaug.eu,unknown,1.0,0,
gedenkstaette-flossenbuerg.de,unknown,1.0,0,
instantolap.de,unknown,1.0,0,
sandersonfarms.com,unknown,1.0,0,
merantix-momentum.com,unknown,1.0,0,
walther-text.de,unknown,1.0,0,
pflegeservice-hayat.de,unknown,1.0,0,
spengergasse.at,unknown,1.0,0,
goldbeck.de,unknown,1.0,0,
fresch-webdesign.de,unknown,1.0,0,
ponturo.de,unknown,1.0,0,
bruett.net,unknown,1.0,0,
bluprnt.de,unknown,1.0,0,
warneke.io,unknown,1.0,0,
gei.de,unknown,1.0,0,
redhaus.at,unknown,1.0,0,
klinik-bavaria.de,unknown,1.0,0,
schneider-kabelsatzbau.de,unknown,1.0,0,
lennartgehl.com,unknown,1.0,0,
hartmann.info,unknown,1.0,0,
ulm-dsl.de,unknown,1.0,0,
penier.de,unknown,1.0,0,
asvoe.at,unknown,1.0,0,
sekundarschule-vreden.de,unknown,1.0,0,
xforu.de,unknown,1.0,0,
nowystyl.com,unknown,1.0,0,
akkuratec-mb.de,unknown,1.0,0,
mseifert.net,unknown,1.0,0,
ak-neuss.de,unknown,1.0,0,
et.hs-fulda.de,Germany,2.0,Hochschule Fulda,
st-ursula-gymnasium.de,unknown,1.0,0,
wagner-group.com,unknown,1.0,0,
ursulinen-salzburg.at,unknown,1.0,0,
schloss-wackerbarth.de,unknown,1.0,0,
perema.de,unknown,1.0,0,
solution-architects.de,unknown,1.0,0,
detmold.de,unknown,1.0,0,
sns-mediaconsult.de,unknown,1.0,0,
brz.eu,unknown,1.0,0,
davidhilbert.de,unknown,1.0,0,
ep-reisen.de,unknown,1.0,0,
jorzick.com,unknown,1.0,0,
sichtgut.de,unknown,1.0,0,
quanto-solutions.de,unknown,1.0,0,
koennen-und-wissen.de,unknown,1.0,0,
bs.nttdata.com,unknown,1.0,0,
lifemail.ch,unknown,1.0,0,
paulhenkel.com,unknown,1.0,0,
schriftbar.de,unknown,1.0,0,
blogservice-fuerth.de,unknown,1.0,0,
lgt.com,unknown,1.0,0,
verbesserung.jetzt,unknown,1.0,0,
audibkk.de,unknown,1.0,0,
profin-solutions.de,unknown,1.0,0,
rpra-a.bayern.de,unknown,1.0,0,
swn-nett.de,unknown,1.0,0,
bbs-suew.de,unknown,1.0,0,
innotech-ing.de,unknown,1.0,0,
peterheidkamp.com,unknown,1.0,0,
student.ubc.ca,Canada,2.0,University of British Columbia,
svenhofmann.info,unknown,1.0,0,
tfm.thueringen.de,unknown,1.0,0,
b-rex.de,unknown,1.0,0,
stud.hawk.de,Germany,2.0,Hochschule Hildesheim/Holzminden/Göttingen,
trendview.de,unknown,1.0,0,
stroi.de,unknown,1.0,0,
dockweiler-ia.com,unknown,1.0,0,
an42.de,unknown,1.0,0,
medikadat.de,unknown,1.0,0,
horizonte-nv.de,unknown,1.0,0,
csie.ase.ro,Romania,2.0,Academia de Studii Economice din Bucuresti,
jung-grasberg.de,unknown,1.0,0,
bnhof.de,unknown,1.0,0,
minervis.com,unknown,1.0,0,
gerdsaretzki.com,unknown,1.0,0,
weg-schwabach.de,unknown,1.0,0,
lhm-services.de,unknown,1.0,0,
bitmarck.de,unknown,1.0,0,
currenta.biz,unknown,1.0,0,
bs-nea.de,unknown,1.0,0,
afari.eu,unknown,1.0,0,
scgg.eu,unknown,1.0,0,
hofmann.info,unknown,1.0,0,
orbit.de,unknown,1.0,0,
bcgering.de,unknown,1.0,0,
printvision.de,unknown,1.0,0,
nataliebrueck.com,unknown,1.0,0,
gymzwiesel.info,unknown,1.0,0,
igsno.de,unknown,1.0,0,
sigrid-knorr.de,unknown,1.0,0,
team-sinnreich.de,unknown,1.0,0,
weisze.de,unknown,1.0,0,
schwarzwald-ki.de,unknown,1.0,0,
stuport.fra-uas.de,unknown,1.0,0,
invia-freiburg.de,unknown,1.0,0,
evival.net,unknown,1.0,0,
bhzp.de,unknown,1.0,0,
oeamtc.at,unknown,1.0,0,
rusek.biz,unknown,1.0,0,
linne.schule,unknown,1.0,0,
sibillebaier.de,unknown,1.0,0,
von-mengershausen.de,unknown,1.0,0,
comercio.mineco.es,unknown,1.0,0,
karogym.de,unknown,1.0,0,
michaherrmann.de,unknown,1.0,0,
jochen-lindner.de,unknown,1.0,0,
schoeler.de,unknown,1.0,0,
a.theredcube.de,unknown,1.0,0,
esri.de,unknown,1.0,0,
it-profi-hamburg.de,unknown,1.0,0,
evsig.de,unknown,1.0,0,
asa-digital.de,unknown,1.0,0,
trashmail.de,unknown,0.0,0.0,
bzu.ch,unknown,1.0,0,
krams-immobilien.de,unknown,1.0,0,
humanas.de,unknown,1.0,0,
lifesoundssmart.com,unknown,1.0,0,
vops.de,unknown,1.0,0,
hk.systems,unknown,1.0,0,
nkuenzel.de,unknown,1.0,0,
taxmind.de,unknown,1.0,0,
minalord.berlin,unknown,1.0,0,
kvbb.de,unknown,1.0,0,
ibw.uni-hannover.de,Germany,2.0,Universität Hannover,
zgb-buchen.de,unknown,1.0,0,
cti-brands.de,unknown,1.0,0,
vsp-bl.ch,unknown,1.0,0,
drkborken.de,unknown,1.0,0,
ra-region-koeln.de,unknown,1.0,0,
akademie-klausenhof.de,unknown,1.0,0,
sos-kinderdorf.de,unknown,1.0,0,
ks-auxilia.de,unknown,1.0,0,
waycross.eu,unknown,1.0,0,
fm.nrw.de,unknown,1.0,0,
silkearfmann.de,unknown,1.0,0,
mail.aachen.de,unknown,1.0,0,
edu.lmu.de,Germany,2.0,Universität München,
prowood.org,unknown,1.0,0,
tebis.com,unknown,1.0,0,
infraserv.gendorf.de,unknown,1.0,0,
ville-gymnasium.de,unknown,1.0,0,
innovate4lifescience.com,unknown,1.0,0,
d-s-e-e.de,unknown,1.0,0,
eqvox.com,unknown,1.0,0,
oeko-komp.de,unknown,1.0,0,
wenko.de,unknown,1.0,0,
hohengarten.de,unknown,1.0,0,
at.ebmpapst.com,unknown,1.0,0,
josam.de,unknown,1.0,0,
volkswagen-groupservices.com,unknown,1.0,0,
btz-heilbronn.de,unknown,1.0,0,
gapinfo.de,unknown,1.0,0,
magna-c.de,unknown,1.0,0,
hilgmbh.de,unknown,1.0,0,
vinci-energies.de,unknown,1.0,0,
bsw.hamburg.de,unknown,1.0,0,
blockcoach.de,unknown,1.0,0,
teibler.de,unknown,1.0,0,
fassbenderhome.de,unknown,1.0,0,
wertewandel-verein.de,unknown,1.0,0,
puetter-online.de,0,0.0,0.0,
wbv.de,unknown,1.0,0,
mohrdieck.eu,unknown,1.0,0,
frauglahn.de,unknown,1.0,0,
drv-berlin-brandenburg.de,unknown,1.0,0,
martin-bendig.com,unknown,1.0,0,
vp-systeme.de,unknown,1.0,0,
dorsch.de,unknown,1.0,0,
reinisch-home.de,unknown,1.0,0,
spiotro.de,unknown,1.0,0,
reinickendorf.berlin.de,unknown,1.0,0,
szf.at,unknown,1.0,0,
everblue-consulting.com,unknown,1.0,0,
dushe.de,unknown,1.0,0,
kodematics.com,unknown,1.0,0,
kulturstiftung-bund.de,unknown,1.0,0,
sw-stuttgart.de,unknown,1.0,0,
vmv-mbh.de,unknown,1.0,0,
wsuttergmbh.de,unknown,1.0,0,
iqo.uni-hannover.de,Germany,2.0,Universität Hannover,
kranjcic.de,unknown,1.0,0,
parker.com,unknown,1.0,0,
stadt.wuppertal.de,unknown,1.0,0,
spectrum3.ch,unknown,1.0,0,
nebenius-realschule.de,unknown,1.0,0,
herzinger.net,unknown,1.0,0,
alsbofsheim.de,unknown,1.0,0,
cinnamonstar.de,unknown,1.0,0,
digitalcharm.de,unknown,1.0,0,
service-handwerk.de,unknown,1.0,0,
dchris.net,unknown,1.0,0,
immoswiss.cl,unknown,1.0,0,
idealtours.at,unknown,1.0,0,
kshp.ch,unknown,1.0,0,
bu-sch.de,unknown,1.0,0,
richterschema.de,unknown,1.0,0,
niesky.de,unknown,1.0,0,
nic-id.de,unknown,1.0,0,
lrakn.de,unknown,1.0,0,
podlesny.io,unknown,1.0,0,
bischoff-luebeck.de,unknown,1.0,0,
beulco.de,unknown,1.0,0,
apmsg.de,unknown,1.0,0,
deer-consulting.de,unknown,1.0,0,
virtual-identity.com,unknown,1.0,0,
schlecht2000.de,unknown,1.0,0,
sirus.de,unknown,1.0,0,
yellow-boat.com,unknown,1.0,0,
heart-of-gold.de,unknown,1.0,0,
awo-spi.de,unknown,1.0,0,
lkgp.de,unknown,1.0,0,
tinner.ch,unknown,1.0,0,
wulf-luck.de,unknown,1.0,0,
bechtel.de,unknown,1.0,0,
schulit-nk.de,unknown,1.0,0,
rombocombo.com,unknown,1.0,0,
ibvogt.com,unknown,1.0,0,
diacom-altenhilfe.de,unknown,1.0,0,
bigger.ch,unknown,1.0,0,
perspektiwo.de,unknown,1.0,0,
piagroup.com,unknown,1.0,0,
athenetz.de,unknown,1.0,0,
cordes-ip.com,unknown,1.0,0,
neukirchener.de,unknown,1.0,0,
schaeferborbeck.de,unknown,1.0,0,
oesers.net,unknown,1.0,0,
hediger.online,unknown,1.0,0,
stoic-analytics.com,unknown,1.0,0,
ualg.pt,Portugal,2.0,Universidade do Algarve,
neffetzz.de,unknown,1.0,0,
wenskus.com,unknown,1.0,0,
gms-neubulach.de,unknown,1.0,0,
studiososa.de,unknown,1.0,0,
stadt.freiburg.de,unknown,1.0,0,
hamburg-mitte.hamburg.de,unknown,1.0,0,
mainzer-stadtwerke.de,unknown,1.0,0,
katsiak.com,unknown,1.0,0,
hornungmail.de,0,0.0,0.0,
derratz.de,unknown,1.0,0,
romutec.de,unknown,1.0,0,
bs3-bamberg.de,unknown,1.0,0,
icn-artem.com,unknown,1.0,0,
datenschutz-trier.com,unknown,1.0,0,
gandre.de,unknown,1.0,0,
julianlaidig.com,unknown,1.0,0,
giepen.net,unknown,1.0,0,
taltech.ee,unknown,1.0,0,
publicone.com,unknown,1.0,0,
mc-zirkel.de,unknown,1.0,0,
source-one.de,unknown,1.0,0,
schulen.regensburg.de,unknown,1.0,0,
samsongroup.com,unknown,1.0,0,
konzept17.de,unknown,1.0,0,
schriftdolmetscher-nrw.de,unknown,1.0,0,
frankfurth.net,unknown,1.0,0,
strodtkoetter.com,unknown,1.0,0,
birkles.de,unknown,1.0,0,
cg-wittlich.eu,unknown,1.0,0,
derkrieger.ch,unknown,1.0,0,
urimat.com,unknown,1.0,0,
muenet.de,unknown,1.0,0,
lex.tm,unknown,1.0,0,
b0z.de,unknown,1.0,0,
eurosoc-digital.org,unknown,1.0,0,
uzbonn.de,unknown,1.0,0,
uhlig-schoenian.de,unknown,1.0,0,
akademie-aknw.de,unknown,1.0,0,
haenel.biz,unknown,1.0,0,
lksuedwestpfalz.de,unknown,1.0,0,
fluetke.eu,unknown,1.0,0,
itkam.org,unknown,1.0,0,
unterlechner.net,unknown,1.0,0,
std.yildiz.edu.tr,Turkey,2.0,Yildiz Technical University,
lsbg.hamburg.de,unknown,1.0,0,
mtk.org,unknown,1.0,0,
osz-jas.de,unknown,1.0,0,
ingo-weishaupt.de,unknown,1.0,0,
wirthwein.de,unknown,1.0,0,
mw-kempten.de,unknown,1.0,0,
dawid.cd,unknown,1.0,0,
infratec.de,unknown,1.0,0,
it-soft.com,unknown,1.0,0,
cowoxu.eu,unknown,1.0,0,
abc-bau.de,unknown,1.0,0,
olpe.de,unknown,1.0,0,
item24.com,unknown,1.0,0,
orbitalis.de,unknown,1.0,0,
minhongzhang.com,unknown,1.0,0,
hvsv.de,unknown,1.0,0,
inspektour.de,unknown,1.0,0,
sausen84.de,unknown,1.0,0,
kps.com,unknown,1.0,0,
matthias-haenisch.de,unknown,1.0,0,
training-deluxe.de,unknown,1.0,0,
bfw-dortmund.de,unknown,1.0,0,
fastmail.fm,unknown,0.0,0.0,
hoerwi.de,unknown,1.0,0,
baumgroup.de,unknown,1.0,0,
hfg-offenbach.de,Germany,2.0,Hochschule für Gestaltung Offenbach,
hhg-calw.de,unknown,1.0,0,
vormstein.onmicrosoft.com,unknown,1.0,0,
katag.net,unknown,1.0,0,
yougain.de,unknown,1.0,0,
psb-gmbh.de,unknown,1.0,0,
munv.nrw.de,unknown,1.0,0,
akbk-muenster.de,unknown,1.0,0,
gpe-mainz.de,unknown,1.0,0,
bbz-rd-eck.de,unknown,1.0,0,
flex-pos.com,unknown,1.0,0,
a-kaffenberger.de,unknown,1.0,0,
matthias-hochmuth.de,unknown,1.0,0,
stadt-witten.de,unknown,1.0,0,
22grounded.org,unknown,1.0,0,
bytehike.de,unknown,1.0,0,
geitmann.de,unknown,1.0,0,
klecka.at,unknown,1.0,0,
ra-wessel.de,unknown,1.0,0,
teamaffairs.de,unknown,1.0,0,
igb-berlin.de,unknown,1.0,0,
komm-passion.de,unknown,1.0,0,
socialimpact.eu,unknown,1.0,0,
distart.de,unknown,1.0,0,
glockenspitz.de,unknown,1.0,0,
ftn.thm.de,Germany,2.0,Technische Hochschule Mittelhessen,
argo-hytos.com,unknown,1.0,0,
fernkurs-wuerzburg.de,unknown,1.0,0,
wilhelm-busch-gymnasium.de,unknown,1.0,0,
moetzingen.de,unknown,1.0,0,
berufskolleg-aachen.de,unknown,1.0,0,
wirtschaft.hessen.de,unknown,1.0,0,
durr.com,unknown,1.0,0,
bruchwalski.de,unknown,1.0,0,
nexigroup.com,unknown,1.0,0,
leser.de,unknown,1.0,0,
oclc.org,unknown,1.0,0,
noha-cons.de,unknown,1.0,0,
kolb-partner.net,unknown,1.0,0,
bineli.de,unknown,1.0,0,
cibonline.at,unknown,1.0,0,
posteo.co,0,0.0,0.0,
biele-mefebue.de,unknown,1.0,0,
hhg-hamburg.de,unknown,1.0,0,
waiys.com,unknown,1.0,0,
coduco.de,unknown,1.0,0,
loxxess.com,unknown,1.0,0,
inside-online.de,0,0.0,0.0,
zs-paletten.de,unknown,1.0,0,
dula.de,unknown,1.0,0,
biomat.uni-freiburg.de,Germany,2.0,Universität Freiburg,
emma-sleep.com,unknown,1.0,0,
gukenbiehl.eu,unknown,1.0,0,
leonhards.de,unknown,1.0,0,
gkv.ac.in,unknown,1.0,0,
angelika-kindt.de,unknown,1.0,0,
3kw.de,unknown,1.0,0,
db.com,unknown,1.0,0,
eventus-gmbh.com,unknown,1.0,0,
jbc-consulting.de,unknown,1.0,0,
career-franklin.de,unknown,1.0,0,
weidmueller.com,unknown,1.0,0,
neumuenster.de,unknown,1.0,0,
cfm-charite.de,Germany,2.0,Charité - Universitätsmedizin Berlin,
griesson.de,unknown,1.0,0,
brueggen.com,unknown,1.0,0,
orsbap.com,unknown,1.0,0,
sinusquadrat.com,unknown,1.0,0,
ionos.com,unknown,1.0,0,
mediakonzepte.com,unknown,1.0,0,
graudata.com,unknown,1.0,0,
lb.sem-bw.org,unknown,1.0,0,
deutsche-leasing.com,unknown,1.0,0,
samum.ch,unknown,1.0,0,
juris.de,unknown,1.0,0,
md-bund.de,unknown,1.0,0,
jesus.ch,unknown,1.0,0,
eipos.de,unknown,1.0,0,
haraldkreuzer.net,unknown,1.0,0,
cms.hu-berlin.de,Germany,2.0,HU Berlin,
mmehn.de,unknown,1.0,0,
nauerd.de,unknown,1.0,0,
technical-office.de,unknown,1.0,0,
dfs.de,unknown,1.0,0,
iccento.com,unknown,1.0,0,
grosse-kappenberg.de,unknown,1.0,0,
bbs1-delmenhorst.de,unknown,1.0,0,
staatsaffaire.com,unknown,1.0,0,
max-lange.de,unknown,1.0,0,
time-change.com,unknown,1.0,0,
niedax.de,unknown,1.0,0,
rechenmacher.it,unknown,1.0,0,
athora.com,unknown,1.0,0,
student.ibs-ol.de,Germany,2.0,Berufsakademie für IT und Wirtschaft,
bcb.gmbh,unknown,1.0,0,
zalf.de,unknown,1.0,0,
diakonie-ruhr.de,unknown,1.0,0,
eurobalance.de,unknown,1.0,0,
movis.ch,unknown,1.0,0,
cadell.eu,unknown,1.0,0,
dr-roensberg.com,unknown,1.0,0,
hinzes.de,unknown,1.0,0,
wappensc.de,unknown,1.0,0,
kumax.de,unknown,1.0,0,
hoehn-mail.de,0,0.0,0.0,
axilaris.de,unknown,1.0,0,
evodion.de,unknown,1.0,0,
curtis.com,unknown,1.0,0,
bergamin.info,unknown,1.0,0,
blueskyfl.com,unknown,1.0,0,
presseverband-bielefeld.de,unknown,1.0,0,
rho.nl,unknown,1.0,0,
bghollabrunn.ac.at,unknown,1.0,0,
louisenlund.de,unknown,1.0,0,
ini.de,unknown,1.0,0,
forst.hessen.de,unknown,1.0,0,
de.abb.com,unknown,1.0,0,
fewo-reetdachhaus.de,unknown,1.0,0,
gigamo.de,unknown,1.0,0,
kthomas.de,unknown,1.0,0,
weber-direkt.com,unknown,1.0,0,
conante.de,unknown,1.0,0,
jks-oe.de,unknown,1.0,0,
oliver-koenig.com,0,0.0,0.0,
panic-pictures.de,unknown,1.0,0,
sip-telefonanlagen.de,unknown,1.0,0,
kolakowski.de,unknown,1.0,0,
styleinc.eu,unknown,1.0,0,
zahn-fuerfeld.de,unknown,1.0,0,
helvetia.de,unknown,1.0,0,
bloedgen.com,unknown,1.0,0,
capricorn-group.ch,unknown,1.0,0,
awo-niederrhein.de,unknown,1.0,0,
delitzsch.de,unknown,1.0,0,
sehnsucht-norden.de,unknown,1.0,0,
emi.fraunhofer.de,unknown,1.0,0,
fserz.de,unknown,1.0,0,
nexperia.com,unknown,1.0,0,
rinke.tv,unknown,1.0,0,
erco.com,unknown,1.0,0,
nbcp.de,unknown,1.0,0,
tracetronic.de,unknown,1.0,0,
mosecker.de,unknown,1.0,0,
reiseregion-flaeming.de,unknown,1.0,0,
moto-pm.de,unknown,1.0,0,
unil.ch,Switzerland,2.0,Université de Lausanne,
nestwaerme.org,unknown,1.0,0,
tim.de,unknown,1.0,0,
bingo-umweltstiftung.de,unknown,1.0,0,
bredex.de,unknown,1.0,0,
blackforestcode.com,unknown,1.0,0,
hoelzlwimmer.com,unknown,1.0,0,
stadtbau-wuerzburg.de,unknown,1.0,0,
wb-consulting.eu,unknown,1.0,0,
parrag.com,unknown,1.0,0,
karls-web.de,0,0.0,0.0,
edataconsulting.de,unknown,1.0,0,
vitamin-text.de,unknown,1.0,0,
batrekhy.de,unknown,1.0,0,
asb-zwickau.de,unknown,1.0,0,
rsag-online.de,0,0.0,0.0,
potsdam-sciencepark.de,unknown,1.0,0,
greife.net,unknown,1.0,0,
sciencespo-lille.eu,unknown,1.0,0,
hm.com,unknown,1.0,0,
edorex.ch,unknown,1.0,0,
bfw-wuerzburg.de,unknown,1.0,0,
majaschulz.de,unknown,1.0,0,
gratz.de,unknown,1.0,0,
glock-dtp.de,unknown,1.0,0,
juri.name,unknown,1.0,0,
lernwerkstatt-oststadt.de,unknown,1.0,0,
maginot.de,unknown,1.0,0,
peter-behrens-schule.de,unknown,1.0,0,
digitaldurstig.de,unknown,1.0,0,
taures.de,unknown,1.0,0,
arlafoods.com,unknown,1.0,0,
ffg-dbr.de,unknown,1.0,0,
bitmedia.at,unknown,1.0,0,
etage3.com,unknown,1.0,0,
all-for-one.com,unknown,1.0,0,
danybeyer.de,unknown,1.0,0,
ts.berlin,unknown,1.0,0,
fczb.de,unknown,1.0,0,
student.jade-hs.de,Germany,2.0,Hochschule Wilhelmshaven/Oldenburg/Elsfleth,
sylviabernhardt.de,unknown,1.0,0,
tmuen.thueringen.de,unknown,1.0,0,
arisha.de,unknown,1.0,0,
rsi-eupen.be,unknown,1.0,0,
bomsdorf.cc,unknown,1.0,0,
onat.top,unknown,1.0,0,
bwsa-group.de,unknown,1.0,0,
goldmedia.de,unknown,1.0,0,
rr-pr.com,unknown,1.0,0,
metz-connect.com,unknown,1.0,0,
nttdata.com,unknown,1.0,0,
bwconsulting.de,unknown,1.0,0,
mattsee.schule,unknown,1.0,0,
thueringen-entdecken.de,unknown,1.0,0,
awmw.org,unknown,1.0,0,
susannemain.de,unknown,1.0,0,
tettnang.de,unknown,1.0,0,
danielyan.de,unknown,1.0,0,
utu.fi,Finland,2.0,University of Turku,
wbscodingschool.com,unknown,1.0,0,
stauffenbergschule-frankfurt.de,unknown,1.0,0,
medien.rwth-aachen.de,Germany,2.0,RWTH Aachen,
kienbacher.at,unknown,1.0,0,
spam.care,unknown,1.0,0,
ki-offensive.com,unknown,1.0,0,
rsvoh.de,unknown,1.0,0,
effner.de,unknown,1.0,0,
via-berlin.de,unknown,1.0,0,
gallitzendoerfer.net,unknown,1.0,0,
ib-issum.de,unknown,1.0,0,
peterschwoebel.de,unknown,1.0,0,
cwd-solution.com,unknown,1.0,0,
mpsoftware.de,unknown,1.0,0,
klees-mail.de,0,0.0,0.0,
nielsen.com,unknown,1.0,0,
die-essgefaehrten.de,unknown,1.0,0,
bs5-augsburg.de,unknown,1.0,0,
oesterle-ulm.de,unknown,1.0,0,
faltbox.de,unknown,1.0,0,
sk-jugend.de,unknown,1.0,0,
ines-robbers.de,unknown,1.0,0,
outlook.sg,unknown,0.0,0.0,
buzz-consulting.de,unknown,1.0,0,
denkabenteuer.de,unknown,1.0,0,
kbv.de,unknown,1.0,0,
babbel.com,unknown,1.0,0,
otto-schmidt.de,unknown,1.0,0,
both-directions.com,unknown,1.0,0,
lessingtiede.de,unknown,1.0,0,
mann-hummel.com,unknown,1.0,0,
bwgs.de,unknown,1.0,0,
mail.ntua.gr,Greece,2.0,National Technical University of Athens,
effective-world.com,unknown,1.0,0,
mbu-gym.de,unknown,1.0,0,
filesup.de,unknown,1.0,0,
mt-baltics.com,unknown,1.0,0,
fc-gruppe.de,unknown,1.0,0,
carlalangner.de,unknown,1.0,0,
diakonissen.at,unknown,1.0,0,
jennifer-triebel.de,unknown,1.0,0,
wierzbald.com,unknown,1.0,0,
boconpro.de,unknown,1.0,0,
knorr-bremse.com,unknown,1.0,0,
sz.uni-stuttgart.de,Germany,2.0,Universität Stuttgart,
phygeo.uni-hannover.de,Germany,2.0,Universität Hannover,
lambsdorff-cie.de,unknown,1.0,0,
intensivlernen.de,unknown,1.0,0,
schuleambreitenluch.de,unknown,1.0,0,
iww.de,unknown,1.0,0,
dr-reinhard-titel.de,unknown,1.0,0,
bs08.eu,unknown,1.0,0,
gewi.de,unknown,1.0,0,
pia-maria.de,unknown,1.0,0,
dde.kyocera.com,unknown,1.0,0,
email.cz,unknown,0.0,0.0,
staaden.net,unknown,1.0,0,
wuerth-ag.ch,unknown,1.0,0,
schreib-manufaktur.de,unknown,1.0,0,
sanofi.com,unknown,1.0,0,
enercity.de,unknown,1.0,0,
konrad-martin-haus.de,unknown,1.0,0,
constanzeholzwarth.com,unknown,1.0,0,
jacobeit.de,unknown,1.0,0,
lbv.brandenburg.de,unknown,1.0,0,
slzb.de,unknown,1.0,0,
wis-gmbh.de,unknown,1.0,0,
boehmerle.de,unknown,1.0,0,
gevita.de,unknown,1.0,0,
rw-kupplungen.de,unknown,1.0,0,
schulstiftung-freiburg.de,unknown,1.0,0,
choices.at,unknown,1.0,0,
studioimnetz.de,unknown,1.0,0,
wolfram-consult.com,unknown,1.0,0,
mint-vernetzt.de,unknown,1.0,0,
sartre-gymnasium.de,unknown,1.0,0,
swan.de,unknown,1.0,0,
rudern.de,unknown,1.0,0,
marien-hospital.com,unknown,1.0,0,
berlin-wasserturm.de,unknown,1.0,0,
drklvnds.de,unknown,1.0,0,
provinzial.com,unknown,1.0,0,
edu.aau.at,unknown,1.0,0,
the-aidgency.de,unknown,1.0,0,
csv-software.de,unknown,1.0,0,
luebeck.de,unknown,1.0,0,
babtec.de,unknown,1.0,0,
jura.com,unknown,1.0,0,
flash4school.de,unknown,1.0,0,
rmbk.de,unknown,1.0,0,
droemlingschule.de,unknown,1.0,0,
ylem.at,unknown,1.0,0,
jm.lernsax.de,unknown,1.0,0,
hernie.de,unknown,1.0,0,
mariannevoit.de,unknown,1.0,0,
ub.tum.de,Germany,2.0,TU München,
mfk.fau.de,Germany,2.0,Universität Erlangen-Nürnberg,
steva.org,unknown,1.0,0,
doerner-ing.com,unknown,1.0,0,
rockwool.com,unknown,1.0,0,
uumm.de,unknown,1.0,0,
behringer.net,unknown,1.0,0,
erfolgsmanufaktur.de,unknown,1.0,0,
promedio-halle.de,unknown,1.0,0,
ingridsteiner.com,unknown,1.0,0,
flores-santiago.de,unknown,1.0,0,
geg-bu.de,unknown,1.0,0,
buildingminds.com,unknown,1.0,0,
woschu-wob.de,unknown,1.0,0,
ksk.ch,unknown,1.0,0,
rebeccadernbach.de,unknown,1.0,0,
proton.me,0,0.0,0.0,
lsb-brandenburg.de,unknown,1.0,0,
urbansillmann.de,unknown,1.0,0,
sdks-rottenburg.de,unknown,1.0,0,
sbwil.org,unknown,1.0,0,
vfm-gruppe.de,unknown,1.0,0,
bernkastel-wittlich.de,unknown,1.0,0,
sfl-nw.bildung-rp.de,unknown,1.0,0,
collato.com,unknown,1.0,0,
gemeinschaftspraxis-friedl.de,unknown,1.0,0,
langlois.de,unknown,1.0,0,
catalyt.de,unknown,1.0,0,
landkreistag-bw.de,unknown,1.0,0,
awater3d.com,unknown,1.0,0,
anne-christine-bischops.de,unknown,1.0,0,
tutool.io,unknown,1.0,0,
hkk.de,unknown,1.0,0,
vddecken.com,unknown,1.0,0,
familie-fendrich.de,unknown,1.0,0,
geskes.net,unknown,1.0,0,
kentsch-hattingen.de,unknown,1.0,0,
pnmszwettl.ac.at,unknown,1.0,0,
brigittelichtner.com,unknown,1.0,0,
ronecker.net,unknown,1.0,0,
schueler.fmsg-speyer.de,unknown,1.0,0,
johaho.de,unknown,1.0,0,
janus-productions.de,unknown,1.0,0,
dr-molter.com,unknown,1.0,0,
montessori-starnberg.de,unknown,1.0,0,
lun.ag,unknown,1.0,0,
team-word.com,unknown,1.0,0,
greator.com,unknown,1.0,0,
labbe-cie.de,unknown,1.0,0,
fosbos-kempten.de,unknown,1.0,0,
bbs-rohrbach.at,unknown,1.0,0,
nydigital.de,unknown,1.0,0,
arf-gmbh.de,unknown,1.0,0,
sandrabrauer.de,unknown,1.0,0,
sorpresa-online.de,0,0.0,0.0,
neunerofficial.eu,unknown,1.0,0,
luftmail.de,0,0.0,0.0,
ecole.at,unknown,1.0,0,
bercelisuli.hu,unknown,1.0,0,
zeyringer.at,unknown,1.0,0,
klinikum-weissenhof.de,unknown,1.0,0,
diakonie.de,unknown,1.0,0,
janitos.de,unknown,1.0,0,
ts.groemitz.de,unknown,1.0,0,
minden.de,unknown,1.0,0,
impakt360.com,unknown,1.0,0,
britta-meyer.eu,unknown,1.0,0,
nextdigital.de,unknown,1.0,0,
zibra.de,unknown,1.0,0,
plan-b-zentral.de,unknown,1.0,0,
danglefeet.com,unknown,1.0,0,
fit-for-crossmedia.de,unknown,1.0,0,
hms-architekten.de,unknown,1.0,0,
daad-lektorat.de,unknown,1.0,0,
goldnetz-berlin.de,unknown,1.0,0,
inara.pk,unknown,1.0,0,
delaware.pro,unknown,1.0,0,
dsb.de,unknown,1.0,0,
epiz-berlin.de,unknown,1.0,0,
heidelberg-instruments.com,unknown,1.0,0,
zeitfuerethik.com,unknown,1.0,0,
wp-solution.de,unknown,1.0,0,
entwicklung.eq-3.de,unknown,1.0,0,
villingen-schwenningen.de,unknown,1.0,0,
vollbio.de,unknown,0.0,0.0,
iiu.edu.pk,Pakistan,2.0,International Islamic University,
lsb.nrw,unknown,1.0,0,
spinner-group.com,unknown,1.0,0,
diakonie-hessen.de,unknown,1.0,0,
em.ag,unknown,1.0,0,
sabouret.de,unknown,1.0,0,
barbara-hardy.de,unknown,1.0,0,
oyen.de,unknown,1.0,0,
kalasek.at,unknown,1.0,0,
katja-mundt.ch,unknown,1.0,0,
bibliothek.uni-augsburg.de,Germany,2.0,Universität Augsburg,
raupeundschmetterling.de,unknown,1.0,0,
roetzsch.de,unknown,1.0,0,
kreisspitalstiftung.de,unknown,1.0,0,
kessler-recht.de,unknown,1.0,0,
ngkntk.de,unknown,1.0,0,
schlaun.ms.de,unknown,1.0,0,
hillmeneutik.com,unknown,1.0,0,
sisecam.com,unknown,1.0,0,
ibc-dreier.de,unknown,1.0,0,
wibocon.com,unknown,1.0,0,
haevg-rz.de,unknown,1.0,0,
retailconsultants.de,unknown,1.0,0,
jobstconsult.de,unknown,1.0,0,
mgm-tp.com,unknown,1.0,0,
sandmeier-consulting.de,unknown,1.0,0,
masfelder.de,unknown,1.0,0,
edu.stadt.sg.ch,unknown,1.0,0,
heidberg-hh.de,unknown,1.0,0,
elektronikschule.de,unknown,1.0,0,
vishay.com,unknown,1.0,0,
hice.de,unknown,1.0,0,
lisko.de,unknown,1.0,0,
harmonicdrive.de,unknown,1.0,0,
stud.hs-kl.de,Germany,2.0,Hochschule Kaiserslautern,
kuezh.ch,unknown,1.0,0,
faizeberger.com,unknown,1.0,0,
db-hh.de,unknown,1.0,0,
stefan-heinemann.com,unknown,1.0,0,
dhbw-mosbach.de,Germany,2.0,DHBW,
coachfaktor.de,unknown,1.0,0,
hak-sacre-coeur.at,unknown,1.0,0,
jms-eck.de,unknown,1.0,0,
abruennert.de,unknown,1.0,0,
biodiversity-projects.org,unknown,1.0,0,
nivoba.de,unknown,1.0,0,
cpscon.de,unknown,1.0,0,
breitenstein-consulting.de,unknown,1.0,0,
commerce-beratung.de,unknown,1.0,0,
tfk-consulting.com,unknown,1.0,0,
klinikum-stuttgart.de,unknown,1.0,0,
mowsky.de,unknown,1.0,0,
edu.dhbw-karlsruhe.de,Germany,2.0,DHBW,
janpressler.com,unknown,1.0,0,
hwk-pfalz.de,unknown,1.0,0,
nocodecreators.de,unknown,1.0,0,
kubusev.org,unknown,1.0,0,
team-impuls.de,unknown,1.0,0,
kauler.net,unknown,1.0,0,
yasni.de,unknown,1.0,0,
lumundi.de,unknown,1.0,0,
studio.unibo.it,Italy,2.0,University of Bologna,
bsz-grh.lernsax.de,unknown,1.0,0,
michaelgraf.digital,unknown,1.0,0,
ip.ai,unknown,1.0,0,
ebm-muenchen.de,unknown,1.0,0,
pornokratie.com,unknown,1.0,0,
fragfinn.de,unknown,1.0,0,
cbs-consulting.de,unknown,1.0,0,
obk.de,unknown,1.0,0,
reiseland-brandenburg.de,unknown,1.0,0,
segeberg.de,unknown,1.0,0,
bfi-burgenland.at,unknown,1.0,0,
science2.de,unknown,1.0,0,
freesurf.ch,unknown,1.0,0,
bernhard-gueldner.de,unknown,1.0,0,
christianenaumann.com,unknown,1.0,0,
generali.com,unknown,1.0,0,
kiefel.com,unknown,1.0,0,
ingmar.net,unknown,1.0,0,
mpi-it.com,unknown,1.0,0,
bader-consulting.de,unknown,1.0,0,
anna-schweingel.de,unknown,1.0,0,
yahoo.pl,unknown,0.0,0.0,
mitmedien.net,unknown,1.0,0,
scheubrein.de,unknown,1.0,0,
anne-guentert.de,unknown,1.0,0,
bzpflege.ch,unknown,1.0,0,
ars-limburg.de,unknown,1.0,0,
reisebine.de,unknown,1.0,0,
galope.gmbh,unknown,1.0,0,
kuehnrich.info,unknown,1.0,0,
barbara-hardy.com,unknown,1.0,0,
homolog.de,unknown,1.0,0,
ksbk-bochum.de,unknown,1.0,0,
triplempr.de,unknown,1.0,0,
reshaped.de,unknown,1.0,0,
gms-rain.de,unknown,1.0,0,
glancers.de,unknown,1.0,0,
biotronik.de,unknown,1.0,0,
ki-allianz.de,unknown,1.0,0,
markus-kamp.de,unknown,1.0,0,
soziale-bildung.org,unknown,1.0,0,
io360.de,unknown,1.0,0,
allebrodt.net,unknown,1.0,0,
illustration.space,unknown,1.0,0,
hardtberg-gymnasium.de,unknown,1.0,0,
cottage7.de,unknown,1.0,0,
schule-duebendorf.ch,unknown,1.0,0,
strassel.com,unknown,1.0,0,
bs-linz3.ac.at,unknown,1.0,0,
erletz.de,unknown,1.0,0,
georgmaubach.de,unknown,1.0,0,
4newwork.com,unknown,1.0,0,
getgenius.ai,unknown,1.0,0,
marnem.de,unknown,1.0,0,
dachlow.de,unknown,1.0,0,
diakovere.de,unknown,1.0,0,
mpiwg-berlin.mpg.de,unknown,1.0,0,
hajinejad.de,unknown,1.0,0,
nadine-scheck.de,unknown,1.0,0,
masterplan-consult.de,unknown,1.0,0,
drk-berlin.de,unknown,1.0,0,
tiplu.de,unknown,1.0,0,
digiply.de,unknown,1.0,0,
doppelpunkt.at,unknown,1.0,0,
activemind.legal,unknown,1.0,0,
epirus.com.br,unknown,1.0,0,
martina-troyer.de,unknown,1.0,0,
ulder.de,unknown,1.0,0,
danielmeessen.com,unknown,1.0,0,
gulbet.de,unknown,1.0,0,
e-steiermark.com,unknown,1.0,0,
vonbusch.digital,unknown,1.0,0,
bauer-world.com,unknown,1.0,0,
ag.ch,unknown,1.0,0,
landkreis-osterholz.de,unknown,1.0,0,
sgp-legal.de,unknown,1.0,0,
pbit-systeme.de,unknown,1.0,0,
co2online.de,0,0.0,0.0,
zeilinger.net,unknown,1.0,0,
somedia.ch,unknown,1.0,0,
hinauf.com,unknown,1.0,0,
payoneer.com,unknown,1.0,0,
smu-mail.de,0,0.0,0.0,
neumannangelika.info,unknown,1.0,0,
diploma.de,Germany,2.0,DIPLOMA - FH Nordhessen,
mpw.ch,unknown,1.0,0,
abbelen.de,unknown,1.0,0,
machudi.com,unknown,1.0,0,
sdw-berg.ch,unknown,1.0,0,
grg11.at,unknown,1.0,0,
hiplo.de,unknown,1.0,0,
global.ntt,unknown,1.0,0,
dannemann.com,unknown,1.0,0,
emsland.de,unknown,1.0,0,
klinikum-passau.de,unknown,1.0,0,
nrw-tourismus.de,unknown,1.0,0,
ursulaschulz.com,unknown,1.0,0,
kussmann-gyn.de,unknown,1.0,0,
vitako.de,unknown,1.0,0,
wbg-zentrum.de,unknown,1.0,0,
dtc-solutions.de,unknown,1.0,0,
ivoryssel.com,unknown,1.0,0,
metzler.com,unknown,1.0,0,
ksbk-do.de,Germany,2.0,Karl-Schiller-Berufskolleg (KSBK),
esolutions.de,unknown,1.0,0,
fruit-service.it,unknown,1.0,0,
lichtblick.de,unknown,1.0,0,
bitto.de,unknown,1.0,0,
congressa.de,unknown,1.0,0,
christianplass.com,unknown,1.0,0,
medialepfade.net,unknown,1.0,0,
mediamondi.de,unknown,1.0,0,
volkening.com,unknown,1.0,0,
protagene.com,unknown,1.0,0,
it-done.de,unknown,1.0,0,
adb.de,unknown,1.0,0,
teachers.org,unknown,0.0,0.0,
johannesschule.org,unknown,1.0,0,
zahntechnik-mehlhorn.de,unknown,1.0,0,
galbrecht.de,unknown,1.0,0,
eas.iis.fraunhofer.de,unknown,1.0,0,
lag-eeb-sl.de,unknown,1.0,0,
2wgmbh.de,unknown,1.0,0,
von-schoenfeldt.com,unknown,1.0,0,
haus-viadi.ch,unknown,1.0,0,
vonhanni.de,unknown,1.0,0,
qbiq.de,unknown,1.0,0,
netzgewinn.de,unknown,1.0,0,
kreativmail.de,0,0.0,0.0,
kouprianoff.de,unknown,1.0,0,
fuerstenfeldbruck.de,unknown,1.0,0,
inahagen.de,unknown,1.0,0,
ihssmail.de,0,0.0,0.0,
kvmyk.de,unknown,1.0,0,
zapp.com,unknown,1.0,0,
kai-rusche.de,unknown,1.0,0,
wetterer.family,unknown,1.0,0,
jvm.com,unknown,1.0,0,
usability.de,unknown,1.0,0,
roeschner.com,unknown,1.0,0,
amgrw.de,unknown,1.0,0,
bbsha.de,unknown,1.0,0,
pantaflow.ai,unknown,1.0,0,
die-kirch.de,unknown,1.0,0,
elearn.umfcluj.ro,Romania,2.0,University of Medicine and Pharmacy of Cluj-Napoca,
sefar.com,unknown,1.0,0,
ba-pankow.berlin.de,unknown,1.0,0,
deges.de,unknown,1.0,0,
shida-reher.de,unknown,1.0,0,
rbz-steinburg.de,unknown,1.0,0,
sozhw-bbslu.de,unknown,1.0,0,
dm-qseh.de,unknown,1.0,0,
prokopp.net,unknown,1.0,0,
lukb.ch,unknown,1.0,0,
peter-junglas.de,unknown,1.0,0,
ottavio.de,unknown,1.0,0,
dhi-paris.fr,unknown,1.0,0,
evolutions.de,unknown,1.0,0,
oblacno.com,unknown,1.0,0,
dbr.nrw.schule,unknown,1.0,0,
brendes.de,unknown,1.0,0,
bojang.de,unknown,1.0,0,
twelve-net.de,unknown,1.0,0,
gronau-hainer.de,unknown,1.0,0,
ba-rm.de,Germany,2.0,Berufsakademie Rhein-Main,
eppingen.de,unknown,1.0,0,
cybersicherheit.bwl.de,unknown,1.0,0,
sonja-assfalg.de,unknown,1.0,0,
icaa.ac,unknown,1.0,0,
schippel.info,unknown,1.0,0,
md-bw.de,unknown,1.0,0,
eviden.com,unknown,1.0,0,
bkm.nrw.schule,unknown,1.0,0,
exelentic.com,unknown,1.0,0,
phil.tu-chemnitz.de,Germany,2.0,TU Chemnitz,
konzepter.com,unknown,1.0,0,
khsb-berlin.de,Germany,2.0,Katholische Hochschule Berlin,
martin-rothofer.de,unknown,1.0,0,
kappel-dierolf.de,unknown,1.0,0,
corvice.com,unknown,1.0,0,
zoho.eu,unknown,1.0,0,
pauline13.de,unknown,1.0,0,
mission-bildungschance.de,unknown,1.0,0,
kv-business-school.ch,unknown,1.0,0,
agocs-garbsen.de,unknown,1.0,0,
bv.aok.de,unknown,1.0,0,
rechnungshof.hessen.de,unknown,1.0,0,
besselgymnasium.de,unknown,1.0,0,
pr-services.com,unknown,1.0,0,
diesdas.digital,unknown,1.0,0,
id-s.de,unknown,1.0,0,
dbfk.de,unknown,1.0,0,
rv.de,unknown,1.0,0,
lra-ed.de,unknown,1.0,0,
claudiabihler.com,unknown,1.0,0,
lanthan-safe-sky.com,unknown,1.0,0,
danicabremer.de,unknown,1.0,0,
max-doerr.de,unknown,1.0,0,
nettech-georgiadou.net,unknown,1.0,0,
justice.be.ch,unknown,1.0,0,
schehack.de,unknown,1.0,0,
goeldner.org,unknown,1.0,0,
teamingful-innovation.com,unknown,1.0,0,
fwpconsulting.de,unknown,1.0,0,
schwanheim.com,unknown,1.0,0,
alsterring-gymnasium.de,unknown,1.0,0,
mconsult-info.com,unknown,1.0,0,
mti.rwth-aachen.de,Germany,2.0,RWTH Aachen,
doepke.de,unknown,1.0,0,
montessori-schweinfurt.de,unknown,1.0,0,
mark.at,unknown,1.0,0,
dav-heilbronn.de,unknown,1.0,0,
melecs.com,unknown,1.0,0,
hald-grunewald.de,unknown,1.0,0,
stefaneylers.de,unknown,1.0,0,
rapp-edv-systeme.de,unknown,1.0,0,
volker-ostwinkel.de,unknown,1.0,0,
fotomarburg.de,unknown,1.0,0,
hmt-leipzig.de,Germany,2.0,Hochschule für Musik und Theater „Felix Mendelssohn Bartholdy“ Leipzig,
personalcomputer.ch,unknown,1.0,0,
loeschpack.com,unknown,1.0,0,
elisols.com,unknown,1.0,0,
va-lautenbach.de,unknown,1.0,0,
smartico.one,unknown,1.0,0,
ralfkauther.de,unknown,1.0,0,
veeser-dombrowski.de,unknown,1.0,0,
drv-md.de,unknown,1.0,0,
albertwirkert.com,unknown,1.0,0,
khaldunalsaadi.de,unknown,1.0,0,
kieselmann.de,unknown,1.0,0,
hansemerkur.de,unknown,1.0,0,
stiftkeppel.de,unknown,1.0,0,
apprend.com,unknown,1.0,0,
bauermedia.com,unknown,1.0,0,
elbkonzept.com,unknown,1.0,0,
brgenns.ac.at,unknown,1.0,0,
sines.de,unknown,1.0,0,
hilden.de,unknown,1.0,0,
pkn.de,unknown,1.0,0,
wonderworld-production.de,unknown,1.0,0,
naturheilpraxis-lakenbrink.de,unknown,1.0,0,
brnr.at,unknown,1.0,0,
buero-teubner.de,unknown,1.0,0,
ammermann-doehler.de,unknown,1.0,0,
avestar.de,unknown,1.0,0,
netic.de,unknown,1.0,0,
bszam.de,unknown,1.0,0,
steinbeis.schule,unknown,1.0,0,
knaack-pe.de,unknown,1.0,0,
e-messmer.de,unknown,1.0,0,
urano.de,unknown,1.0,0,
law-school.de,Germany,2.0,Bucerius Law School,
satzundsieg.de,unknown,1.0,0,
bafg.de,unknown,1.0,0,
otto-lse.com,unknown,1.0,0,
jennylangner.de,unknown,1.0,0,
dehn.de,unknown,1.0,0,
bcxp.de,unknown,1.0,0,
orangecpm.de,unknown,1.0,0,
danielafehring.com,unknown,1.0,0,
vm.bwl.de,unknown,1.0,0,
codepels.de,unknown,1.0,0,
asg-spremberg.de,unknown,1.0,0,
heiedu.ph-heidelberg.de,Germany,2.0,PH Heidelberg,
fh-mittelstand.de,Germany,2.0,FH des Mittelstandes,
butscher.de,unknown,1.0,0,
endlich.it,unknown,1.0,0,
bs-badkrozingen.de,unknown,1.0,0,
solution-elements.com,unknown,1.0,0,
mk-impulse.de,unknown,1.0,0,
marburger-altenhilfe.de,unknown,1.0,0,
recht.uni-siegen.de,Germany,2.0,Universität Siegen,
agromgt.com,unknown,1.0,0,
rkmcon.de,unknown,1.0,0,
olek.net,unknown,1.0,0,
handelsblattgroup.com,unknown,1.0,0,
rehaklinik-online.de,0,0.0,0.0,
leg-wohnen.de,unknown,1.0,0,
jumero.de,unknown,1.0,0,
rosenlehner.org,unknown,1.0,0,
franks-divecenter.de,unknown,1.0,0,
barbarasieger.de,unknown,1.0,0,
derdetektor.de,unknown,1.0,0,
rkw.de,unknown,1.0,0,
securiton.de,unknown,1.0,0,
vulkan.com,unknown,1.0,0,
iav.de,unknown,1.0,0,
den-wandel-gestalten.de,unknown,1.0,0,
vibos.de,unknown,1.0,0,
sjb-beratung.de,unknown,1.0,0,
aht.at,unknown,1.0,0,
kolauch.de,unknown,1.0,0,
offcampus.de,unknown,1.0,0,
reinhausen.com,unknown,1.0,0,
produktmanagementor.de,unknown,1.0,0,
hgkock.de,unknown,1.0,0,
merlausch.de,unknown,1.0,0,
hl-grab.de,unknown,1.0,0,
saskiavonsanden.com,unknown,1.0,0,
doscon.de,unknown,1.0,0,
bntgmbh.de,unknown,1.0,0,
modernesprache.de,unknown,1.0,0,
rs-badstaffelstein.de,unknown,1.0,0,
zegk.uni-heidelberg.de,Germany,2.0,Universität Heidelberg,
mckinleyblack.com,unknown,1.0,0,
sfolkar.com,unknown,1.0,0,
sw-bb.de,unknown,1.0,0,
herfurt.net,unknown,1.0,0,
sz.rwth-aachen.de,Germany,2.0,RWTH Aachen,
kreis-guetersloh.de,unknown,1.0,0,
fsg-geldern.de,unknown,1.0,0,
schmitz-mode.de,unknown,1.0,0,
biddermann.de,unknown,1.0,0,
evkirchepfalz.de,unknown,1.0,0,
webahoi.at,unknown,1.0,0,
paritaet-nrw.org,unknown,1.0,0,
testotis.de,unknown,1.0,0,
arnsberg.de,unknown,1.0,0,
krankenhaus-reinbek.de,unknown,1.0,0,
norderstedt.de,unknown,1.0,0,
marwitz.name,unknown,1.0,0,
eurolog.com,unknown,1.0,0,
zfsl-muenster.nrw.schule,unknown,1.0,0,
asi-online.de,0,0.0,0.0,
sartorius.com,unknown,1.0,0,
sbbzsb.de,unknown,1.0,0,
felibg.com,unknown,1.0,0,
stud.h2.de,Germany,2.0,Hochschule Magdeburg-Stendal,
itri.org.tw,unknown,1.0,0,
maderstein.de,unknown,1.0,0,
oerenbas.com,unknown,1.0,0,
pandora-lab.de,unknown,1.0,0,
healthcare-akademie.de,unknown,1.0,0,
kaufland.sk,unknown,1.0,0,
hoplahup.net,unknown,1.0,0,
klose-hemer.de,unknown,1.0,0,
m1hausen.net,unknown,1.0,0,
bildenundgestalten.de,unknown,1.0,0,
franziskusgymnasium-it.de,unknown,1.0,0,
ingensiep.de,unknown,1.0,0,
hertelt.de,unknown,1.0,0,
dgtl1.at,unknown,1.0,0,
publizistikinstitut.de,unknown,1.0,0,
hintner.at,unknown,1.0,0,
klebl.de,unknown,1.0,0,
feilmeier.eu,unknown,1.0,0,
glkn.de,unknown,1.0,0,
isimko.de,unknown,1.0,0,
gothaer-bildung.de,unknown,1.0,0,
diebildungspartner.de,unknown,1.0,0,
merz-info.de,unknown,1.0,0,
kh-berlin.de,Germany,2.0,Weißensee Kunsthochschule Berlin,
wibo.de,unknown,1.0,0,
iabg.de,unknown,1.0,0,
johannes-diakonie.de,unknown,1.0,0,
shi-institut.de,unknown,1.0,0,
bimi.landsh.de,unknown,1.0,0,
ggnauen.de,unknown,1.0,0,
hessenchemie.de,unknown,1.0,0,
jura.uni-freiburg.de,Germany,2.0,Universität Freiburg,
wifa.uni-leipzig.de,Germany,2.0,Universität Leipzig,
frings.page,unknown,1.0,0,
dr-raetz.de,unknown,1.0,0,
wladasch.de,unknown,1.0,0,
puerto-muenchen.de,unknown,1.0,0,
erlgasse.at,unknown,1.0,0,
adiro.com,unknown,1.0,0,
kroegernet.de,unknown,1.0,0,
homeport.hamburg,unknown,1.0,0,
df-eme.org,unknown,1.0,0,
leyton.ac.uk,unknown,1.0,0,
mdc-berlin.de,unknown,1.0,0,
tinhofer.legal,unknown,1.0,0,
fsm.bistum365.de,unknown,1.0,0,
iit-berlin.de,unknown,1.0,0,
bsb.hamburg.de,unknown,1.0,0,
re-gister.com,unknown,1.0,0,
iem.fraunhofer.de,unknown,1.0,0,
interzell.com,unknown,1.0,0,
bgbau.de,unknown,1.0,0,
daten360grad.digital,unknown,1.0,0,
schelter.eu,unknown,1.0,0,
gmx.tm,0,0.0,0.0,
amulax.de,unknown,1.0,0,
lgs-di.de,unknown,1.0,0,
appcamps.de,unknown,1.0,0,
stefan-on-web.de,0,0.0,0.0,
hansa-berufskolleg-unna.de,unknown,1.0,0,
math.fu-berlin.de,Germany,2.0,FU Berlin,
gss-tuebingen.de,unknown,1.0,0,
brelle.de,unknown,1.0,0,
uit.ac.ma,unknown,1.0,0,
rlg.berlin,unknown,1.0,0,
mwg-augsburg.de,unknown,1.0,0,
atos.net,unknown,1.0,0,
staubinger.de,unknown,1.0,0,
vwa-muenchen.de,unknown,1.0,0,
mail.utoronto.ca,Canada,2.0,University of Toronto,
gws-loerrach.de,unknown,1.0,0,
pfister-online.de,0,0.0,0.0,
geschichte.uni-freiburg.de,Germany,2.0,Universität Freiburg,
honekamp.de,unknown,1.0,0,
unibo.it,Italy,2.0,University of Bologna,
wissenschaftliches-arbeiten-lehren.de,unknown,1.0,0,
barnim-gymnasium.net,unknown,1.0,0,
wiwi.uni-augsburg.de,Germany,2.0,Universität Augsburg,
froschauer.org,unknown,1.0,0,
inbox.ru,unknown,0.0,0.0,
hubaachen.de,unknown,1.0,0,
tecinnovation.de,unknown,1.0,0,
bayern-innovativ.de,unknown,1.0,0,
sektion23.de,unknown,1.0,0,
porticus.com,unknown,1.0,0,
nksa.ch,unknown,1.0,0,
radtke-and-more.de,unknown,1.0,0,
epostix.de,unknown,1.0,0,
attila-schuster.de,unknown,1.0,0,
plakos.de,unknown,1.0,0,
hzdr.de,unknown,1.0,0,
cs.tu-darmstadt.de,Germany,2.0,TU Darmstadt,
dieter-schwarz-stiftung.de,unknown,1.0,0,
kroepelin-projekte.de,unknown,1.0,0,
dainstudios.com,unknown,1.0,0,
sonjabusch.de,unknown,1.0,0,
bbraun.com,unknown,1.0,0,
masterplan.com,unknown,1.0,0,
hawkins-consulting.com,unknown,1.0,0,
e-b-z.de,unknown,1.0,0,
iff.fraunhofer.de,unknown,1.0,0,
tomspike.com,unknown,1.0,0,
hahn-schickard.de,unknown,1.0,0,
zberg.ch,unknown,1.0,0,
hdt.de,unknown,1.0,0,
statworx.com,unknown,1.0,0,
kindsmueller.de,unknown,1.0,0,
profilarbeit.de,unknown,1.0,0,
ipk.fraunhofer.de,unknown,1.0,0,
helsinki.fi,Finland,2.0,University of Helsinki,
he.aok.de,unknown,1.0,0,
pcs-akademie.de,unknown,1.0,0,
bmz.bund.de,unknown,1.0,0,
bs-elmshorn.de,unknown,1.0,0,
metaprov.com,unknown,1.0,0,
bw.aok.de,unknown,1.0,0,
targetter.co.za,unknown,1.0,0,
bdw-mv.de,unknown,1.0,0,
stsah.de,unknown,1.0,0,
satisloh.com,unknown,1.0,0,
live.fr,unknown,0.0,0.0,
varney.de,unknown,1.0,0,
digethic.com,unknown,1.0,0,
igs-buchholz.de,unknown,1.0,0,
sapera-studios.de,unknown,1.0,0,
zuw.unibe.ch,Switzerland,2.0,Universität Bern,
hmg-im.de,unknown,1.0,0,
matrix-ggmbh.de,unknown,1.0,0,
etu.unistra.fr,France,2.0,Université de Strasbourg,
hfs-zizers.ch,unknown,1.0,0,
umich.edu,United States,2.0,University of Michigan - Ann Arbor,
capgemini.com,unknown,1.0,0,
daf.lmu.de,Germany,2.0,Universität München,
aimsammi.org,unknown,1.0,0,
van-porten.de,unknown,1.0,0,
windthorstgymnasium.de,unknown,1.0,0,
ptu.tu-darmstadt.de,Germany,2.0,TU Darmstadt,
stefan-altenkamp.de,unknown,1.0,0,
webitsec.de,unknown,1.0,0,
yahoo.ca,unknown,0.0,0.0,
aa-web.de,0,0.0,0.0,
mstach.de,unknown,1.0,0,
wdr.de,unknown,1.0,0,
se.com,unknown,1.0,0,
itech-bs14.de,unknown,1.0,0,
gds2.de,unknown,1.0,0,
yahoo.com.ar,unknown,0.0,0.0,
startinvr.de,unknown,1.0,0,
gruendungsbuero.info,unknown,1.0,0,
fhwn.ac.at,Austria,2.0,Fachhochschule Wiener Neustadt,
helmholtzschule-ffm.de,unknown,1.0,0,
reishagen.de,unknown,1.0,0,
yahoo.in,unknown,0.0,0.0,
vosshenrich.de,unknown,1.0,0,
smartfactory.de,unknown,1.0,0,
rosen-group.com,unknown,1.0,0,
grueneklee.name,unknown,1.0,0,
praxis-riedl.de,unknown,1.0,0,
x-ai.eu,unknown,1.0,0,
digitale-helden.de,unknown,1.0,0,
ai-grid.org,unknown,1.0,0,
bluemoon.de,unknown,1.0,0,
jdsr.de,unknown,1.0,0,
hsw-hameln.de,Germany,2.0,Hochschule Weserbergland,
sgf.com,unknown,1.0,0,
avnet.eu,unknown,1.0,0,
akad.de,Germany,2.0,AKAD University,
bccn-berlin.de,unknown,1.0,0,
oneheadahead.com,unknown,1.0,0,
dgi-info.de,unknown,1.0,0,
systemliner.de,unknown,1.0,0,
stadt.wolfsburg.de,unknown,1.0,0,
student.dhbw-mannheim.de,Germany,2.0,DHBW,
akkodis.com,unknown,1.0,0,
wks-weilburg.de,unknown,1.0,0,
fssn.de,unknown,1.0,0,
gsub.de,unknown,1.0,0,
miratecs.de,unknown,1.0,0,
qualitus.de,unknown,1.0,0,
mindgroup.io,unknown,1.0,0,
vi-motion.de,unknown,1.0,0,
gymnasium-ochtrup.de,unknown,1.0,0,
p-didakt.com,unknown,1.0,0,
epicenter.works,unknown,1.0,0,
krankikom.de,unknown,1.0,0,
dettlaff-guenther.de,unknown,1.0,0,
egge-consulting.de,unknown,1.0,0,
indiaeu-training-consulting.de,unknown,1.0,0,
clauditz.de,unknown,1.0,0,
hanns-seidel-gymnasium.de,unknown,1.0,0,
schnorr.de,unknown,1.0,0,
martina-barton.de,unknown,1.0,0,
telenet.be,unknown,0.0,0.0,
tomk.de,unknown,1.0,0,
bk-hennef.de,unknown,1.0,0,
fondsfinanz.de,unknown,1.0,0,
tagueri.com,unknown,1.0,0,
rhiem.com,unknown,1.0,0,
it-pr.de,unknown,1.0,0,
student.uthm.edu.my,Malaysia,2.0,Universiti Tun Hussein Onn Malaysia,
dkjs.de,unknown,1.0,0,
ist.com,unknown,1.0,0,
ulricianum-aurich.de,unknown,1.0,0,
damec.de,unknown,1.0,0,
torstenmannschott.de,unknown,1.0,0,
bbs-bingen.de,unknown,1.0,0,
coxhr.de,unknown,1.0,0,
my-moove.de,unknown,1.0,0,
cismart.de,unknown,1.0,0,
agex-it.de,unknown,1.0,0,
herzblutdigital.de,unknown,1.0,0,
nord-com.net,unknown,1.0,0,
btconnect.com,unknown,0.0,0.0,
ikim-ms.de,unknown,1.0,0,
bertha-online.de,0,0.0,0.0,
volkswagenstiftung.de,unknown,1.0,0,
brueninghaus-online.de,0,0.0,0.0,
gewerbeschule-vs.de,unknown,1.0,0,
witzenmann.com,unknown,1.0,0,
michael-weitauer.de,unknown,1.0,0,
roentgengymnasium.de,unknown,1.0,0,
btls-world.com,unknown,1.0,0,
bkk-dv.de,unknown,1.0,0,
it-braun.de,unknown,1.0,0,
steffencweber.de,unknown,1.0,0,
kabsi.at,unknown,1.0,0,
hejniak.net,unknown,1.0,0,
parissenti.ch,unknown,1.0,0,
leuze.com,unknown,1.0,0,
peterhahn.de,unknown,1.0,0,
borchmeyer-online.de,0,0.0,0.0,
alice-salomon.de,unknown,1.0,0,
bitdynamo.com,unknown,1.0,0,
radolfzell.de,unknown,1.0,0,
edago.de,unknown,1.0,0,
rbb-online.de,0,0.0,0.0,
roeka-kh.de,unknown,1.0,0,
kerstindobler.de,unknown,1.0,0,
kfz-sh.de,unknown,1.0,0,
privacy-legal.de,unknown,1.0,0,
vbs.ac.at,unknown,1.0,0,
birdsonmars.com,unknown,1.0,0,
lern-raum.info,unknown,1.0,0,
ea-rlp.de,unknown,1.0,0,
mathieu.info,unknown,1.0,0,
brockhaus.de,unknown,1.0,0,
lisum.berlin-brandenburg.de,unknown,1.0,0,
mattschwarz-animation.de,unknown,1.0,0,
stein-koeln.de,unknown,1.0,0,
innoxsprint.com,unknown,1.0,0,
reneelechner.ch,unknown,1.0,0,
alice.it,unknown,0.0,0.0,
hbksaar.de,Germany,2.0,HBK Saarbrücken,
w-vwa.de,unknown,1.0,0,
nlq.nibis.de,unknown,1.0,0,
vwfs.com,unknown,1.0,0,
cnh.at,unknown,1.0,0,
sam.sdu.dk,Denmark,2.0,University of Southern Denmark - SDU,
nordcafe.de,unknown,1.0,0,
hiz-saarland.de,unknown,1.0,0,
medi.ch,unknown,1.0,0,
iosb.fraunhofer.de,unknown,1.0,0,
edu.isetcom.tn,unknown,1.0,0,
mathworks.com,unknown,1.0,0,
bude22.de,unknown,1.0,0,
lubw.bwl.de,unknown,1.0,0,
habtom.org,unknown,1.0,0,
form-and-formless.de,unknown,1.0,0,
schulen-baar.ch,unknown,1.0,0,
bodenseekreis.de,unknown,1.0,0,
webb24.de,unknown,1.0,0,
bra.nrw.de,unknown,1.0,0,
fpt.edu.vn,Viet Nam,2.0,FPT University,
stiftung-evz.de,unknown,1.0,0,
neuburg.name,unknown,1.0,0,
hbk-net.de,unknown,1.0,0,
mci4me.at,unknown,1.0,0,
data4life.care,unknown,1.0,0,
hannoverimpuls.de,unknown,1.0,0,
ratsgymnasium.de,unknown,1.0,0,
iupr.com,unknown,1.0,0,
gymnasium-wentorf.de,unknown,1.0,0,
labor-limbach-lehrte.de,unknown,1.0,0,
alumni.uni-ulm.de,Germany,2.0,Universität Ulm,
bluepressure.de,unknown,1.0,0,
de.ibm.com,unknown,1.0,0,
sma.de,unknown,1.0,0,
mein-tmg.de,unknown,1.0,0,
bmk-electronics.de,unknown,1.0,0,
dlr.rlp.de,unknown,1.0,0,
jw-webservice.de,unknown,1.0,0,
private-fos.de,unknown,1.0,0,
zlb.uni-halle.de,Germany,2.0,Universität Halle,
hansweber.de,unknown,1.0,0,
smartsurv.de,unknown,1.0,0,
kaeding.de,unknown,1.0,0,
max-eyth-schule.de,unknown,1.0,0,
europaschule-bornheim.de,unknown,1.0,0,
inatech.uni-freiburg.de,Germany,2.0,Universität Freiburg,
stella-richter.de,unknown,1.0,0,
chbroda.de,unknown,1.0,0,
iat.uni-leipzig.de,Germany,2.0,Universität Leipzig,
relay.firefox.com,unknown,1.0,0,
alten.be,unknown,1.0,0,
schuetzdigital.de,unknown,1.0,0,
bremer-net.de,unknown,1.0,0,
gymnossen.lernsax.de,unknown,1.0,0,
bistum-essen.de,unknown,1.0,0,
esi.dz,unknown,1.0,0,
niederjahna.de,unknown,1.0,0,
schullogin.de,unknown,1.0,0,
finanzen.bremen.de,unknown,1.0,0,
raumservice.de,unknown,1.0,0,
maltestock.com,unknown,1.0,0,
ucl.ac.uk,United Kingdom,2.0,"University College London, University of London",
carlsen.de,unknown,1.0,0,
seniorenakademie-donau-oberschwaben.de,unknown,1.0,0,
igmetall.de,unknown,1.0,0,
entero.de,unknown,1.0,0,
med.uni-rostock.de,Germany,2.0,Universität Rostock,
wisoak.de,unknown,1.0,0,
abbott.com,unknown,1.0,0,
zfs.uni-kiel.de,Germany,2.0,Universität Kiel,
iludis.de,unknown,1.0,0,
arbeitnehmer-coaching.de,unknown,1.0,0,
fantasymail.de,unknown,0.0,0.0,
eclipso.de,unknown,1.0,0,
gts.lernsax.de,unknown,1.0,0,
digitalysator.com,unknown,1.0,0,
leavesandtrees.de,unknown,1.0,0,
bismarckschule.eu,unknown,1.0,0,
kienbaum.de,unknown,1.0,0,
gss.kbs.schule,unknown,1.0,0,
hoga-schulen.de,unknown,1.0,0,
tms-hl.org,unknown,1.0,0,
jaenich.de,unknown,1.0,0,
biwe-akademie.de,unknown,1.0,0,
mailinator.com,unknown,0.0,0.0,
istik.de,unknown,1.0,0,
hydrometeo.de,unknown,1.0,0,
kbwr.de,unknown,1.0,0,
kirchentag.de,unknown,1.0,0,
know-them.de,unknown,1.0,0,
hfmt-hamburg.de,Germany,2.0,Hochschule für Musik und Theater Hamburg,
thoeni.com,unknown,1.0,0,
ifib.de,unknown,1.0,0,
brueckner.io,unknown,1.0,0,
froels.eu,unknown,1.0,0,
hmdis.hessen.de,unknown,1.0,0,
kth.se,Sweden,2.0,KTH Royal Institute of Technology,
tssbit.de,unknown,1.0,0,
bam.de,unknown,1.0,0,
biconsultants.de,unknown,1.0,0,
roesberg.com,unknown,1.0,0,
bfs.admin.ch,unknown,1.0,0,
tau.edu.tr,Turkey,2.0,Türkisch-Deutsche Universität,
kuehne-nagel.com,unknown,1.0,0,
eduardwagner.org,unknown,1.0,0,
andreas3.de,unknown,1.0,0,
informatik.rwth-aachen.de,Germany,2.0,RWTH Aachen,
ess-wi.de,unknown,1.0,0,
daniela-keusen.de,unknown,1.0,0,
wzl.rwth-aachen.de,Germany,2.0,RWTH Aachen,
woehlerschule.de,unknown,1.0,0,
andreasbub.de,unknown,1.0,0,
cramer-gl.de,unknown,1.0,0,
ildung.de,unknown,1.0,0,
vega.com,unknown,1.0,0,
googlemail.com,unknown,0.0,0.0,
student.unisg.ch,Switzerland,2.0,Universität St. Gallen (HSG),
andrew.cmu.edu,United States,2.0,Carnegie Mellon University,
bayers-world.eu,unknown,1.0,0,
visiconsult.de,unknown,1.0,0,
dvdkoeln.de,unknown,1.0,0,
boerger-net.de,unknown,1.0,0,
dadb.com,unknown,1.0,0,
schluepen.eu,unknown,1.0,0,
stud.eah-jena.de,Germany,2.0,Ernst-Abbe-Hochschule Jena,
yahoo.com.hk,unknown,0.0,0.0,
technikerschule-erlangen.de,unknown,1.0,0,
dvse.de,unknown,1.0,0,
telkomuniversity.ac.id,Indonesia,2.0,Universitas Telkom,
guj.de,unknown,1.0,0,
nicolaikrueger.de,unknown,1.0,0,
bnetza.de,unknown,1.0,0,
wver.de,unknown,1.0,0,
scholz.app,unknown,1.0,0,
mz.cbs-mail.de,0,0.0,0.0,
mildred-harnack-schule.de,unknown,1.0,0,
gottesheim.at,unknown,1.0,0,
uba.de,unknown,1.0,0,
change-format.de,unknown,1.0,0,
snu.ac.kr,"Korea, Republic of",2.0,Seoul National University,
wegbereitung.com,unknown,1.0,0,
schnellinger.net,unknown,1.0,0,
dds-consulting.de,unknown,1.0,0,
kfnmail.ch,unknown,1.0,0,
otto.de,unknown,1.0,0,
karstenbeck.net,unknown,1.0,0,
hansels.de,unknown,1.0,0,
olaf-janssen.com,unknown,1.0,0,
itc-sac.com,unknown,1.0,0,
lmk13.de,unknown,1.0,0,
ruefmark.com,unknown,1.0,0,
man-es.com,unknown,1.0,0,
idelberger.de,unknown,1.0,0,
kaimueller-art.de,unknown,1.0,0,
viriya-media.de,unknown,1.0,0,
tp.edu.sg,Singapore,2.0,Temasek Polytechnic,
student.tugraz.at,Austria,2.0,Technische Universität Graz,
bdo.de,unknown,1.0,0,
imbi.uni-freiburg.de,Germany,2.0,Universität Freiburg,
gymnasiummarienberg.de,unknown,1.0,0,
empa.ch,unknown,1.0,0,
kks-emsdetten.de,unknown,1.0,0,
datatec.studio,unknown,1.0,0,
outlook.com.ar,0,0.0,0.0,
muenkel.cc,unknown,1.0,0,
stis.ac.id,unknown,1.0,0,
bwnrw.de,unknown,1.0,0,
aam-mechler-engineering.de,unknown,1.0,0,
charusat.ac.in,India,2.0,Charotar University of Science and Technology,
maxi-mini.de,unknown,1.0,0,
orange.com,unknown,1.0,0,
vrenetic.de,unknown,1.0,0,
ecoaching-rostek.de,unknown,1.0,0,
michael-bischoff.de,unknown,1.0,0,
simonsuthe.de,unknown,1.0,0,
ugent.be,Belgium,2.0,Universiteit Gent,
graduate.utm.my,Malaysia,2.0,Universiti Teknologi Malaysia,
kreyss.de,unknown,1.0,0,
cau.ac.kr,"Korea, Republic of",2.0,Chung-Ang University,
ub.fu-berlin.de,Germany,2.0,FU Berlin,
bbw-hochschule.de,Germany,2.0,bbw Hochschule Berlin,
fzi.de,unknown,1.0,0,
wfg-pb.de,unknown,1.0,0,
novon.ch,unknown,1.0,0,
btq-kassel.de,unknown,1.0,0,
klinikum-fulda.de,unknown,1.0,0,
ujat.mx,Mexico,2.0,Universidad Juárez Autónoma de Tabasco,
sport.uni-freiburg.de,Germany,2.0,Universität Freiburg,
diewagners.de,unknown,1.0,0,
hilfezentrum.de,unknown,1.0,0,
itlehrer.de,unknown,1.0,0,
hof.uni-halle.de,Germany,2.0,Universität Halle,
zsl-rss.de,unknown,1.0,0,
felixplatter.ch,unknown,1.0,0,
wize-kiel.de,unknown,1.0,0,
classen-berlin.de,unknown,1.0,0,
ceratizit.com,unknown,1.0,0,
bk-international.com,unknown,1.0,0,
piksl.net,unknown,1.0,0,
mariengymnasium-arnsberg.de,unknown,1.0,0,
pgc.bistum365.de,unknown,1.0,0,
sekundarschule-anw.de,unknown,1.0,0,
sekundarschule-kirchhellen.de,unknown,1.0,0,
cardiff.ac.uk,United Kingdom,2.0,Cardiff University,
geskn.de,unknown,1.0,0,
dipf.de,unknown,1.0,0,
cam.ac.uk,United Kingdom,2.0,University of Cambridge,
schreibnetze.de,unknown,1.0,0,
heisenberg-gymnasium.de,unknown,1.0,0,
ks-og.de,unknown,1.0,0,
lambrich.biz,unknown,1.0,0,
nekoku.de,Germany,2.0,Universität Eichstätt-Ingolstadt,
vde.com,unknown,1.0,0,
ebleonline.de,0,0.0,0.0,
techeroes.de,unknown,1.0,0,
jeropia.de,unknown,1.0,0,
joachim-herz-stiftung.de,unknown,1.0,0,
agrar.hu-berlin.de,Germany,2.0,HU Berlin,
parsionate.com,unknown,1.0,0,
deutsches-museum-bonn.de,unknown,1.0,0,
anno-gymnasium.de,unknown,1.0,0,
hotmail.com,unknown,0.0,0.0,
goethelb.de,unknown,1.0,0,
mun.ca,unknown,1.0,0,
opexify.io,unknown,1.0,0,
orgaplan.org,unknown,1.0,0,
stud.dshs-koeln.de,Germany,2.0,Deutsche Sporthochschule Köln,
mri.bund.de,unknown,1.0,0,
bs-starnberg.de,unknown,1.0,0,
hofmann-foerdertechnik.com,unknown,1.0,0,
johanneswerk.de,unknown,1.0,0,
syntegon.com,unknown,1.0,0,
osaw.lernsax.de,unknown,1.0,0,
eap-abutments.com,unknown,1.0,0,
slaek.de,unknown,1.0,0,
smartit.de,unknown,1.0,0,
worldtribe.de,unknown,1.0,0,
worxbench.com,unknown,1.0,0,
gymnasium-norf.de,unknown,1.0,0,
rfh-koeln.de,Germany,2.0,Rheinische Fachhochschule Köln,
cebi.com,unknown,1.0,0,
ellentalgymnasien.de,unknown,1.0,0,
sjr-stuttgart.de,unknown,1.0,0,
elfstricheins.de,unknown,1.0,0,
ikg.uni-hannover.de,Germany,2.0,Universität Hannover,
bodybag-ulm.de,unknown,1.0,0,
c-opitz.de,unknown,1.0,0,
psychologische-akademie.com,unknown,1.0,0,
pei.de,unknown,1.0,0,
webprofis.at,unknown,1.0,0,
dje.lu,unknown,1.0,0,
jbusse.de,unknown,1.0,0,
ad-alliance.de,unknown,1.0,0,
sas.com,unknown,1.0,0,
ita-kl.de,unknown,1.0,0,
gentiana-clusii.de,unknown,1.0,0,
wara.de,unknown,1.0,0,
cablenet.de,unknown,1.0,0,
folkwang-uni.de,Germany,2.0,Folkwang Universität der Künste,
boschrexroth.de,unknown,1.0,0,
gam-net.de,unknown,1.0,0,
bwcon.de,unknown,1.0,0,
cell.uni-hannover.de,Germany,2.0,Universität Hannover,
eminaga.de,unknown,1.0,0,
ziegler-bedburg.de,unknown,1.0,0,
schalker-gymnasium.de,unknown,1.0,0,
eds-herbolzheim.de,unknown,1.0,0,
hansa-schule.net,unknown,1.0,0,
aps.salzburg.at,unknown,1.0,0,
heidelberg-laureate-forum.org,unknown,1.0,0,
lra-bt.bayern.de,unknown,1.0,0,
digitales.hessen.de,unknown,1.0,0,
edulektra.de,unknown,1.0,0,
springernature.com,unknown,1.0,0,
unifi.it,Italy,2.0,University of Florence,
efw.aero,unknown,1.0,0,
elevait.de,unknown,1.0,0,
proverb.de,unknown,1.0,0,
florian-dormann.de,unknown,1.0,0,
kreis-paderborn.de,unknown,1.0,0,
sanitas.com,unknown,1.0,0,
reinking.info,unknown,1.0,0,
fbeta.de,unknown,1.0,0,
student.rug.nl,Netherlands,2.0,University of Groningen,
posteo.ch,0,0.0,0.0,
msx.tu-dresden.de,Germany,2.0,TU Dresden,
akademie-fuer-pflege.de,unknown,1.0,0,
bbzolten.ch,unknown,1.0,0,
lexiapark.com,unknown,1.0,0,
ub.uni-koeln.de,Germany,2.0,Universität Köln,
karsten-hiller.de,unknown,1.0,0,
de.ey.com,unknown,1.0,0,
mediadesign.de,Germany,2.0,Mediadesign Hochschule,
kiel.de,unknown,1.0,0,
uer24.net,unknown,1.0,0,
bbs-stadthagen.de,unknown,1.0,0,
hgs-berlin.de,unknown,1.0,0,
hpe.com,unknown,1.0,0,
bewerbungshelferin.de,unknown,1.0,0,
indus.de,unknown,1.0,0,
fablab-muenchen.de,unknown,1.0,0,
epshl.de,unknown,1.0,0,
wolfsburg.de,unknown,1.0,0,
steier.xyz,unknown,1.0,0,
bka.bund.de,unknown,1.0,0,
cancom.de,unknown,1.0,0,
bfw-halle.de,unknown,1.0,0,
hpi-hannover.de,unknown,1.0,0,
petramueller.info,unknown,1.0,0,
altpano.com,unknown,1.0,0,
rmg-heilbronn.de,unknown,1.0,0,
equeo.de,unknown,1.0,0,
sdyck.de,unknown,1.0,0,
lauralivers.com,0,0.0,0.0,
lifbi.de,unknown,1.0,0,
afg-halver.de,unknown,1.0,0,
profamilia.de,unknown,1.0,0,
wi-wissen.de,unknown,1.0,0,
knieriemen.de,unknown,1.0,0,
provinz.bz.it,unknown,1.0,0,
rs-kemnath.de,unknown,1.0,0,
bundesarchiv.de,unknown,1.0,0,
gm.scu.edu.tw,"Taiwan, Province of China",2.0,Soochow University,
fiu.edu,United States,2.0,Florida International University,
ibb.com,unknown,1.0,0,
chi.uni-hannover.de,Germany,2.0,Universität Hannover,
draexlmaier.com,unknown,1.0,0,
iag.at,unknown,1.0,0,
p4c-consulting.com,unknown,1.0,0,
wolke7.net,unknown,0.0,0.0,
st-ursula-gym.de,unknown,1.0,0,
lutter-fischer.de,unknown,1.0,0,
bos-sozial.muenchen.musin.de,unknown,1.0,0,
tbi-news.de,unknown,1.0,0,
bsz-bietigheim.de,unknown,1.0,0,
analytics-agentur.ch,unknown,1.0,0,
fossil.com,unknown,1.0,0,
bon-presso.com,unknown,1.0,0,
imtek.uni-freiburg.de,Germany,2.0,Universität Freiburg,
miez-mangold.de,unknown,1.0,0,
popp-feinkost.de,unknown,1.0,0,
portofports.com,unknown,1.0,0,
bavarian-nordic.com,unknown,1.0,0,
clara-online.de,0,0.0,0.0,
bghwindeck.de,unknown,1.0,0,
lintferts.de,unknown,1.0,0,
xal.com,unknown,1.0,0,
alinahalbe.de,unknown,1.0,0,
bildung.saarland.de,unknown,1.0,0,
gwweb.de,0,0.0,0.0,
acg-aachen.de,unknown,1.0,0,
ditschler.de,unknown,1.0,0,
edgarpoepperl.de,unknown,1.0,0,
miweba.de,unknown,1.0,0,
katharinadesilva.de,unknown,1.0,0,
mondschein.ch,unknown,1.0,0,
gym-altona.de,unknown,1.0,0,
simone-graf.de,unknown,1.0,0,
agricola.blk.de,unknown,1.0,0,
susanne-steimer.de,unknown,1.0,0,
uks.eu,unknown,1.0,0,
durigo.net,unknown,1.0,0,
magdalenazyglewicz.de,unknown,1.0,0,
seoservicing.de,unknown,1.0,0,
net-sense.de,unknown,1.0,0,
muskelshirt.de,unknown,0.0,0.0,
intreal.com,unknown,1.0,0,
andreagehwolf.de,unknown,1.0,0,
tonne.to,unknown,1.0,0,
psbalgach.ch,unknown,1.0,0,
kizilaslan.de,unknown,1.0,0,
wittemeier.de,unknown,1.0,0,
drw.de,unknown,1.0,0,
correctiv.org,unknown,1.0,0,
prozessbuero.ch,unknown,1.0,0,
stud.th-owl.de,Germany,2.0,TH Ostwestfalen-Lippe,
igs-selters.de,unknown,1.0,0,
wpm-icl.com,unknown,1.0,0,
elbionik.de,unknown,1.0,0,
joerg-huester.de,unknown,1.0,0,
hvd-bb.de,unknown,1.0,0,
bgs-chur.ch,unknown,1.0,0,
anke-rapsch.de,unknown,1.0,0,
fh-wels.at,Austria,2.0,Fachhochschulstudiengänge Wels,
upm.com,unknown,1.0,0,
canaryvista.com,unknown,1.0,0,
swisslife.de,unknown,1.0,0,
meine-ernte.de,unknown,1.0,0,
federica.eu,unknown,1.0,0,
balcab.ch,unknown,1.0,0,
azurgelb.de,unknown,1.0,0,
rustetic.com,unknown,1.0,0,
schmalz-roessle.de,unknown,1.0,0,
wittmanns.de,unknown,1.0,0,
unistrasi.it,Italy,2.0,University of Italian Studies for Foreigners of Siena,
leinauer.com,unknown,1.0,0,
michelin.com,unknown,1.0,0,
rws.com,unknown,1.0,0,
sch.gr,unknown,1.0,0,
pte.hu,Hungary,2.0,University of Pecs,
sta.lernsax.de,unknown,1.0,0,
bso-analyse.de,unknown,1.0,0,
katharinenhof.net,unknown,1.0,0,
ims.uni-stuttgart.de,Germany,2.0,Universität Stuttgart,
eppleimmobilien.de,unknown,1.0,0,
baurconsulting.ch,unknown,1.0,0,
mml-solutions.com,unknown,1.0,0,
lammoth.ch,unknown,1.0,0,
aabilon.de,unknown,1.0,0,
nowak-bartelk.de,unknown,1.0,0,
edv-consult.at,unknown,1.0,0,
agn.de,unknown,1.0,0,
sped-kuhnert.de,unknown,1.0,0,
drk-reichenbach.de,unknown,1.0,0,
dgist.ac.kr,"Korea, Republic of",2.0,Daegu Gyeongbuk Institute of Science and Technology,
michou.de,unknown,1.0,0,
ux-researchgroup.com,unknown,1.0,0,
schmiedergmbh.de,unknown,1.0,0,
tman-consulting.com,unknown,1.0,0,
bgz-berlin.de,unknown,1.0,0,
mentalenz.de,unknown,1.0,0,
corina-turner.de,unknown,1.0,0,
muenchener-verein.de,unknown,1.0,0,
svenschroeder.net,unknown,1.0,0,
korte-bernard.de,unknown,1.0,0,
piehatzek.de,unknown,1.0,0,
pohli.de,unknown,1.0,0,
tobias-haenel.de,unknown,1.0,0,
noezel.de,unknown,1.0,0,
foresteng.uni-freiburg.de,Germany,2.0,Universität Freiburg,
matev.eu,unknown,1.0,0,
kissfriend.com,unknown,1.0,0,
infineon.com,unknown,1.0,0,
alyonline.de,0,0.0,0.0,
algs.de,unknown,1.0,0,
mmmint.ai,unknown,1.0,0,
access2value.de,unknown,1.0,0,
oest.de,unknown,1.0,0,
varona.de,unknown,1.0,0,
welten.afg-werne.de,unknown,1.0,0,
silian.de,unknown,1.0,0,
bergheim.de,unknown,1.0,0,
hoppesalzgitter.de,unknown,1.0,0,
ja-si.de,unknown,1.0,0,
k-braungardt.de,unknown,1.0,0,
novalutions.de,unknown,1.0,0,
dvv-dessau.de,unknown,1.0,0,
mavikom.de,unknown,1.0,0,
awo-freiburg.de,unknown,1.0,0,
akaa.cc,unknown,1.0,0,
sek-sued.de,unknown,1.0,0,
tabak-lomberg.de,unknown,1.0,0,
vhs-augsburg.de,Germany,2.0,Hochschule Augsburg,
mail.scut.edu.cn,China,2.0,South China University of Technology,
bsz-kulmbach.de,unknown,1.0,0,
iiitkottayam.ac.in,unknown,1.0,0,
mobil-krankenkasse.de,unknown,1.0,0,
eifelgauner.de,unknown,1.0,0,
ercolith.de,unknown,1.0,0,
bsti-mail.be,unknown,1.0,0,
hetzels.com,unknown,1.0,0,
bluvenit.de,unknown,1.0,0,
dwd.de,unknown,1.0,0,
leckerholz.de,unknown,1.0,0,
dr-kaesser.de,unknown,1.0,0,
vab-sh.de,unknown,1.0,0,
gsb.logineo.de,unknown,1.0,0,
eurowings.com,unknown,1.0,0,
derkulturpolitischereporter.de,unknown,1.0,0,
igs-wunstorf.de,unknown,1.0,0,
taenzler.info,unknown,1.0,0,
scout4ai.com,unknown,1.0,0,
seenotretter.de,unknown,1.0,0,
mbt-invest.com,unknown,1.0,0,
bbs-zw.de,unknown,1.0,0,
wiwe-fn.de,unknown,1.0,0,
moritz.dev,unknown,1.0,0,
bastian-bleisinger.de,unknown,1.0,0,
hotmail.co.jp,unknown,0.0,0.0,
meid.media,unknown,1.0,0,
mediacompany.com,unknown,1.0,0,
rhein-neckar.ihk24.de,unknown,1.0,0,
public-pioneers.de,unknown,1.0,0,
ferrac.lu,unknown,1.0,0,
kuhlconsulting.de,unknown,1.0,0,
martinsfeld.de,unknown,1.0,0,
gt-arc.com,unknown,1.0,0,
gdi.rwth-aachen.de,Germany,2.0,RWTH Aachen,
rie-tech.de,unknown,1.0,0,
fragy.de,unknown,1.0,0,
ole2.de,unknown,1.0,0,
muenchen-klinik.de,unknown,1.0,0,
format-h.com,unknown,1.0,0,
sr-legal.com,unknown,1.0,0,
mosecon.com,unknown,1.0,0,
nicarus.de,unknown,1.0,0,
viadico.com,unknown,1.0,0,
hbv.gv.at,unknown,1.0,0,
gorholt.com,unknown,1.0,0,
w-bremer.de,unknown,1.0,0,
my.mail.de,0,0.0,0.0,
hotmail.gr,0,0.0,0.0,
bund-web.de,0,0.0,0.0,
bittihn.de,unknown,1.0,0,
tzi.de,unknown,1.0,0,
nessler.info,unknown,1.0,0,
storkmann.de,unknown,1.0,0,
scip.ch,unknown,1.0,0,
stiftner.at,unknown,1.0,0,
thecosmeticroom.de,unknown,1.0,0,
duftner.digital,unknown,1.0,0,
kothes.com,unknown,1.0,0,
bvr.de,unknown,1.0,0,
ct-consult.berlin,unknown,1.0,0,
ihk-akademie-muenchen.de,unknown,1.0,0,
scf-corporate.com,unknown,1.0,0,
nortech.de,unknown,1.0,0,
hots.sa,unknown,1.0,0,
lichtenburg.it,unknown,1.0,0,
ir-on.com,unknown,1.0,0,
iwb.tum.de,Germany,2.0,TU München,
veomo.com,unknown,1.0,0,
vitus.info,unknown,1.0,0,
eugster.cc,unknown,1.0,0,
claudia-peschen.de,unknown,1.0,0,
hoehne.com,unknown,1.0,0,
luederitz-heute.de,unknown,1.0,0,
gaebel.co,unknown,1.0,0,
inverto.tv,unknown,1.0,0,
ontario.ca,unknown,1.0,0,
acandis.com,unknown,1.0,0,
ritthaler.info,unknown,1.0,0,
formeins.de,unknown,1.0,0,
nubica.de,unknown,1.0,0,
knick.de,unknown,1.0,0,
kneusel.org,unknown,1.0,0,
signet.de,unknown,1.0,0,
maily-online.de,0,0.0,0.0,
thetravellingartgallery.com,unknown,1.0,0,
astde.com,unknown,1.0,0,
referenzzentrum-berlin.de,unknown,1.0,0,
mail.liggesmeyer.net,unknown,1.0,0,
hausservice360.de,unknown,1.0,0,
fujitsu.com,unknown,1.0,0,
stepstone.com,unknown,1.0,0,
vipion.de,unknown,1.0,0,
medewo.ch,unknown,1.0,0,
bd-berlin.com,unknown,1.0,0,
post.com,unknown,0.0,0.0,
diebestenummer.de,unknown,1.0,0,
dfettel.de,unknown,1.0,0,
schlingensiepen.com,unknown,1.0,0,
deci.ai,unknown,1.0,0,
stadtbibliothek-nidda.de,unknown,1.0,0,
digbiz.hr,unknown,1.0,0,
ima-tec-gmbh.com,unknown,1.0,0,
hu.hamburg.de,unknown,1.0,0,
wrzesinski.org,unknown,1.0,0,
pokeline.com,unknown,1.0,0,
hoermann.de,unknown,1.0,0,
jacobs-university.de,Germany,2.0,Constructor University,
sustainable-europe.de,unknown,1.0,0,
iktd.uni-stuttgart.de,Germany,2.0,Universität Stuttgart,
happyfishmedia.com,unknown,1.0,0,
alumni.charite.de,Germany,2.0,Charité - Universitätsmedizin Berlin,
transmedial.de,unknown,1.0,0,
themathcompany.com,unknown,1.0,0,
billwerk.com,unknown,1.0,0,
fst.tu-darmstadt.de,Germany,2.0,TU Darmstadt,
kuleuven.be,unknown,1.0,0,
stiftung-leuchtfeuer.de,unknown,1.0,0,
pem.rwth-aachen.de,Germany,2.0,RWTH Aachen,
csg-in.de,unknown,1.0,0,
mrd.bistum365.de,unknown,1.0,0,
rufenercom.ch,unknown,1.0,0,
ecb.europa.eu,unknown,1.0,0,
dittmann.live,0,0.0,0.0,
denizdurmaz.de,unknown,1.0,0,
digitalonus.com,unknown,1.0,0,
unisabana.edu.co,Colombia,2.0,Universidad de La Sabana,
dauen.de,unknown,1.0,0,
web25.de,unknown,1.0,0,
kompetenzzentrum-ilmenau.de,unknown,1.0,0,
hugo-konzept.de,unknown,1.0,0,
g-oellrich.de,unknown,1.0,0,
epic-and-i.de,unknown,1.0,0,
uc.cl,Chile,2.0,Pontificia Universidad Catolica de Chile,
fen.uchile.cl,Chile,2.0,Universidad de Chile,
sunbook.de,unknown,1.0,0,
schulamt-nl.de,unknown,1.0,0,
clarios.com,unknown,1.0,0,
koellisch.de,unknown,1.0,0,
idf.uni-heidelberg.de,Germany,2.0,Universität Heidelberg,
metaplan.com,unknown,1.0,0,
reconva.de,unknown,1.0,0,
schirdewahn.net,unknown,1.0,0,
chemiecluster-bayern.de,unknown,1.0,0,
notrufnoe.at,unknown,1.0,0,
adito.de,unknown,1.0,0,
randen.de,unknown,1.0,0,
lichtupartner.de,unknown,1.0,0,
uoc.edu,Spain,2.0,Universitat Oberta de Catalunya,
inno-ki.de,unknown,1.0,0,
germany.travel,unknown,1.0,0,
mluk.brandenburg.de,unknown,1.0,0,
vdpresearch.de,unknown,1.0,0,
edu.donau-uni.ac.at,Austria,2.0,Donau-Universität Krems,
vacchini.de,unknown,1.0,0,
schule-im-aufbruch.de,unknown,1.0,0,
donsmotel.com,unknown,1.0,0,
otto-ps.de,unknown,1.0,0,
schadow-archiv.de,unknown,1.0,0,
rheinmediation.de,unknown,1.0,0,
bu.edu,United States,2.0,Boston University,
iinovis.com,unknown,1.0,0,
kreis-vg.de,unknown,1.0,0,
iconnewmedia.de,unknown,1.0,0,
scippy.net,unknown,1.0,0,
dr-goost.de,unknown,1.0,0,
usf.edu,United States,2.0,University of South Florida,
brandberger.com,unknown,1.0,0,
baugruppe.de,unknown,1.0,0,
andritz.com,unknown,1.0,0,
traxpay.com,unknown,1.0,0,
dianehedderich.de,unknown,1.0,0,
wupperinst.org,unknown,1.0,0,
staedtler.com,unknown,1.0,0,
lizzynet.de,unknown,1.0,0,
fosbos-ush.de,unknown,1.0,0,
rm.dk,unknown,1.0,0,
ewt-net.de,unknown,1.0,0,
deusto.es,Spain,2.0,Universidad de Deusto,
escapure.de,unknown,1.0,0,
lots.de,unknown,1.0,0,
bkz-gs.ch,unknown,1.0,0,
wien.gv.at,unknown,1.0,0,
hwk-mittelfranken.de,unknown,1.0,0,
tno.nl,unknown,1.0,0,
umbc.edu,United States,2.0,"University of Maryland, Baltimore County",
birnbacher.com,unknown,1.0,0,
zinvestment.onmicrosoft.com,unknown,1.0,0,
froehlich.as,unknown,1.0,0,
stud.hmdk-stuttgart.de,Germany,2.0,Hochschule für Musik und Darstellende Kunst Stuttgart,
bhtc.com,unknown,1.0,0,
uta-wagner.com,unknown,1.0,0,
contrium.de,unknown,1.0,0,
verizon.net,unknown,0.0,0.0,
unger-eu.de,unknown,1.0,0,
volvo-pinneberg.de,unknown,1.0,0,
hortis-grc.com,unknown,1.0,0,
schamaitis.de,unknown,1.0,0,
kug.ac.at,Austria,2.0,Universität für Musik und darstellende Kunst Graz,
wilfried-jost.de,unknown,1.0,0,
mijnlieff.nl,unknown,1.0,0,
koeln-ring.de,unknown,1.0,0,
solit-digital.com,unknown,1.0,0,
tn-bildungsinnovation.com,unknown,1.0,0,
kosmetikverband.de,unknown,1.0,0,
mastd.rlp.de,unknown,1.0,0,
donnersberg.de,unknown,1.0,0,
vdtuev.de,unknown,1.0,0,
tuev-lab.ai,unknown,1.0,0,
hak-schaerding.at,unknown,1.0,0,
elektro-stilper.de,unknown,1.0,0,
mathee.com,unknown,1.0,0,
sbh-west.de,unknown,1.0,0,
filmfaktor.com,unknown,1.0,0,
rutgers.edu,United States,2.0,Rutgers University,
videbimus.org,unknown,1.0,0,
anderland.org,unknown,1.0,0,
uivvn.net,unknown,1.0,0,
priskafries.de,unknown,1.0,0,
marcel-grosser.de,unknown,1.0,0,
schwarz-produktion.com,unknown,1.0,0,
philosophie.uni-freiburg.de,Germany,2.0,Universität Freiburg,
akademie.org,unknown,1.0,0,
leap-dynamics.com,unknown,1.0,0,
mms.tu-berlin.de,Germany,2.0,TU Berlin,
cnolte.de,unknown,1.0,0,
nkenke.de,unknown,1.0,0,
hlz.de,unknown,1.0,0,
eurofound.europa.eu,unknown,1.0,0,
grob.de,unknown,1.0,0,
mgo-lokalemedien.de,unknown,1.0,0,
ukbonn.de,unknown,1.0,0,
josef-seibel.de,unknown,1.0,0,
elkb.de,unknown,1.0,0,
hurlimann.ch,unknown,1.0,0,
kanzleivonrandow.de,unknown,1.0,0,
mum-services.de,unknown,1.0,0,
my.cityu.edu.hk,Hong Kong,2.0,City University of Hong Kong,
soziales.hamburg.de,unknown,1.0,0,
san.aok.de,unknown,1.0,0,
iaai.de,unknown,1.0,0,
burkhardtheimann.de,unknown,1.0,0,
dr-gianni.com,unknown,1.0,0,
btinternet.com,unknown,0.0,0.0,
lueke.com,unknown,1.0,0,
njf.de,unknown,1.0,0,
teufelix.de,unknown,1.0,0,
skopos.de,unknown,1.0,0,
famwitke.de,unknown,1.0,0,
police.be.ch,unknown,1.0,0,
umlaut.com,unknown,1.0,0,
frieda.org,unknown,1.0,0,
sfr.fr,unknown,0.0,0.0,
geomar.de,unknown,1.0,0,
bzh.uni-heidelberg.de,Germany,2.0,Universität Heidelberg,
agaplesion.de,unknown,1.0,0,
ww-ag.com,unknown,1.0,0,
mbasolvay.net,unknown,1.0,0,
cw-wwrl.de,unknown,1.0,0,
celonis.com,unknown,1.0,0,
ebac.lu,unknown,1.0,0,
polizei.bund.de,unknown,1.0,0,
dylanharris.org,unknown,1.0,0,
azv-sh.de,unknown,1.0,0,
klenk.es,unknown,1.0,0,
xota.nl,unknown,1.0,0,
lantwin.de,unknown,1.0,0,
moenig.org,unknown,1.0,0,
umons.ac.be,unknown,1.0,0,
pp65.de,unknown,1.0,0,
ordina.lu,unknown,1.0,0,
adem.etat.lu,unknown,1.0,0,
textico.de,unknown,1.0,0,
staudtconsulting.de,unknown,1.0,0,
iqeq.com,unknown,1.0,0,
wbgs-koeln.de,unknown,1.0,0,
schnitzer-group.com,unknown,1.0,0,
itsfemale.de,unknown,1.0,0,
ah-beratungen.de,unknown,1.0,0,
usherbrooke.ca,unknown,1.0,0,
numetech.com,unknown,1.0,0,
wanadoo.fr,unknown,0.0,0.0,
vector.com,unknown,1.0,0,
vafriederike.com,unknown,1.0,0,
k-plus-s.com,unknown,1.0,0,
schulverwaltung.bremen.de,unknown,1.0,0,
aiesec.net,unknown,1.0,0,
andreasrohlf.de,unknown,1.0,0,
zoller.lu,unknown,1.0,0,
bakoev.bund.de,unknown,1.0,0,
amazon.lu,unknown,1.0,0,
erasmusmc.nl,unknown,1.0,0,
mailanschoens.de,unknown,1.0,0,
mylife.lu,unknown,1.0,0,
aerzen.com,unknown,1.0,0,
ckq-gmbh.de,unknown,1.0,0,
batterie-industrie-germany.de,unknown,1.0,0,
firwat.us,unknown,1.0,0,
allai.nl,unknown,1.0,0,
polymtl.ca,Canada,2.0,"École Polytechnique de Montréal, Université de Montréal",
emine.lu,unknown,1.0,0,
hpa.hamburg.de,unknown,1.0,0,
wisc.edu,United States,2.0,University of Wisconsin - Madison,
audencia.com,France,2.0,Audencia,
glastroesch.de,unknown,1.0,0,
rosenberger.com,unknown,1.0,0,
quest.gr,unknown,1.0,0,
cnfpc.lu,unknown,1.0,0,
intershop.com,unknown,1.0,0,
indisoft.de,unknown,1.0,0,
chriswillox.com,unknown,1.0,0,
baskewitsch.lu,unknown,1.0,0,
sprachwerkstatt-warmbier.de,unknown,1.0,0,
klinikum-oldenburg.de,unknown,1.0,0,
brothers.lu,unknown,1.0,0,
xyz.de,unknown,1.0,0,
cap4lab.com,unknown,1.0,0,
depend.uni-saarland.de,Germany,2.0,Universität des Saarlandes,
elora.be,unknown,1.0,0,
franziskalopau.de,unknown,1.0,0,
deutschland.ms,unknown,1.0,0,
nous.la,unknown,1.0,0,
eed.usv.ro,Romania,2.0,University of Suceava,
daiber.de,unknown,1.0,0,
danielsonnet.de,unknown,1.0,0,
kovacs.lu,unknown,1.0,0,
club-internet.fr,unknown,0.0,0.0,
vandewiele.com,unknown,1.0,0,
nordlicht-consultants.com,unknown,1.0,0,
cantab.net,unknown,1.0,0,
brachwitz.de,unknown,1.0,0,
henschel-hgb.de,unknown,1.0,0,
egr.msu.edu,United States,2.0,Michigan State University,
bjoerngehlsen.de,unknown,1.0,0,
umich.mx,Mexico,2.0,Universidad Michoacana de San Nicolás de Hidalgo,
hab.de,unknown,1.0,0,
statistik-nord.de,unknown,1.0,0,
yr8.de,unknown,1.0,0,
bunzl-biach.at,unknown,1.0,0,
oebiz.de,unknown,1.0,0,
molgen.mpg.de,unknown,1.0,0,
aon.com,unknown,1.0,0,
lehnert24.de,unknown,1.0,0,
karl-simrock-schule.de,unknown,1.0,0,
imw.tu-clausthal.de,Germany,2.0,TU Clausthal,
vanderheij.com,unknown,1.0,0,
eurocampus.de,unknown,1.0,0,
jaenecke.com,unknown,1.0,0,
ulrich-klein.de,unknown,1.0,0,
uclouvain.be,unknown,1.0,0,
uab.cat,unknown,1.0,0,
sbdinc.com,unknown,1.0,0,
stadtwerke-bayreuth.de,unknown,1.0,0,
mail.missouri.edu,United States,2.0,University of Missouri,
darrazi.de,unknown,1.0,0,
cc4e.de,unknown,1.0,0,
ruenker.de,unknown,1.0,0,
iasbs.ac.ir,Iran,2.0,Zanjan Institute for Advanced Studies in Basic Sciences,
sparkasse-hannover.de,unknown,1.0,0,
paretos.ai,unknown,1.0,0,
jenniferdahl.com,unknown,1.0,0,
postfach89.de,unknown,1.0,0,
ro-bust.de,unknown,1.0,0,
rapidminer.com,unknown,1.0,0,
blickbox.com,unknown,1.0,0,
antjematull.de,unknown,1.0,0,
medconcept.tech,unknown,1.0,0,
ecoview-gmbh.com,unknown,1.0,0,
holeczek.de,unknown,1.0,0,
bioconstruct.de,unknown,1.0,0,
uantwerpen.be,unknown,1.0,0,
westernacher.com,unknown,1.0,0,
symbolon.com,unknown,1.0,0,
thisisnext.cc,unknown,1.0,0,
t-com.me,unknown,1.0,0,
stuelten-consulting.de,unknown,1.0,0,
f-e.de,unknown,1.0,0,
leibundseelekultur.de,unknown,1.0,0,
encevo.eu,unknown,1.0,0,
leadon.de,unknown,1.0,0,
ibo-tec.de,unknown,1.0,0,
usefabriq.com,unknown,1.0,0,
julia-bretz.de,unknown,1.0,0,
live.com.pt,unknown,0.0,0.0,
ditba.hamburg.de,unknown,1.0,0,
etu.uae.ac.ma,Morocco,2.0,Université Abdelmalek Essadi,
weill.io,unknown,1.0,0,
kramer5.de,unknown,1.0,0,
underflow.fr,unknown,1.0,0,
cap4learning.com,unknown,1.0,0,
terzo.de,unknown,1.0,0,
blaise.name,unknown,1.0,0,
dbit.lu,unknown,1.0,0,
tuks.co.za,unknown,1.0,0,
sierak.de,unknown,1.0,0,
imro-invest.de,unknown,1.0,0,
oberschule-bomlitz.de,unknown,1.0,0,
oberstaufen.info,unknown,1.0,0,
liser.lu,unknown,1.0,0,
kemkes.net,unknown,1.0,0,
math.uni-duesseldorf.de,Germany,2.0,HHU Düsseldorf,
dujesiefken.com,unknown,1.0,0,
bg-rams.ac.at,unknown,1.0,0,
mettnau-schule.de,unknown,1.0,0,
cws.com,unknown,1.0,0,
essex.ac.uk,United Kingdom,2.0,University of Essex,
baumvertrauen.de,unknown,1.0,0,
gedeonrichter.de,unknown,1.0,0,
list.lu,unknown,1.0,0,
hitec.lu,unknown,1.0,0,
imi.uni-luebeck.de,Germany,2.0,Universität Lübeck,
urbanknowmad.com,unknown,1.0,0,
helenakopp.de,unknown,1.0,0,
landratsamt-roth.de,unknown,1.0,0,
salzburger-giengen.de,unknown,1.0,0,
sornoza.com,unknown,1.0,0,
ids-hoefer.de,unknown,1.0,0,
kunzmann-fraesmaschinen.de,unknown,1.0,0,
informatik.uni-goettingen.de,Germany,2.0,Universität Göttingen,
softing.com,unknown,1.0,0,
litef.de,unknown,1.0,0,
logichain.biz,unknown,1.0,0,
stadtwerke-hall.de,unknown,1.0,0,
ber-it.de,unknown,1.0,0,
schueller-online.net,unknown,1.0,0,
gemeindebund.steiermark.at,unknown,1.0,0,
salzgitter-ag.de,unknown,1.0,0,
binder-elektronik.de,unknown,1.0,0,
nsg-berlin.de,unknown,1.0,0,
berlin.industrial.group,unknown,1.0,0,
unibz.it,Italy,2.0,Free University of Bozen,
forcos.saarland,unknown,1.0,0,
vaman.de,unknown,1.0,0,
hof-soltau.de,unknown,1.0,0,
ca-eckert.ch,unknown,1.0,0,
uag.de,unknown,1.0,0,
tq-group.com,unknown,1.0,0,
seubert.cc,unknown,1.0,0,
lse.ac.uk,United Kingdom,2.0,"London School of Economics and Political Science, University of London",
care.de,unknown,1.0,0,
rps-herten.de,unknown,1.0,0,
fnr-castrop.de,unknown,1.0,0,
zotzklimas.de,unknown,1.0,0,
seklero.de,unknown,1.0,0,
krawallundwunder.de,unknown,1.0,0,
kerbsties.de,unknown,1.0,0,
ttsecglobal.com,unknown,1.0,0,
bonaventura-gymnasium.de,unknown,1.0,0,
pius.schulbistum.de,Germany,2.0,TU München,
idg-gla.nrw.schule,unknown,1.0,0,
knistr.com,unknown,1.0,0,
bfarm.de,unknown,1.0,0,
rheinau.de,unknown,1.0,0,
die-leadermacher.de,unknown,1.0,0,
heriburg-gymnasium.de,unknown,1.0,0,
computerbild.de,unknown,1.0,0,
thrs-coe.de,unknown,1.0,0,
automotive-thueringen.de,unknown,1.0,0,
baumgaertner-consulting.com,unknown,1.0,0,
kreis-lippe.de,unknown,1.0,0,
jhgcloud.de,unknown,1.0,0,
amazon.com,unknown,1.0,0,
laser-line.de,unknown,1.0,0,
terrassa.cat,unknown,1.0,0,
dedalus.eu,unknown,1.0,0,
nevag.de,unknown,1.0,0,
tupperware.com,unknown,1.0,0,
schwenke.de,unknown,1.0,0,
smail.iitm.ac.in,India,2.0,"Indian Institute of Technology, Madras",
vvaa1.com,unknown,1.0,0,
haushall.de,unknown,1.0,0,
lgbk.de,unknown,1.0,0,
ehrke.org,unknown,1.0,0,
kpmg-law.com,unknown,1.0,0,
gess.sg,unknown,1.0,0,
koemedia.net,unknown,1.0,0,
sussani.de,unknown,1.0,0,
swiss-exams.ch,unknown,1.0,0,
daypey.com,unknown,1.0,0,
gymneander.de,unknown,1.0,0,
freudenberg-filter.com,unknown,1.0,0,
sunnygolf.de,unknown,1.0,0,
humboldtschule.de,unknown,1.0,0,
produktmacher.com,unknown,1.0,0,
charite.de,Germany,2.0,Charité - Universitätsmedizin Berlin,
aschfalk.com,unknown,1.0,0,
wertsteiger.de,unknown,1.0,0,
brandmaier.eu,unknown,1.0,0,
roehm.com,unknown,1.0,0,
moek.de,unknown,1.0,0,
dh.nrw,unknown,1.0,0,
portella.com.br,unknown,1.0,0,
leibniz-inm.de,unknown,1.0,0,
pscherer-online.de,0,0.0,0.0,
stadtwerke-ruesselsheim.de,unknown,1.0,0,
swk.de,unknown,1.0,0,
data-smith.rocks,unknown,1.0,0,
aiv-bund.de,unknown,1.0,0,
diberatung.de,unknown,1.0,0,
deutsche-bildung.de,unknown,1.0,0,
lindenhofgruppe.ch,unknown,1.0,0,
kirsten-becker.com,unknown,1.0,0,
intensivkurs-daf.de,unknown,1.0,0,
gewinet.de,unknown,1.0,0,
infoxinfo.de,unknown,1.0,0,
dcobe.com,unknown,1.0,0,
convensis.com,unknown,1.0,0,
koemedia.eu,unknown,1.0,0,
onionmail.org,unknown,1.0,0,
teleteach.de,unknown,1.0,0,
protec-24.com,unknown,1.0,0,
eos.igm.de,unknown,1.0,0,
plusfournine.de,unknown,1.0,0,
frommer.legal,unknown,1.0,0,
gastro-hero.de,unknown,1.0,0,
zsl-rsfr.de,unknown,1.0,0,
my-oli.com,unknown,1.0,0,
evangelische-gesamtschule.de,unknown,1.0,0,
lilia.ai,unknown,1.0,0,
irt-jules-verne.fr,unknown,1.0,0,
bleib-neugierig.info,unknown,1.0,0,
mach12.de,unknown,1.0,0,
nicole-clemens.de,unknown,1.0,0,
cyros.de,unknown,1.0,0,
nicole-wolf.de,unknown,1.0,0,
builtech.de,unknown,1.0,0,
halltabakwaren.de,unknown,1.0,0,
sandra-wilms.de,unknown,1.0,0,
netcon.de,unknown,1.0,0,
celonis.de,unknown,1.0,0,
kuebler.cloud,unknown,1.0,0,
kiabws.com,unknown,1.0,0,
geilhufe.de,unknown,1.0,0,
ipb-freiburg.de,unknown,1.0,0,
g.ntu.edu.tw,"Taiwan, Province of China",2.0,National Taiwan University,
marienhaus.de,unknown,1.0,0,
mypegasus.de,unknown,1.0,0,
lis.bremen.de,unknown,1.0,0,
dihk.de,unknown,1.0,0,
henneberger-consulting.de,unknown,1.0,0,
tskurier.de,unknown,1.0,0,
lear.com,unknown,1.0,0,
risse-warstein.de,unknown,1.0,0,
ecuad.ca,unknown,1.0,0,
pier.de,unknown,1.0,0,
mbacs.at,unknown,1.0,0,
outlook.pt,unknown,0.0,0.0,
vinzentinum.it,unknown,1.0,0,
luschei.de,unknown,1.0,0,
oru.se,Sweden,2.0,Örebro University,
agil-verwirklichen.de,unknown,1.0,0,
avt-bildung.de,unknown,1.0,0,
vinci-construction.com,unknown,1.0,0,
cognostics.de,unknown,1.0,0,
cawecon.de,unknown,1.0,0,
itw-berlin.de,unknown,1.0,0,
must.ac.mw,Malawi,2.0,Malawi University of Science and Technology,
plath.de,unknown,1.0,0,
pistenbully.com,unknown,1.0,0,
wolfer.de,unknown,1.0,0,
jugendsiedlung-hochland.de,unknown,1.0,0,
wisu.amberg.de,unknown,1.0,0,
cassini.ag,unknown,1.0,0,
singular-it.de,unknown,1.0,0,
kamk.fi,unknown,1.0,0,
iliauni.edu.ge,Georgia,2.0,Ilia Chavchavadze State University,
jag-bottrop.de,unknown,1.0,0,
reutlingen.ihk.de,unknown,1.0,0,
darkpanda.de,unknown,1.0,0,
hosseiny.com,unknown,1.0,0,
schymanietz.de,unknown,1.0,0,
general-technic.lu,unknown,1.0,0,
eco.etat.lu,unknown,1.0,0,
christiane-boehme.de,unknown,1.0,0,
jindalfilms.com,unknown,1.0,0,
debets.de,unknown,1.0,0,
fos-haar.de,unknown,1.0,0,
moskaliuk.com,unknown,1.0,0,
begeisterung.de,unknown,1.0,0,
ideascanner.com,unknown,1.0,0,
syram.eu,unknown,1.0,0,
druck-medientechniker.de,unknown,1.0,0,
deepbrainz.com,unknown,1.0,0,
academy-of-labour.de,unknown,1.0,0,
besser-treppen.de,unknown,1.0,0,
mindt.net,unknown,1.0,0,
eno-wine.com,unknown,1.0,0,
ingridliebald.de,unknown,1.0,0,
gsma.schulbistum.de,Germany,2.0,TU München,
olafthiele.de,unknown,1.0,0,
nurpixel.de,unknown,1.0,0,
thomas-barth.de,unknown,1.0,0,
anti-infect.de,unknown,1.0,0,
lbs-sued.de,unknown,1.0,0,
boga3.at,unknown,1.0,0,
pius-hospital.de,unknown,1.0,0,
live.ie,unknown,0.0,0.0,
agentur-zielgenau.de,unknown,1.0,0,
anwaltskanzlei-scheid.de,unknown,1.0,0,
d9s.de,unknown,1.0,0,
fernao.com,unknown,1.0,0,
hs21.de,Germany,2.0,hochschule 21,
angertech.com,unknown,1.0,0,
abfallboerse.ch,unknown,1.0,0,
bmtoolbox.net,unknown,1.0,0,
tueftelakademie.de,unknown,1.0,0,
zgf.de,unknown,1.0,0,
m-a-y.eu,unknown,1.0,0,
computerdiver.de,unknown,1.0,0,
vtours.de,unknown,1.0,0,
berlitz.de,unknown,1.0,0,
petra-dreimann.de,unknown,1.0,0,
birgitta-reitschuster.de,unknown,1.0,0,
enric.de,unknown,1.0,0,
ist.ac.at,Austria,2.0,Institute of Science and Technology,
lennartkappes.de,unknown,1.0,0,
abw-ang.de,unknown,1.0,0,
ijs.si,unknown,1.0,0,
linabondar.de,unknown,1.0,0,
ihl.eu,Germany,2.0,Internationale Hochschule Liebenzell,
resol.de,unknown,1.0,0,
arctoris.com,unknown,1.0,0,
merkle.com,unknown,1.0,0,
priefers.de,unknown,1.0,0,
bogula.de,unknown,1.0,0,
caspari-consulting.com,unknown,1.0,0,
mrrdo.de,unknown,1.0,0,
walzing.de,unknown,1.0,0,
lemay.org,unknown,1.0,0,
ram-sued.de,unknown,1.0,0,
clarissalenz.de,unknown,1.0,0,
ehb.swiss,unknown,1.0,0,
lua.saarland.de,unknown,1.0,0,
evakoch.org,unknown,1.0,0,
tatjana-mischke.de,unknown,1.0,0,
p2am.ch,unknown,1.0,0,
lasv.brandenburg.de,unknown,1.0,0,
3faktur.com,unknown,1.0,0,
prantl-it.de,unknown,1.0,0,
planiii.de,unknown,1.0,0,
bohr-advise.de,unknown,1.0,0,
tagpoint.de,unknown,1.0,0,
e-fi.de,unknown,1.0,0,
wohnbau-rodewisch.de,unknown,1.0,0,
aapt.net.au,unknown,0.0,0.0,
uebzo.de,unknown,1.0,0,
edditrex.de,unknown,1.0,0,
ctw-web.de,0,0.0,0.0,
thegappartnership.com,unknown,1.0,0,
predipower.com,unknown,1.0,0,
ipn.de,unknown,1.0,0,
dlh.de,unknown,1.0,0,
etudiant-isi.utm.tn,unknown,1.0,0,
fv.nrw.de,unknown,1.0,0,
unkorce.edu.al,Albania,2.0,"University of Korca ""Fan Noli""",
feurer-gmbh.de,unknown,1.0,0,
cn.bosch.com,unknown,1.0,0,
schwabe.de,unknown,1.0,0,
sib.ch,unknown,1.0,0,
pahnke.de,unknown,1.0,0,
wmseidel.de,unknown,1.0,0,
planet-domains.de,unknown,1.0,0,
stu.edu.cn,China,2.0,Shantou University,
lilithwittmann.de,unknown,1.0,0,
ca.pajowu.de,unknown,1.0,0,
paulseidel.com,unknown,1.0,0,
gramberg.de,unknown,1.0,0,
radu.sh,unknown,1.0,0,
theprojectpeoplecompany.ch,unknown,1.0,0,
family-wolter.de,unknown,1.0,0,
leaderwd.at,unknown,1.0,0,
hwk-konstanz.de,unknown,1.0,0,
qbeyond.de,unknown,1.0,0,
mrossa.net,unknown,1.0,0,
walter-giepen.de,unknown,1.0,0,
melaniedries.de,unknown,1.0,0,
nettrek.de,unknown,1.0,0,
praelexis.com,unknown,1.0,0,
etuna.ch,unknown,1.0,0,
sca.online,unknown,1.0,0,
harrykeaton.de,unknown,1.0,0,
rudelweb.de,0,0.0,0.0,
minqi.io,unknown,1.0,0,
warwick.ac.uk,United Kingdom,2.0,University of Warwick,
rauwald.de,unknown,1.0,0,
cornell.edu,United States,2.0,Cornell University,
ibp.one,unknown,1.0,0,
fit.fraunhofer.de,unknown,1.0,0,
evangelisches-johannesstift.de,unknown,1.0,0,
ateampc.com,unknown,1.0,0,
rbk-online.de,0,0.0,0.0,
komage.de,unknown,1.0,0,
cosnova.com,unknown,1.0,0,
hanjob.de,unknown,1.0,0,
lumino.de,unknown,1.0,0,
kristinschombel.com,unknown,1.0,0,
goethe.lernsax.de,unknown,1.0,0,
winkelhorst.net,unknown,1.0,0,
percom.ch,unknown,1.0,0,
staatsforst.de,unknown,1.0,0,
speakus.de,unknown,1.0,0,
purem.com,unknown,1.0,0,
spatscheck-und-moser.de,unknown,1.0,0,
sgg-bingen.de,unknown,1.0,0,
kvbawue.de,unknown,1.0,0,
schuster-onlinehome.de,0,0.0,0.0,
filmschule.de,unknown,1.0,0,
yan.de,unknown,1.0,0,
vtw.de,unknown,1.0,0,
econ.lmu.de,Germany,2.0,Universität München,
devpi.de,unknown,1.0,0,
earley.de,unknown,1.0,0,
domroes.com,unknown,1.0,0,
neumann.to,unknown,1.0,0,
gpt-pilot.com,unknown,1.0,0,
asg-er.de,unknown,1.0,0,
jasminplappert.de,unknown,1.0,0,
nubert.eu,unknown,1.0,0,
antonialuetgens.com,unknown,1.0,0,
kwidmayer.de,unknown,1.0,0,
itergo.com,unknown,1.0,0,
web-haecker.de,unknown,1.0,0,
emailn.eu,unknown,1.0,0,
small-enterprise-business.services,unknown,1.0,0,
uv-mv.de,unknown,1.0,0,
etu.esisar.grenoble-inp.fr,France,2.0,Institut polytechnique de Grenoble,
braincode-consulting.de,unknown,1.0,0,
smd.com.de,unknown,1.0,0,
abuda.ch,unknown,1.0,0,
ams-osram.com,unknown,1.0,0,
rahle.de,unknown,1.0,0,
itu.dk,Denmark,2.0,IT University of Copenhagen,
ib-acs.at,unknown,1.0,0,
mrbjoernson.com,unknown,1.0,0,
seifert-ccb.de,unknown,1.0,0,
binner.at,unknown,1.0,0,
simonelinke.com,unknown,1.0,0,
denninger.at,unknown,1.0,0,
transcript-verlag.de,unknown,1.0,0,
interactive-tools.de,unknown,1.0,0,
femkom.de,unknown,1.0,0,
math.tu-berlin.de,Germany,2.0,TU Berlin,
fms-ag.ch,unknown,1.0,0,
esenemre.com,unknown,1.0,0,
dr-rabea-hass.de,unknown,1.0,0,
herrschwarzer.de,unknown,1.0,0,
rpgi.hessen.de,unknown,1.0,0,
fad.unam.mx,Mexico,2.0,Universidad Nacional Autónoma de México,
flagner.com,unknown,1.0,0,
kreis-stormarn.de,unknown,1.0,0,
friend-net.de,unknown,1.0,0,
schapeit.com,unknown,1.0,0,
kthf.uni-augsburg.de,Germany,2.0,Universität Augsburg,
nexus-ag.de,unknown,1.0,0,
ku-weit.de,unknown,1.0,0,
jadsys.com,unknown,1.0,0,
gsk.com,unknown,1.0,0,
josefstal.de,unknown,1.0,0,
dhfpg-bsa.de,unknown,1.0,0,
oldenburg.ihk.de,unknown,1.0,0,
cemueller.de,unknown,1.0,0,
kerafol.com,unknown,1.0,0,
bsbs.es.kr,unknown,1.0,0,
lfg-ma.de,unknown,1.0,0,
cityclean.de,unknown,1.0,0,
hubert-kluth.de,unknown,1.0,0,
claimini.com,unknown,1.0,0,
geier-fasanenhof.de,unknown,1.0,0,
lahr.de,unknown,1.0,0,
novum.net,unknown,1.0,0,
facharztagentur.de,unknown,1.0,0,
datenschutz-mv.de,unknown,1.0,0,
remchingen.de,unknown,1.0,0,
dfge.de,unknown,1.0,0,
ritter.biz,unknown,1.0,0,
reichardt.io,unknown,1.0,0,
kartikraja.com,unknown,1.0,0,
walenciak.de,unknown,1.0,0,
boell-bw.de,unknown,1.0,0,
vivianschloemer.de,unknown,1.0,0,
dominikus-gymnasium.de,unknown,1.0,0,
tmm-group.de,unknown,1.0,0,
21st.digital,unknown,1.0,0,
gs-leiferde.schule,unknown,1.0,0,
speed.fit,unknown,1.0,0,
schoitl.com,unknown,1.0,0,
siringhaus.de,unknown,1.0,0,
mindsandmatches.com,unknown,1.0,0,
ko-kids.de,unknown,1.0,0,
gerha.de,unknown,1.0,0,
alpine.hosokawa.com,unknown,1.0,0,
lvd.de,unknown,1.0,0,
db-gym.de,unknown,1.0,0,
kyndryl.com,unknown,1.0,0,
volker-kiemle.de,unknown,1.0,0,
netcare.ch,unknown,1.0,0,
wabsolute.de,unknown,1.0,0,
ibl.uni-stuttgart.de,Germany,2.0,Universität Stuttgart,
bgrt.eu,unknown,1.0,0,
scheuch.com,unknown,1.0,0,
a1.net,unknown,1.0,0,
senfin.berlin.de,unknown,1.0,0,
woodrealestate.info,unknown,1.0,0,
dietsch.name,unknown,1.0,0,
lagfa-bayern.de,unknown,1.0,0,
visitare.de,unknown,1.0,0,
ra-kurt.de,unknown,1.0,0,
kreis-viersen.de,unknown,1.0,0,
ajoev.de,unknown,1.0,0,
connedata.de,unknown,1.0,0,
naturenergie.de,unknown,1.0,0,
kaymaz.eu,unknown,1.0,0,
capitain.de,unknown,1.0,0,
xit-online.de,0,0.0,0.0,
s2018.tu-chemnitz.de,Germany,2.0,TU Chemnitz,
eagereverest.com,unknown,1.0,0,
surkes.de,unknown,1.0,0,
ecc-eg.com,unknown,1.0,0,
bridgehead.com.br,unknown,1.0,0,
mister-seo.com,unknown,1.0,0,
purdue.edu,United States,2.0,Purdue University,
gsms-hoesie.de,unknown,1.0,0,
von-allworden.com,unknown,1.0,0,
srhk.de,unknown,1.0,0,
vub.be,unknown,1.0,0,
kknispel.de,unknown,1.0,0,
inaps.etat.lu,unknown,1.0,0,
it-emsland.de,unknown,1.0,0,
blk.de,unknown,1.0,0,
dekom.com,unknown,1.0,0,
unsoed.ac.id,Indonesia,2.0,Universitas Jenderal Soedirman,
heinberatungen.ch,unknown,1.0,0,
dzikus.net,unknown,1.0,0,
slashbot.com,unknown,1.0,0,
jost-world.com,unknown,1.0,0,
student.uu.se,Sweden,2.0,Uppsala University,
taubner.name,unknown,1.0,0,
sapo.pt,unknown,0.0,0.0,
hacon.de,unknown,1.0,0,
mps.uni-freiburg.de,Germany,2.0,Universität Freiburg,
valorem.com.co,unknown,1.0,0,
jcs1711.de,unknown,1.0,0,
oktayanar.de,unknown,1.0,0,
vernon.eu,unknown,1.0,0,
ingenieur.io,unknown,1.0,0,
visinka.de,unknown,1.0,0,
netaveo.de,unknown,1.0,0,
edu.uferstrasse.de,unknown,1.0,0,
swatchgroup.com,unknown,1.0,0,
stud.htwk-leipzig.de,Germany,2.0,HTWK Leipzig,
sparda-bw.de,unknown,1.0,0,
simlearn.de,unknown,1.0,0,
huerkamp.de,unknown,1.0,0,
itubs.de,unknown,1.0,0,
mps-ki.de,unknown,1.0,0,
posteo.be,0,0.0,0.0,
hima.com,unknown,1.0,0,
also.com,unknown,1.0,0,
maennig.net,unknown,1.0,0,
goethe-gymnasium-stolberg.de,unknown,1.0,0,
restaurant-verlan.de,unknown,1.0,0,
hanmail.net,unknown,0.0,0.0,
bioberater-sds.de,unknown,1.0,0,
patrickrosendahl.de,unknown,1.0,0,
edulu.ch,unknown,1.0,0,
dmgmori-digital.com,unknown,1.0,0,
lavrio.solutions,unknown,1.0,0,
strike2.de,unknown,1.0,0,
statistik-peter.at,unknown,1.0,0,
kultur-ostbayern.de,unknown,1.0,0,
gymnasium-neuruppin.de,unknown,1.0,0,
dsgvo.party,unknown,1.0,0,
zellamsee.eu,unknown,1.0,0,
ncsu.edu,United States,2.0,North Carolina State University,
u-f-l.de,unknown,1.0,0,
klinikverbund-allgaeu.de,unknown,1.0,0,
hanigk-bartosch.de,unknown,1.0,0,
stella-publishing.de,unknown,1.0,0,
klima-power.de,unknown,1.0,0,
aelai.io,unknown,1.0,0,
mathe.online,unknown,1.0,0,
bochum.de,unknown,1.0,0,
cock.li,unknown,1.0,0,
verdi-bw-hessen.de,unknown,1.0,0,
bdk.de,unknown,1.0,0,
profimind.com,unknown,1.0,0,
lepold.net,unknown,1.0,0,
dbuas.de,Germany,2.0,Digital Business University,
bsz-wasserburg.de,unknown,1.0,0,
eh-energiesysteme.de,unknown,1.0,0,
crb.uu.se,Sweden,2.0,Uppsala University,
opdenakker.de,unknown,1.0,0,
expertsuisse.ch,unknown,1.0,0,
sick-holding.de,unknown,1.0,0,
enterlearning.de,unknown,1.0,0,
borggoetzis.at,unknown,1.0,0,
acin.tuwien.ac.at,Austria,2.0,Technische Universität Wien,
poladium.de,unknown,1.0,0,
bbz-nok.de,unknown,1.0,0,
context-wae.de,unknown,1.0,0,
mecklenburgische.de,unknown,1.0,0,
dar-analytics.de,unknown,1.0,0,
rpf.bwl.de,unknown,1.0,0,
quinoa-bildung.de,unknown,1.0,0,
xitaso.com,unknown,1.0,0,
bosch-bkk.de,unknown,1.0,0,
levit.eu,unknown,1.0,0,
blum.de.com,unknown,1.0,0,
lekkerland.com,unknown,1.0,0,
picon.ch,unknown,1.0,0,
3ecapital.de,unknown,1.0,0,
bwzlyss.ch,unknown,1.0,0,
mein-gaussge.de,unknown,1.0,0,
mesle.com,unknown,1.0,0,
stmu.info,unknown,1.0,0,
com-vistec.de,unknown,1.0,0,
beuschlein.de,unknown,1.0,0,
laemm-line.de,unknown,1.0,0,
unamind.ai,unknown,1.0,0,
init-software.de,unknown,1.0,0,
recosys.com,unknown,1.0,0,
strandsurfer.de,unknown,1.0,0,
familiepaus.de,unknown,1.0,0,
akd-ekbo.de,unknown,1.0,0,
nmsgfoehl.ac.at,unknown,1.0,0,
martin-holzwarth.de,unknown,1.0,0,
schulethalwil.ch,unknown,1.0,0,
entdecker.com,unknown,1.0,0,
wilhelm-weidner.net,unknown,1.0,0,
edv-seminare.eu,unknown,1.0,0,
lbb.rlp.de,unknown,1.0,0,
kulturservice-ruhr.de,unknown,1.0,0,
cool.ms,unknown,1.0,0,
lachmann-rink.de,unknown,1.0,0,
fraenkle.de,unknown,1.0,0,
fincainc.com,unknown,1.0,0,
klinikum-wolfenbuettel.de,unknown,1.0,0,
sp-con.de,unknown,1.0,0,
seiferth-verbindet.de,unknown,1.0,0,
fos2-n.de,unknown,1.0,0,
mi.unc.edu.ar,Argentina,2.0,Universidad Nacional de Córdoba,
wiwi.uni-paderborn.de,Germany,2.0,Universität Paderborn,
wiebelhaus.net,unknown,1.0,0,
ariadne-an-der-spree.de,unknown,1.0,0,
wesche.org,unknown,1.0,0,
freiburg.ihk.de,unknown,1.0,0,
leadingtomorrow.ai,unknown,1.0,0,
oschwarz.biz,unknown,1.0,0,
superkalt.de,unknown,1.0,0,
zurich.ch,unknown,1.0,0,
right.agency,unknown,1.0,0,
stargate14.de,unknown,1.0,0,
attocube.com,unknown,1.0,0,
hwk-cottbus.de,unknown,1.0,0,
whyzer.io,unknown,1.0,0,
mittelsdorf.net,unknown,1.0,0,
digitales.nrw.de,unknown,1.0,0,
geeilpe.de,unknown,1.0,0,
lpm.academy,unknown,1.0,0,
romev.de,unknown,1.0,0,
uni-frankfurt.de,Germany,2.0,Universität Frankfurt,
tuefteling.de,unknown,1.0,0,
saukel-kevin.de,unknown,1.0,0,
drehmann.de,unknown,1.0,0,
buhl-data.com,unknown,1.0,0,
art-er.it,unknown,1.0,0,
braunschweig.ihk.de,unknown,1.0,0,
futurelabs.de,unknown,1.0,0,
handwerk-duisburg.de,unknown,1.0,0,
ilikel.de,unknown,1.0,0,
ford.com,unknown,1.0,0,
informatik.uni-heidelberg.de,Germany,2.0,Universität Heidelberg,
jobware.de,unknown,1.0,0,
digitalmoves.de,unknown,1.0,0,
stadt-oberzent.de,unknown,1.0,0,
pantaenius.com,unknown,1.0,0,
aargauverkehr.ch,unknown,1.0,0,
aktion-zivilcourage.de,unknown,1.0,0,
johannes-wentzel.de,unknown,1.0,0,
bkk-vbu.de,unknown,1.0,0,
klosterog.de,unknown,1.0,0,
klein.li,unknown,1.0,0,
elstcon.eu,unknown,1.0,0,
yncoris.com,unknown,1.0,0,
schmittonline.de,0,0.0,0.0,
gezginci.com,unknown,1.0,0,
pr-poehls.de,unknown,1.0,0,
ivoclar.com,unknown,1.0,0,
yumeshin-benext.co.jp,unknown,1.0,0,
lio-darmstadt.de,unknown,1.0,0,
dirk-mutter.de,unknown,1.0,0,
dbi-informatik.de,unknown,1.0,0,
steinbeisgms.de,unknown,1.0,0,
eng.asu.edu.eg,Egypt,2.0,Ain Shams University,
jeisecke.de,unknown,1.0,0,
koeln.ihk.de,unknown,1.0,0,
arcus-edelstahl.de,unknown,1.0,0,
jobandtalent.com,unknown,1.0,0,
zweipfennig.de,unknown,1.0,0,
sbw.salzburg.at,unknown,1.0,0,
sslmx.de,unknown,1.0,0,
sht.de,unknown,1.0,0,
froetek.de,unknown,1.0,0,
informatik.uni-halle.de,Germany,2.0,Universität Halle,
mlr.bwl.de,unknown,1.0,0,
bertrandt.com,unknown,1.0,0,
komma-sh.de,unknown,1.0,0,
kant-gymnasium-boppard.de,unknown,1.0,0,
edu-sharing.net,unknown,1.0,0,
lkwafkb.de,unknown,1.0,0,
merentis.com,unknown,1.0,0,
romanbauer.com,unknown,1.0,0,
expeso.de,unknown,1.0,0,
netcourrier.com,unknown,0.0,0.0,
fauerbacher.de,unknown,1.0,0,
vmarks.de,unknown,1.0,0,
wistron.com,unknown,1.0,0,
dogbevi.de,unknown,1.0,0,
brdt.nrw.schule,unknown,1.0,0,
spielwarenmesse.de,unknown,1.0,0,
grote-online.de,0,0.0,0.0,
vnu.edu.vn,Viet Nam,2.0,Vietnam National University Hanoi,
kadiri.de,unknown,1.0,0,
deutsche-giganetz.de,unknown,1.0,0,
ueg.eu,unknown,1.0,0,
stadt-muenster.de,unknown,1.0,0,
metronaut.de,unknown,1.0,0,
arrow.com,unknown,1.0,0,
huberbelp.ch,unknown,1.0,0,
gc-gruppe.de,unknown,1.0,0,
edv-krauss.de,unknown,1.0,0,
eding.de,unknown,1.0,0,
englisches-institut.eu,unknown,1.0,0,
aareal-bank.com,unknown,1.0,0,
tmdfriction.com,unknown,1.0,0,
c-and-a.de,unknown,1.0,0,
rohfleisch.de,unknown,1.0,0,
orgwerk.de,unknown,1.0,0,
joachim-sucker.de,unknown,1.0,0,
matamoros.de,unknown,1.0,0,
linux.milze.net,unknown,1.0,0,
vogel.de,unknown,1.0,0,
offis.de,unknown,1.0,0,
jakob5.de,unknown,1.0,0,
bankenakademie.de,unknown,1.0,0,
insta.de,unknown,1.0,0,
sysmex-europe.com,unknown,1.0,0,
prym.com,unknown,1.0,0,
whalesandtrees.de,unknown,1.0,0,
schlueter.de,unknown,1.0,0,
fsherz.de,unknown,1.0,0,
hxdl.org,unknown,1.0,0,
mgb.ch,unknown,1.0,0,
bangewasert.de,unknown,1.0,0,
wandsbek.hamburg.de,unknown,1.0,0,
ramscheidt.de,unknown,1.0,0,
enz.info,unknown,1.0,0,
transdev-gruppe.de,unknown,1.0,0,
dialogticket.com,unknown,1.0,0,
ks-gd.de,unknown,1.0,0,
pondel.eu,unknown,1.0,0,
rundstedt.de,unknown,1.0,0,
ramarson.com,unknown,1.0,0,
whereversim.de,unknown,1.0,0,
steffen-steinbrueck.de,unknown,1.0,0,
predevolution.com,unknown,1.0,0,
jetvision.de,unknown,1.0,0,
vytevident.com,unknown,1.0,0,
hs-augsburg.de,Germany,2.0,Hochschule Augsburg,
max-planck-innovation.de,unknown,1.0,0,
realalloy.eu,unknown,1.0,0,
muench.io,unknown,1.0,0,
sun.ac.za,South Africa,2.0,University of Stellenbosch,
markusschmid.com,unknown,1.0,0,
schubert-system-elektronik.de,unknown,1.0,0,
ipg.net,unknown,1.0,0,
brandtaktuell.net,unknown,1.0,0,
an-bo.de,unknown,1.0,0,
lafim-diakonie.de,unknown,1.0,0,
bpw.de,unknown,1.0,0,
mediaprint.at,unknown,1.0,0,
elmorsy.com,unknown,1.0,0,
kompaxx.de,unknown,1.0,0,
techinthecity.de,unknown,1.0,0,
db-pgym.de,unknown,1.0,0,
tricor.de,unknown,1.0,0,
ddipl.com,unknown,1.0,0,
muelheim-ruhr.de,unknown,1.0,0,
delellis.net,unknown,1.0,0,
woicke.de,unknown,1.0,0,
fosbos-neumarkt.de,unknown,1.0,0,
knorencompany.com,unknown,1.0,0,
handelsplan.net,unknown,1.0,0,
mik.brandenburg.de,unknown,1.0,0,
emil-petri-schule.de,unknown,1.0,0,
l-quadrat-gmbh.de,unknown,1.0,0,
gls-group.com,unknown,1.0,0,
janbrandenburger.de,unknown,1.0,0,
nuernberger-automobil.de,unknown,1.0,0,
gsi.de,unknown,1.0,0,
research.iiit.ac.in,unknown,1.0,0,
nordbildung.de,unknown,1.0,0,
mail.ugm.ac.id,Indonesia,2.0,Universitas Gadjah Mada,
mail.um.ac.ir,Iran,2.0,Ferdowsi University of Mashhad,
bakdos.de,unknown,1.0,0,
yandex.by,unknown,1.0,0,
crosscert.com,unknown,1.0,0,
zrp.de,unknown,1.0,0,
wfg-hf.de,unknown,1.0,0,
3eco.com,unknown,1.0,0,
prosoz.de,unknown,1.0,0,
jasonhaak.com,unknown,1.0,0,
lra-dah.bayern.de,unknown,1.0,0,
weinenvorglueck.de,unknown,0.0,0.0,
bert-kruska.de,unknown,1.0,0,
cuoly.com,unknown,1.0,0,
edding.de,unknown,1.0,0,
n.roteskreuz.at,unknown,1.0,0,
mokk.de,unknown,1.0,0,
daglicious.de,unknown,1.0,0,
gks-wuestenrot.de,unknown,1.0,0,
arborsys.de,unknown,1.0,0,
evocenta.com,unknown,1.0,0,
oetker.com,unknown,1.0,0,
webwisdom.de,unknown,1.0,0,
goldkronach.bayern.de,unknown,1.0,0,
biwe-bbq.de,unknown,1.0,0,
teamcoaching.expert,unknown,1.0,0,
m-sonntag.de,unknown,1.0,0,
zenit.eu,unknown,1.0,0,
lavarot.de,unknown,1.0,0,
bps-system.de,unknown,1.0,0,
forschungsverbund.com,unknown,1.0,0,
lbr-heilbronn.de,unknown,1.0,0,
eurofriwa.de,unknown,1.0,0,
stuhlbein.com,unknown,1.0,0,
cambiando.eu,unknown,1.0,0,
trigfee.de,unknown,1.0,0,
usa.com,unknown,0.0,0.0,
cyber-valley.de,unknown,1.0,0,
andreaanthes.de,unknown,1.0,0,
alessandroalviani.eu,unknown,1.0,0,
miltronik.de,unknown,1.0,0,
klaus-jaroslawsky.de,unknown,1.0,0,
theleehouse.de,unknown,1.0,0,
teresa.ai,unknown,1.0,0,
skylar-partner.de,unknown,1.0,0,
thillm.de,unknown,1.0,0,
borrhopp.de,unknown,1.0,0,
mgg.karlsruhe.de,unknown,1.0,0,
bbm-tg.ch,unknown,1.0,0,
mtl.maxplanckschools.de,unknown,1.0,0,
hacker-school.de,unknown,1.0,0,
conrad-modelle.de,unknown,1.0,0,
versorgungskammer.de,unknown,1.0,0,
flowchief.de,unknown,1.0,0,
ingaspreitzer.de,unknown,1.0,0,
ks-bb.de,unknown,1.0,0,
haebel-online.de,0,0.0,0.0,
prodatec.de,unknown,1.0,0,
lubis-eda.com,unknown,1.0,0,
mein-strandhaus.de,unknown,1.0,0,
uhasselt.be,Belgium,2.0,Hasselt University,
huelkenberg.eu,unknown,1.0,0,
cloudogu.com,unknown,1.0,0,
refa-institut.de,unknown,1.0,0,
patrickerdmann.org,unknown,1.0,0,
familiekulbe.de,unknown,1.0,0,
gudrunsailer.com,unknown,1.0,0,
dirkbomplitz.biz,unknown,1.0,0,
maresch-net.de,unknown,1.0,0,
gungl.org,unknown,1.0,0,
kleemann-in.de,unknown,1.0,0,
disroot.org,unknown,1.0,0,
schnetzer.at,unknown,1.0,0,
eurokartensysteme.de,unknown,1.0,0,
rombergbk.de,unknown,1.0,0,
polyuse.de,unknown,1.0,0,
hinterm-horizont.de,unknown,1.0,0,
r3d.de,unknown,1.0,0,
huber-steuerberatung.de,unknown,1.0,0,
flow-it.sk,unknown,1.0,0,
brw.de,unknown,1.0,0,
leibniz-zas.de,unknown,1.0,0,
lindmaier.de,unknown,1.0,0,
kachel-tk.de,unknown,1.0,0,
valeo.com,unknown,1.0,0,
dekv.de,unknown,1.0,0,
ebg.de,unknown,1.0,0,
willrich.info,unknown,1.0,0,
waldschule-hatten.de,unknown,1.0,0,
jutta-blessing.de,unknown,1.0,0,
zdf-studios.com,unknown,1.0,0,
esquare.de,unknown,1.0,0,
bbr.bund.de,unknown,1.0,0,
atiptap.org,unknown,1.0,0,
vital-energy.eu,unknown,1.0,0,
redeemer.org.au,unknown,1.0,0,
mri.tum.de,Germany,2.0,TU München,
nba.co.za,unknown,1.0,0,
bauunternehmen-haegele.de,unknown,1.0,0,
germaninstitute.de,unknown,1.0,0,
lbsfe1.snv.at,unknown,1.0,0,
vgvfi.de,unknown,1.0,0,
hoehn-consulting.de,unknown,1.0,0,
moegy.de,unknown,1.0,0,
isst.fraunhofer.de,unknown,1.0,0,
gira.de,unknown,1.0,0,
seminar-weingarten.de,unknown,1.0,0,
marcelauer.de,unknown,1.0,0,
hanschmann.com,unknown,1.0,0,
wackerneuson.com,unknown,1.0,0,
albrecht-stade.de,unknown,1.0,0,
wuestenhube.de,unknown,1.0,0,
herhoffer.net,unknown,1.0,0,
waldner.de,unknown,1.0,0,
eap.gr,Greece,2.0,Hellenic Open University,
innovationhouse.de,unknown,1.0,0,
t.td23.de,unknown,1.0,0,
comspace.de,unknown,1.0,0,
wauch.de,unknown,1.0,0,
oberhauserservice.de,unknown,1.0,0,
heikehofmann.de,unknown,1.0,0,
lindenpark.schule,unknown,1.0,0,
herold-andrea.de,unknown,1.0,0,
dg-email.de,0,0.0,0.0,
christine-gitter.de,unknown,1.0,0,
fahrnerlogistics.com,unknown,1.0,0,
hanse-aerospace.net,unknown,1.0,0,
informatik.uni-regensburg.de,Germany,2.0,Universität Regensburg,
digital-at-m.de,unknown,1.0,0,
cbs.mpg.de,unknown,1.0,0,
desy.de,unknown,1.0,0,
reutlingen-university.de,Germany,2.0,Hochschule Reutlingen,
onlinerland-saar.de,unknown,1.0,0,
heikostock.de,unknown,1.0,0,
ucdavis.edu,United States,2.0,"University of California, Davis",
aisquare.eu,unknown,1.0,0,
admetos.com,unknown,1.0,0,
zahlheimer.eu,unknown,1.0,0,
ia-engadin.ch,unknown,1.0,0,
klaudius.de,unknown,1.0,0,
live.co.uk,unknown,0.0,0.0,
e2open.com,unknown,1.0,0,
gmscc.lernsax.de,unknown,1.0,0,
starthilfe-abv.de,unknown,1.0,0,
stud.th-bingen.de,Germany,2.0,TH Bingen,
bs2ab.de,unknown,1.0,0,
rs2hvb.de,unknown,1.0,0,
kkg.hamburg.de,unknown,1.0,0,
pucp.pe,unknown,1.0,0,
koeberich.net,unknown,1.0,0,
learningconsultant.de,unknown,1.0,0,
flaschenpost.de,unknown,1.0,0,
york.ac.uk,United Kingdom,2.0,University of York,
me.uni-bremen.de,Germany,2.0,Universität Bremen,
tds-gmbh.de,unknown,1.0,0,
retiolum.de,unknown,1.0,0,
wzb.eu,unknown,1.0,0,
fondazione.polimi.it,Italy,2.0,Polytechnic Institute of Milan,
ut.ac.ir,Iran,2.0,University of Tehran,
knoefix.de,unknown,1.0,0,
schule-am-berlinickeplatz.de,unknown,1.0,0,
samstation.at,unknown,1.0,0,
burnouting.de,unknown,1.0,0,
uthm.edu.my,Malaysia,2.0,Universiti Tun Hussein Onn Malaysia,
hagotech.de,unknown,1.0,0,
fripa.de,unknown,1.0,0,
gs148.lernsax.de,unknown,1.0,0,
rankingfusions.com,unknown,1.0,0,
ikk-classic.de,unknown,1.0,0,
fresu.de,unknown,1.0,0,
agravis.de,unknown,1.0,0,
stepstone.de,unknown,1.0,0,
hereon.de,unknown,1.0,0,
dgn.de,unknown,1.0,0,
grashof-gymnasium.de,unknown,1.0,0,
blumeblau.com,unknown,1.0,0,
lisa-veller.de,unknown,1.0,0,
uhlsport.de,unknown,1.0,0,
jhdversicherungen.de,unknown,1.0,0,
idanas.com,unknown,1.0,0,
guidecom.de,unknown,1.0,0,
stadt-gladbeck.de,unknown,1.0,0,
hawranek.eu,unknown,1.0,0,
smarter-franke.de,unknown,1.0,0,
cs.helsinki.fi,Finland,2.0,University of Helsinki,
avismed.de,unknown,1.0,0,
kaethe-kollwitz.de,unknown,1.0,0,
pop.ms,unknown,1.0,0,
awv.de,unknown,1.0,0,
gym-ld.semrlp.de,unknown,1.0,0,
grenzenlos-digital.org,unknown,1.0,0,
thorleuchter.de,unknown,1.0,0,
offenegesellschaft.org,unknown,1.0,0,
oszkim.de,unknown,1.0,0,
gge-germany.de,unknown,1.0,0,
schilcher-mds.de,unknown,1.0,0,
spielkamp.org,unknown,1.0,0,
wegwerfemail.de,unknown,0.0,0.0,
britishcouncil.de,unknown,1.0,0,
kopel.de,unknown,1.0,0,
strahlers.com,unknown,1.0,0,
maier-rigaud.eu,unknown,1.0,0,
zitis.bund.de,unknown,1.0,0,
juttakorn.de,unknown,1.0,0,
sptg.de,unknown,1.0,0,
itscme.ch,unknown,1.0,0,
jauernig.email,unknown,1.0,0,
netscribes.com,unknown,1.0,0,
trainingsduo.de,unknown,1.0,0,
kleineburg.de,unknown,1.0,0,
zerna.io,unknown,1.0,0,
fesloe.de,unknown,1.0,0,
ko-verwaltung-gl.de,unknown,1.0,0,
nuali.de,unknown,1.0,0,
mystery-shopping-and-more.de,unknown,1.0,0,
zlw.uni-stuttgart.de,Germany,2.0,Universität Stuttgart,
gfwm.de,unknown,1.0,0,
vonelbwart.de,unknown,1.0,0,
rh-koeln.de,unknown,1.0,0,
rs-be.de,unknown,1.0,0,
centerf.com,unknown,1.0,0,
hhg-mettmann.de,unknown,1.0,0,
leag.de,unknown,1.0,0,
specialolympics.de,unknown,1.0,0,
mercerint.com,unknown,1.0,0,
greper.de,unknown,1.0,0,
tmf-ev.de,unknown,1.0,0,
mspt.de,unknown,1.0,0,
ism-mainz.de,unknown,1.0,0,
ps-group.net,unknown,1.0,0,
voltagecircus.com,unknown,1.0,0,
fsg.bayern,unknown,1.0,0,
stevens.edu,United States,2.0,Stevens Institute of Technology,
konvergenz.de,unknown,1.0,0,
sts-oejendorf.de,unknown,1.0,0,
diallegro.com,unknown,1.0,0,
vnb.de,unknown,1.0,0,
selinapfruener.de,unknown,1.0,0,
schifrin.de,unknown,1.0,0,
vszv.de,unknown,1.0,0,
sottorf.de,unknown,1.0,0,
prettylogic.com,unknown,1.0,0,
luebbecke-marketing.de,unknown,1.0,0,
e4buero.de,unknown,1.0,0,
ramenmail.de,0,0.0,0.0,
lasr.org,unknown,1.0,0,
agillhuber.de,unknown,1.0,0,
dorisstrack.de,unknown,1.0,0,
kristinalang.de,unknown,1.0,0,
ralf100m.de,unknown,1.0,0,
theresianum.de,unknown,1.0,0,
dbbakademie.de,unknown,1.0,0,
sl.ethz.ch,Switzerland,2.0,ETHZ - ETH Zurich,
birgit-knatz.de,unknown,1.0,0,
profil.lmu.de,Germany,2.0,Universität München,
hlw-caritas.st,unknown,1.0,0,
janinawiegand.de,unknown,1.0,0,
frei-raum-theater.de,unknown,1.0,0,
aobberlin.de,unknown,1.0,0,
utiligence.de,unknown,1.0,0,
eva-akademie.de,unknown,1.0,0,
dbkg.de,unknown,1.0,0,
ruhrtex.de,unknown,1.0,0,
peterfiegl.de,unknown,1.0,0,
fam-koehler.de,unknown,1.0,0,
david-dangel.de,unknown,1.0,0,
sketchnotelovers.de,unknown,1.0,0,
ufz.de,unknown,1.0,0,
ritzhaupt.de,unknown,1.0,0,
mdoll.eu,unknown,1.0,0,
warthcom.de,unknown,1.0,0,
inkovema.de,unknown,1.0,0,
bureauhahn.de,unknown,1.0,0,
schwersenz.de,unknown,1.0,0,
gyger-training.de,unknown,1.0,0,
co-c.eu,unknown,1.0,0,
lidl.com,unknown,1.0,0,
ooe.gv.at,unknown,1.0,0,
gymnasium-olpe.de,unknown,1.0,0,
sifg.ch,unknown,1.0,0,
bhw-wetteraukreis.de,unknown,1.0,0,
fassbender.xyz,unknown,1.0,0,
datasiens.ai,unknown,1.0,0,
empa.co,unknown,1.0,0,
schwaebisch-gmuend.de,unknown,1.0,0,
taunusschule-bc.de,unknown,1.0,0,
kiemes.de,unknown,1.0,0,
play-code.de,unknown,1.0,0,
w-i-d.de,unknown,1.0,0,
zfsl-bonn.nrw.schule,unknown,1.0,0,
bkal.de,unknown,1.0,0,
spookynet.de,unknown,1.0,0,
stud.uni-bamberg.de,Germany,2.0,Universität Bamberg,
eb.de,unknown,1.0,0,
volker-sieber.de,unknown,1.0,0,
hechtschule.lernsax.de,unknown,1.0,0,
valentin-herms.de,unknown,1.0,0,
deichdenker.de,unknown,1.0,0,
by-kirchheim.de,unknown,1.0,0,
tl-datenschutz.de,unknown,1.0,0,
epa-cc.de,unknown,1.0,0,
zimnol.de,unknown,1.0,0,
yndeo.de,unknown,1.0,0,
provadis.de,unknown,1.0,0,
ihk-akademie-koblenz.de,unknown,1.0,0,
techagogics.de,unknown,1.0,0,
haup.ac.at,unknown,1.0,0,
emailbbox.pro,unknown,1.0,0,
apollon-hochschule.de,Germany,2.0,Apollon Hochschule,
urologie-oranienburg.de,unknown,1.0,0,
snt.thueringen.de,unknown,1.0,0,
czekal.com,unknown,1.0,0,
fwwg.de,unknown,1.0,0,
8com.de,unknown,1.0,0,
drewes-privacy.law,unknown,1.0,0,
meine-ganztagsschule.de,unknown,1.0,0,
dursportal.de,unknown,1.0,0,
ek-retail.com,unknown,1.0,0,
dianaperez.de,unknown,1.0,0,
gymbane.eu,unknown,1.0,0,
lionbridge.com,unknown,1.0,0,
qualifizierung.at,unknown,1.0,0,
haufe.com,unknown,1.0,0,
galistel.org,unknown,1.0,0,
off-the-boxx.com,unknown,1.0,0,
mmmake.com,unknown,1.0,0,
hfm-wuerzburg.de,Germany,2.0,Hochschule für Musik Würzburg,
esg-speyer.de,unknown,1.0,0,
rs-hoesbach.de,unknown,1.0,0,
monabraun.de,unknown,1.0,0,
carstenullrich.net,unknown,1.0,0,
aconium.eu,unknown,1.0,0,
eifeler-landbrot.de,unknown,1.0,0,
alexandra-trautmann.de,unknown,1.0,0,
impt.uni-hannover.de,Germany,2.0,Universität Hannover,
effektivessen.de,unknown,1.0,0,
mjovanovic.ch,unknown,1.0,0,
katharina-vogel.de,unknown,1.0,0,
leoschule.de,unknown,1.0,0,
susannedeiss.com,unknown,1.0,0,
hendrik.pro,unknown,1.0,0,
buchzeit.at,unknown,1.0,0,
suprsports.de,unknown,1.0,0,
gregor-mendel-realschule.de,unknown,1.0,0,
yahoo.no,unknown,0.0,0.0,
landshut.org,unknown,1.0,0,
21up.de,unknown,1.0,0,
eundi.com,unknown,1.0,0,
vfa.de,unknown,1.0,0,
digital4-0.de,unknown,1.0,0,
gesamtschule-heinsberg.de,unknown,1.0,0,
medicdat.de,unknown,1.0,0,
virtueron.de,unknown,1.0,0,
email.uni-freiburg.de,Germany,2.0,Universität Freiburg,
wwg-bayreuth.de,unknown,1.0,0,
bgu-murnau.de,unknown,1.0,0,
isk.rwth-aachen.de,Germany,2.0,RWTH Aachen,
julianepfordte.de,unknown,1.0,0,
hdnmed.com,unknown,1.0,0,
mkjc.de,unknown,1.0,0,
i-l-g.de,unknown,1.0,0,
bezirksamt-neukoelln.de,unknown,1.0,0,
coreho.de,unknown,1.0,0,
dino1.de,unknown,1.0,0,
eco-schulte.de,unknown,1.0,0,
isi.fraunhofer.de,unknown,1.0,0,
properson.de,unknown,1.0,0,
flokt.com,unknown,1.0,0,
fressnapf.com,unknown,1.0,0,
prodente.de,unknown,1.0,0,
fez-berlin.de,unknown,1.0,0,
reissmannerz.de,unknown,1.0,0,
romsem.uni-kiel.de,Germany,2.0,Universität Kiel,
pfs-seminar-ka.de,unknown,1.0,0,
crown.com,unknown,1.0,0,
schule-fuellinsdorf.ch,unknown,1.0,0,
ooohnice.com,unknown,1.0,0,
scharping.org,unknown,1.0,0,
virtualix.de,unknown,1.0,0,
schuppert.org,unknown,1.0,0,
sonnenmail.de,0,0.0,0.0,
chalmers.se,Sweden,2.0,Chalmers University of Technology,
hmtm.de,Germany,2.0,Hochschuke für Musik und Theater München,
inova.business,unknown,1.0,0,
unifr.ch,Switzerland,2.0,University of Fribourg,
cmb-gt.de,unknown,1.0,0,
ekairos.net,unknown,1.0,0,
intercorp.de,unknown,1.0,0,
t-online.de,unknown,0.0,0.0,
aiv.hfoed.de,unknown,1.0,0,
math.tugraz.at,Austria,2.0,Technische Universität Graz,
lernberatung-ingelheim.de,unknown,1.0,0,
basf-stiftung.org,unknown,1.0,0,
itplusmed.com,unknown,1.0,0,
kshetri.com,unknown,1.0,0,
martinkloeckner.de,unknown,1.0,0,
prelon.de,unknown,1.0,0,
paideia.live,0,0.0,0.0,
boles.de,unknown,1.0,0,
ullrich-donzdorf.de,unknown,1.0,0,
fernuni-hagen.de,Germany,2.0,FernUniversität in Hagen,
betterscope.eu,unknown,1.0,0,
foundersfoundation.de,unknown,1.0,0,
sport-schuster.de,unknown,1.0,0,
renate-gpt.de,unknown,1.0,0,
wuerth.com,unknown,1.0,0,
ib-scheer.de,unknown,1.0,0,
stantec.com,unknown,1.0,0,
ulrike-noecker.de,unknown,1.0,0,
muk.thm.de,Germany,2.0,Technische Hochschule Mittelhessen,
haug.solutions,unknown,1.0,0,
rsadf.de,unknown,1.0,0,
wintersdorf.lu,unknown,1.0,0,
pareaz.de,unknown,1.0,0,
bkhx.de,unknown,1.0,0,
familie-klim.de,unknown,1.0,0,
carl-huter.ch,unknown,1.0,0,
a-vollmer.eu,unknown,1.0,0,
rheinfelden-baden.de,unknown,1.0,0,
callejon-sprachdienste.de,unknown,1.0,0,
alumnos.udg.mx,Mexico,2.0,Universidad de Guadalajara,
bungert.berlin,unknown,1.0,0,
muelleneisen.de,unknown,1.0,0,
obslangen.net,unknown,1.0,0,
pylop.de,unknown,1.0,0,
gho-team.de,unknown,1.0,0,
rlb-tirol.at,unknown,1.0,0,
designyourfuture.de,unknown,1.0,0,
ext.hs-bremen.de,Germany,2.0,Hochschule Bremen,
mailo.com,unknown,1.0,0,
helene-lange-schule.de,unknown,1.0,0,
akkreditierungsrat.de,unknown,1.0,0,
magenta.at,0,0.0,0.0,
sowi.uni-goettingen.de,Germany,2.0,Universität Göttingen,
roux-frottee.de,unknown,1.0,0,
kamperhoff.de,unknown,1.0,0,
osz-lus.de,unknown,1.0,0,
mpg-dortmund.de,unknown,1.0,0,
ki-unternehmensberatung.com,unknown,1.0,0,
exxeta.com,unknown,1.0,0,
dr-giebel.de,unknown,1.0,0,
firstberlin.com,unknown,1.0,0,
hertie-school.org,Germany,2.0,Hertie School of Governance,
hic-luebeck.de,unknown,1.0,0,
4seifert.de,unknown,1.0,0,
schulebiglen.ch,unknown,1.0,0,
kp-stiftung.de,unknown,1.0,0,
ktbl.de,unknown,1.0,0,
tcs.com,unknown,1.0,0,
conmetallmeister.de,unknown,1.0,0,
aithoria.de,unknown,1.0,0,
rieker.net,unknown,1.0,0,
benad24.de,unknown,1.0,0,
wertachkliniken.de,unknown,1.0,0,
aha.li,unknown,1.0,0,
educ-biel-bienne.ch,unknown,1.0,0,
lbz.rwth-aachen.de,Germany,2.0,RWTH Aachen,
paschko.de,unknown,1.0,0,
netscape.net,unknown,0.0,0.0,
beerheide-consulting.de,unknown,1.0,0,
finep.org,unknown,1.0,0,
utbm.fr,France,2.0,Université de Technologie de Belfort Montbéliard,
holger-witzenleiter.de,unknown,1.0,0,
paritaet-berlin.de,unknown,1.0,0,
igsea.bildung-rp.de,unknown,1.0,0,
ducah.de,unknown,1.0,0,
birte-stark.de,unknown,1.0,0,
gls-treuhand.de,unknown,1.0,0,
lmg8.de,unknown,1.0,0,
levares.de,unknown,1.0,0,
oldekop-quelle.de,unknown,1.0,0,
fham.de,Germany,2.0,Hochschule für angewandtes Management,
trilon.de,unknown,1.0,0,
de.soliver.com,0,0.0,0.0,
bosoldweb.de,0,0.0,0.0,
mkw.nrw.de,unknown,1.0,0,
web.de,unknown,0.0,0.0,
gls-germany.com,unknown,1.0,0,
kaiserpartner.com,unknown,1.0,0,
ifv-nrw.de,unknown,1.0,0,
duval-coaching.de,unknown,1.0,0,
numena.de,unknown,1.0,0,
bstoecker.de,unknown,1.0,0,
bennettbill.ch,unknown,1.0,0,
borwinschule.org,unknown,1.0,0,
michael-budde.net,unknown,1.0,0,
we4style.de,unknown,1.0,0,
ifis-fr.de,unknown,1.0,0,
igs-vs.de,unknown,1.0,0,
heilbronn.dhbw.de,Germany,2.0,DHBW,
futureneers.io,unknown,1.0,0,
murena.io,unknown,1.0,0,
stalke.eu,unknown,1.0,0,
aktimail.de,0,0.0,0.0,
waff.at,unknown,1.0,0,
ariensco.com,unknown,1.0,0,
geo.uni-frankfurt.de,Germany,2.0,Universität Frankfurt,
schreinerei-rauen.de,unknown,1.0,0,
rede-schulung.de,unknown,1.0,0,
hochrhein-gymnasium.de,unknown,1.0,0,
hertzsprung.de,unknown,1.0,0,
fenni.de,unknown,1.0,0,
cput.ac.za,South Africa,2.0,Cape Peninsula University of Technology,
fip-teilhabe.de,unknown,1.0,0,
veit-reinhart.de,unknown,1.0,0,
dewiljes.de,unknown,1.0,0,
hellofresh.de,unknown,1.0,0,
asb.de,unknown,1.0,0,
d3com.com,unknown,1.0,0,
friedalawrenz.de,unknown,1.0,0,
daisec.de,unknown,1.0,0,
sahilael.de,unknown,1.0,0,
deutschlandradio.de,unknown,1.0,0,
haevbw.de,unknown,1.0,0,
learning-kurator.de,unknown,1.0,0,
eschweiler.de,unknown,1.0,0,
reg-ofr.bayern.de,unknown,1.0,0,
herr-turtur.de,unknown,1.0,0,
macschneider.at,unknown,1.0,0,
t1.bbslu.de,unknown,1.0,0,
sozialinfo.ch,unknown,1.0,0,
gmx.co.uk,unknown,0.0,0.0,
digitalerleben.com,unknown,1.0,0,
argusdatainsights.ch,unknown,1.0,0,
kbko.de,unknown,1.0,0,
wvo-dbg.de,unknown,1.0,0,
brockhaus-ag.de,unknown,1.0,0,
biegert.eu,unknown,1.0,0,
vrax-it.com,unknown,1.0,0,
interface-service.de,unknown,1.0,0,
schoema.de,unknown,1.0,0,
hgh.hilden.de,unknown,1.0,0,
buildingpoint.ch,unknown,1.0,0,
thomaeum.de,unknown,1.0,0,
kwint.ch,unknown,1.0,0,
people-partner.de,unknown,1.0,0,
pasodi.de,unknown,1.0,0,
gesa-ag.de,unknown,1.0,0,
doz.hfm-trossingen.de,Germany,2.0,Hochschule für Musik Trossingen,
hoelscher-consulting.net,unknown,1.0,0,
creaversity.de,unknown,1.0,0,
lfs-vechta.de,unknown,1.0,0,
nutshell.de,unknown,1.0,0,
fastimage.de,unknown,1.0,0,
gymnasium-penzberg.de,unknown,1.0,0,
learnandgrow.at,unknown,1.0,0,
gs-pfronten.de,unknown,1.0,0,
adimals.de,unknown,1.0,0,
puchmayr.de,unknown,1.0,0,
energie-spar-quelle.de,unknown,1.0,0,
hmwk.hessen.de,unknown,1.0,0,
u-picardie.fr,France,2.0,Université de Picardie Jules-Verne,
isl.org,unknown,1.0,0,
sitzmann-fabian.de,unknown,1.0,0,
eni.uni-stuttgart.de,Germany,2.0,Universität Stuttgart,
elvisory.de,unknown,1.0,0,
niklas-bub.de,unknown,1.0,0,
sparsa-ai.com,unknown,1.0,0,
weitblickend.ch,unknown,1.0,0,
ev-schule.de,unknown,1.0,0,
weingut-kloster-eberbach.de,unknown,1.0,0,
invensity.com,unknown,1.0,0,
diresquirrel.de,unknown,1.0,0,
cootainer.de,unknown,1.0,0,
governance-platform.org,unknown,1.0,0,
maikath.com,unknown,1.0,0,
rkm-beraten.ch,unknown,1.0,0,
win.ch,unknown,1.0,0,
syneiko.de,unknown,1.0,0,
bombayberlin.com,unknown,1.0,0,
zfh.uni-siegen.de,Germany,2.0,Universität Siegen,
wskvw.ch,unknown,1.0,0,
inexio.email,unknown,1.0,0,
3pc.de,unknown,1.0,0,
lidl.de,unknown,1.0,0,
egb-koeln.de,unknown,1.0,0,
sibenthof.de,unknown,1.0,0,
semperavanti.de,unknown,1.0,0,
buigen-gymnasium.de,unknown,1.0,0,
jahnschule-kamen.de,unknown,1.0,0,
kcl.ac.uk,United Kingdom,2.0,"King's College London, University of London",
prolehre.tum.de,Germany,2.0,TU München,
cpaurl.com,unknown,1.0,0,
familie-redlich.de,unknown,1.0,0,
schoells.de,unknown,1.0,0,
student.uni-augsburg.de,Germany,2.0,Universität Augsburg,
storica.de,unknown,1.0,0,
lfu.brandenburg.de,unknown,1.0,0,
learninglab.de,unknown,1.0,0,
tellkampfschule.eu,unknown,1.0,0,
yahoo.co.jp,unknown,0.0,0.0,
wirtschaft-goerlitz.de,unknown,1.0,0,
irt.rwth-aachen.de,Germany,2.0,RWTH Aachen,
boservice.de,unknown,1.0,0,
demokratiezentrum.org,unknown,1.0,0,
gymnasium-delbrueck.de,unknown,1.0,0,
jgds-calw.de,unknown,1.0,0,
lesch-consult.de,unknown,1.0,0,
rigmor-stuessel.com,unknown,1.0,0,
boeckler.de,unknown,1.0,0,
hanye.cz,unknown,1.0,0,
bszpirna.lernsax.de,unknown,1.0,0,
raufeld.de,unknown,1.0,0,
drkpeine.de,unknown,1.0,0,
tuer.de,unknown,1.0,0,
webpunsch.de,unknown,1.0,0,
right-search.net,unknown,1.0,0,
casperfilm.de,unknown,1.0,0,
s-factoring.de,unknown,1.0,0,
correo.buap.mx,Mexico,2.0,Benemerita Universidad Autónoma de Puebla,
liggesmeyer.net,unknown,1.0,0,
remmel.family,unknown,1.0,0,
iik-duesseldorf.de,unknown,1.0,0,
doktor-huus.ch,unknown,1.0,0,
puchheim.de,unknown,1.0,0,
multimediamobile.de,unknown,1.0,0,
w-s-b.org,unknown,1.0,0,
wpd.de,unknown,1.0,0,
aoek.uni-hannover.de,Germany,2.0,Universität Hannover,
swin.edu.au,Australia,2.0,Swinburne University of Technology,
goetzkress.de,unknown,1.0,0,
colsman.com,unknown,1.0,0,
akademie-mk.de,unknown,1.0,0,
kafka.is,unknown,1.0,0,
xamit.de,unknown,1.0,0,
mykolab.com,unknown,1.0,0,
uniovi.es,Spain,2.0,Universidad de Oviedo,
boell.de,unknown,1.0,0,
bettina-von-arnim-schule.de,unknown,1.0,0,
ratsgymnasium-sth.de,unknown,1.0,0,
argru.fr,unknown,1.0,0,
grundschulealtdorf.de,unknown,1.0,0,
reha-offenburg.de,unknown,1.0,0,
hans-glas-schule.bayern,unknown,1.0,0,
alpecon.de,unknown,1.0,0,
andreasried.com,unknown,1.0,0,
plaumann.name,unknown,1.0,0,
urselmann.de,unknown,1.0,0,
kzo.ch,unknown,1.0,0,
hackel.net,unknown,1.0,0,
reform-management.at,unknown,1.0,0,
aprovis.com,unknown,1.0,0,
mixtvision.de,unknown,1.0,0,
jana-hartmann.com,unknown,1.0,0,
co-improve.com,unknown,1.0,0,
ioioleo.de,unknown,1.0,0,
sgd.bayern,unknown,1.0,0,
jungheinrich.de,unknown,1.0,0,
dbb-detmold.de,unknown,1.0,0,
sigrunmail.de,0,0.0,0.0,
mariakrause.de,unknown,1.0,0,
themis.eu,unknown,1.0,0,
haban-consulting.de,unknown,1.0,0,
mac-jeans.com,unknown,1.0,0,
osgauss.lernsax.de,unknown,1.0,0,
isr.tu-berlin.de,Germany,2.0,TU Berlin,
motor-mickten.de,unknown,1.0,0,
deutscher-apotheker-verlag.de,unknown,1.0,0,
agaditra.de,unknown,1.0,0,
vyhnal.de,unknown,1.0,0,
fosbosfreising.de,unknown,1.0,0,
bdg-online.de,0,0.0,0.0,
gasline.de,unknown,1.0,0,
fvshkbw.de,unknown,1.0,0,
forensikhacks.de,unknown,1.0,0,
susannepetz.de,unknown,1.0,0,
deutschkolleg-stuttgart.de,unknown,1.0,0,
okluebeck.de,unknown,1.0,0,
bbs2leer.de,unknown,1.0,0,
dgv.golf.de,unknown,1.0,0,
eurofoil.com,unknown,1.0,0,
hec.de,unknown,1.0,0,
wurth-logistics.com,unknown,1.0,0,
ehrdt.de,unknown,1.0,0,
gymnasium-hohenschwangau.de,unknown,1.0,0,
freakmail.de,0,0.0,0.0,
bk-deutz.de,unknown,1.0,0,
zimmerei-sprenger.de,unknown,1.0,0,
kompaktmedien.de,unknown,1.0,0,
martinschaefer.info,unknown,1.0,0,
li.hamburg.de,unknown,1.0,0,
wiengarn.de,unknown,1.0,0,
jurs.uni-heidelberg.de,Germany,2.0,Universität Heidelberg,
gymnasium-moosburg.de,unknown,1.0,0,
saglh.de,unknown,1.0,0,
nrw-kultur.de,unknown,1.0,0,
ehrenamtessen.de,unknown,1.0,0,
goetheschulehannover.de,unknown,1.0,0,
f4df.de,unknown,1.0,0,
jennyscholl.de,unknown,1.0,0,
86e.de,unknown,1.0,0,
lasl.lernsax.de,unknown,1.0,0,
ibbenbueren.de,unknown,1.0,0,
turboprinz.de,unknown,0.0,0.0,
bsk-mail.de,0,0.0,0.0,
hayna.net,unknown,1.0,0,
cutandcon.de,unknown,1.0,0,
repiet.com,unknown,1.0,0,
frey-family.ch,unknown,1.0,0,
schugel.de,unknown,1.0,0,
servus.at,unknown,1.0,0,
zoon.earth,unknown,1.0,0,
annaweber-beratung.de,unknown,1.0,0,
gympan.de,unknown,1.0,0,
anypng.com,unknown,1.0,0,
lischka.de,unknown,1.0,0,
mittelschule-regenstauf.de,unknown,1.0,0,
schmaltz-partner.de,unknown,1.0,0,
aeb.ch,unknown,1.0,0,
socreatory.com,unknown,1.0,0,
tursics.de,unknown,1.0,0,
inforama.ch,unknown,1.0,0,
kfsn.uni-hannover.de,Germany,2.0,Universität Hannover,
vamed.com,unknown,1.0,0,
kopernikus-gymnasium.de,unknown,1.0,0,
krell-web.de,0,0.0,0.0,
gmsachern.de,unknown,1.0,0,
freie-berufe.de,unknown,1.0,0,
infoport.de,unknown,1.0,0,
schneidermedia.eu,unknown,1.0,0,
fiu.bund.de,unknown,1.0,0,
atnes.de,unknown,1.0,0,
mok-fulda.de,unknown,1.0,0,
it-bildungshaus.de,unknown,1.0,0,
marcludwig.com,unknown,1.0,0,
milkads.org,unknown,1.0,0,
laekh.de,unknown,1.0,0,
tpponline.de,0,0.0,0.0,
romanistik.phil.uni-hannover.de,Germany,2.0,Universität Hannover,
kiwi-kinderwissen.de,unknown,1.0,0,
outlookonr.com,0,0.0,0.0,
mgm-cp.com,unknown,1.0,0,
bsahrensburg.de,unknown,1.0,0,
dueren.de,unknown,1.0,0,
ba-mitte.berlin.de,unknown,1.0,0,
ostaucha.lernsax.de,unknown,1.0,0,
sek-halingen.ch,unknown,1.0,0,
power-of-beauty.de,unknown,1.0,0,
library.ethz.ch,Switzerland,2.0,ETHZ - ETH Zurich,
glaser-engineering.de,unknown,1.0,0,
bi.no,Norway,2.0,Norwegian School of Management BI,
vragments.com,unknown,1.0,0,
berrischen.com,unknown,1.0,0,
teikyo-u.ac.jp,Japan,2.0,Teikyo Heisei University,
hs-doepfer.de,Germany,2.0,Hochschule Döpfer,
master-bids.de,unknown,1.0,0,
igssued-lgh.de,unknown,1.0,0,
mohr-solutions.de,unknown,1.0,0,
clicksgefuehle.at,unknown,1.0,0,
trali.de,unknown,1.0,0,
miklis-online.com,unknown,1.0,0,
troescher-muenchen.de,unknown,1.0,0,
appelt.net,unknown,1.0,0,
student.nhlstenden.com,Netherlands,2.0,Stenden University,
gymhaan.de,unknown,1.0,0,
bkneandertal.de,unknown,1.0,0,
umbrellatoday.de,unknown,1.0,0,
kreis-olpe.de,unknown,1.0,0,
versicherungsforen.net,unknown,1.0,0,
stadt-fuessen.de,unknown,1.0,0,
weikelmann.com,unknown,1.0,0,
dlapiper.com,unknown,1.0,0,
pmsolutions.de,unknown,1.0,0,
ndu.ac.at,unknown,1.0,0,
gsg-gengenbach.de,unknown,1.0,0,
stadtwerke-herne.de,unknown,1.0,0,
selectcode.de,unknown,1.0,0,
kvberlin.de,unknown,1.0,0,
sebastianbiermann.com,unknown,1.0,0,
grg17geblergasse.at,unknown,1.0,0,
klaus-beyersdorff.de,unknown,1.0,0,
gymhofwil.ch,unknown,1.0,0,
stud.khsb-berlin.de,Germany,2.0,Katholische Hochschule Berlin,
helliwood.com,unknown,1.0,0,
hettich.com,unknown,1.0,0,
crossplan-deutschland.de,unknown,1.0,0,
1f2n.ch,unknown,1.0,0,
alexandergutendorf.de,unknown,1.0,0,
klie.org,unknown,1.0,0,
schule-nds.de,unknown,1.0,0,
verbraucherzentrale.nrw,unknown,1.0,0,
yahoo.ie,unknown,0.0,0.0,
freudenberg.com,unknown,1.0,0,
altekanti.ch,unknown,1.0,0,
ti-strategie.de,unknown,1.0,0,
uiz.ac.ma,Morocco,2.0,Université Ibn Zohr Agadir,
twt-dh.de,unknown,1.0,0,
fichtner-karin.de,unknown,1.0,0,
liebig.schule,unknown,1.0,0,
spkam.de,unknown,1.0,0,
radspieler.cc,unknown,1.0,0,
taikonauten.com,unknown,1.0,0,
jdbk.de,unknown,1.0,0,
healthlab.nrw,unknown,1.0,0,
textsicher.de,unknown,1.0,0,
corinna-waffender.de,unknown,1.0,0,
museen-brandenburg.de,unknown,1.0,0,
family-amza.ch,unknown,1.0,0,
gju.edu.jo,Jordan,2.0,German Jordanian University,
e-nema.de,unknown,1.0,0,
sekeinshoefe.ch,unknown,1.0,0,
loerrach-landkreis.de,unknown,1.0,0,
sae-portal.de,unknown,1.0,0,
quernheim.net,unknown,1.0,0,
kd-ueberdachungen.de,unknown,1.0,0,
gustr.com,unknown,0.0,0.0,
modeweber.de,unknown,1.0,0,
aaacht.com,unknown,1.0,0,
ivugmbh.de,unknown,1.0,0,
leogos.de,unknown,1.0,0,
schulen-hannover.de,unknown,1.0,0,
svenandersen.de,unknown,1.0,0,
make.org,unknown,1.0,0,
entdeckerschule.lernsax.de,unknown,1.0,0,
backend.rocks,unknown,1.0,0,
mein-gym.de,unknown,1.0,0,
egger-bau.at,unknown,1.0,0,
andreas-voelkel.de,unknown,1.0,0,
vwl.uni-freiburg.de,Germany,2.0,Universität Freiburg,
metaversa.de,unknown,1.0,0,
volkerb.com,unknown,1.0,0,
schmiedel.ch,unknown,1.0,0,
zks-kammgarn.de,unknown,1.0,0,
ev-schule-koepenick.de,unknown,1.0,0,
rosenhagen.ch,unknown,1.0,0,
evb-energy.de,unknown,1.0,0,
fdst.de,unknown,1.0,0,
mowaleha.de,unknown,1.0,0,
econ.ubbcluj.ro,Romania,2.0,Babes-Bolyai University of Cluj-Napoca,
bogen13.de,unknown,1.0,0,
fbg.uni-hannover.de,Germany,2.0,Universität Hannover,
algarrother.com,unknown,1.0,0,
herbartgymnasium.de,unknown,1.0,0,
smartlynx.gmbh,unknown,1.0,0,
rsfuessen.de,unknown,1.0,0,
stud.phbern.ch,Switzerland,2.0,PHBern - University of Teacher Education Bern,
sportjugend-hessen.de,unknown,1.0,0,
bbg-mbh.com,unknown,1.0,0,
coople.com,unknown,1.0,0,
dsbarcelona.com,unknown,1.0,0,
bettinapalazzo.com,unknown,1.0,0,
senstadt.berlin.de,unknown,1.0,0,
tfickert.net,unknown,1.0,0,
dip.de,unknown,1.0,0,
lex-com.net,unknown,1.0,0,
idt-dichtungen.de,unknown,1.0,0,
biopark-regensburg.de,unknown,1.0,0,
willi-graf-gymnasium.muenchen.musin.de,unknown,1.0,0,
habby.net,unknown,1.0,0,
bito-ag.de,unknown,1.0,0,
alemannenschule-wutoeschingen.de,unknown,1.0,0,
lumensland.de,unknown,1.0,0,
godinet.de,unknown,1.0,0,
worms-rudi.de,unknown,1.0,0,
lau365.de,unknown,1.0,0,
sop-ka.sem-bw.org,unknown,1.0,0,
bvsdormagen.de,unknown,1.0,0,
spdfraktion.de,unknown,1.0,0,
andreas-kessler.de,unknown,1.0,0,
gymrahden.de,unknown,1.0,0,
hintsche.eu,unknown,1.0,0,
gbwetzikon.ch,unknown,1.0,0,
monash.edu,Australia,2.0,Monash University,
michel-gmbh.com,unknown,1.0,0,
ums-gmbh.com,unknown,1.0,0,
idisb.de,unknown,1.0,0,
linten.de,unknown,1.0,0,
hackfeld.de,unknown,1.0,0,
myecohub.ch,unknown,1.0,0,
rial.ch,unknown,1.0,0,
ibi.de,unknown,1.0,0,
amgen.com,unknown,1.0,0,
wanzl.com,unknown,1.0,0,
rektorat.uni-heidelberg.de,Germany,2.0,Universität Heidelberg,
kuhn-architekten.de,unknown,1.0,0,
aktiva-steuer.de,unknown,1.0,0,
evkirche-so-ar.de,unknown,1.0,0,
hv-nrw.de,unknown,1.0,0,
mmacb.de,unknown,1.0,0,
schwarzweb.de,0,0.0,0.0,
systemisches-coaching.nrw,unknown,1.0,0,
sec.uni-passau.de,Germany,2.0,Universität Passau,
student.alanus.edu,Germany,2.0,Alanus Hochschule,
inboxbear.com,unknown,1.0,0,
ghrs-paf.de,unknown,1.0,0,
drk-hessen.de,unknown,1.0,0,
pucv.cl,Chile,2.0,Universidad Catolica de Valparaiso,
famgrossmann.de,unknown,1.0,0,
zdh.thm.de,Germany,2.0,Technische Hochschule Mittelhessen,
medherence.de,unknown,1.0,0,
zelt-nb.de,unknown,1.0,0,
worldcleanupday.de,unknown,1.0,0,
steffi-woessner.de,unknown,1.0,0,
poetters.de,unknown,1.0,0,
bluemer.name,unknown,1.0,0,
skulinarium.com,unknown,1.0,0,
hoefer.koeln,unknown,1.0,0,
landratsamt-regensburg.de,unknown,1.0,0,
visionhealth.gmbh,unknown,1.0,0,
service-lobby.com,unknown,1.0,0,
fuk.de,unknown,1.0,0,
beckman.com,unknown,1.0,0,
quip.eu,unknown,1.0,0,
milai.de,unknown,1.0,0,
boeing.com,unknown,1.0,0,
studienseminar-thueringen.de,unknown,1.0,0,
geisler.de,unknown,1.0,0,
kissmann.de,unknown,1.0,0,
beykent.edu.tr,Turkey,2.0,Beykent University,
unfallkasse-nrw.de,unknown,1.0,0,
supertut.com,unknown,1.0,0,
student.univaq.it,Italy,2.0,University of Aquila,
bernadettekoenig.de,unknown,1.0,0,
fr.ch,unknown,1.0,0,
extern.wien.gv.at,unknown,1.0,0,
aikq.de,unknown,1.0,0,
germanistik.uni-halle.de,Germany,2.0,Universität Halle,
wexelwirken.net,unknown,1.0,0,
pahia.net,unknown,1.0,0,
gue.com,unknown,1.0,0,
sebastianmeier.eu,unknown,1.0,0,
lemke-online.net,unknown,1.0,0,
kreis-reutlingen.de,unknown,1.0,0,
triahead.com,unknown,1.0,0,
edvsauer.de,unknown,1.0,0,
friedel-hartmann.de,unknown,1.0,0,
gb.abb.com,unknown,1.0,0,
diehl-defence.com,unknown,1.0,0,
hx24.net,unknown,1.0,0,
mieding.de,unknown,1.0,0,
lilie.de,unknown,1.0,0,
medienwerft.de,unknown,1.0,0,
fabian-holzer.de,unknown,1.0,0,
anglett.com,unknown,1.0,0,
bevensen-ebstorf.de,unknown,1.0,0,
abruker.de,unknown,1.0,0,
svc.co.at,unknown,1.0,0,
schreiberonline.de,0,0.0,0.0,
sylviawoerner.de,unknown,1.0,0,
bytenubes.de,unknown,1.0,0,
ji5.de,unknown,1.0,0,
berufswege-fuer-frauen.de,unknown,1.0,0,
sag-schweich.de,unknown,1.0,0,
gerhard-seiler.de,unknown,1.0,0,
ifakt.de,unknown,1.0,0,
felixexpress.de,unknown,1.0,0,
mpg-umstadt.de,unknown,1.0,0,
zelch.eu,unknown,1.0,0,
alumni.uni-hannover.de,Germany,2.0,Universität Hannover,
marianowski.de,unknown,1.0,0,
regina.ac,unknown,1.0,0,
gansneder.com,unknown,1.0,0,
kesseboehmer.de,unknown,1.0,0,
xn--zhxu-cpac.eu,unknown,1.0,0,
zerooverhead.de,unknown,1.0,0,
norbert-musiol.de,unknown,1.0,0,
matthiaskurz.info,unknown,1.0,0,
schirmeister.de,unknown,1.0,0,
ijgd.de,unknown,1.0,0,
mws.bamberg.de,unknown,1.0,0,
fam-ammer.de,unknown,1.0,0,
uvn.digital,unknown,1.0,0,
pbcgmbh.ch,unknown,1.0,0,
inf.uni-hannover.de,Germany,2.0,Universität Hannover,
schuessler-plan.de,unknown,1.0,0,
berlin-partner.de,unknown,1.0,0,
bsz-noerdlingen.de,unknown,1.0,0,
genion.de,unknown,1.0,0,
frank-stefan.de,unknown,1.0,0,
vsgwigoltingen.ch,unknown,1.0,0,
gerit-stefan.de,unknown,1.0,0,
strahlentherapie-harburg.de,unknown,1.0,0,
birgitnuechter.de,unknown,1.0,0,
drwallau.de,unknown,1.0,0,
bibliothek.uni-halle.de,Germany,2.0,Universität Halle,
six-winners.com,unknown,1.0,0,
eiffage.de,unknown,1.0,0,
covivio.immo,unknown,1.0,0,
waed.de,unknown,1.0,0,
mainsand.de,unknown,1.0,0,
havas.com,unknown,1.0,0,
diwu.de,unknown,1.0,0,
simonmaris.com,unknown,1.0,0,
hei-ke-koch.de,unknown,1.0,0,
synapsensprung.de,unknown,1.0,0,
meinwb.de,unknown,1.0,0,
jendrus.com,unknown,1.0,0,
ptb.de,unknown,1.0,0,
forumkeb.at,unknown,1.0,0,
3rdfellows.com,unknown,1.0,0,
ghg-leipzig.lernsax.de,unknown,1.0,0,
prechel-consulting.de,unknown,1.0,0,
drfz.de,unknown,1.0,0,
imwind.at,unknown,1.0,0,
jhns.de,unknown,1.0,0,
maessen.com,unknown,1.0,0,
netzsch.com,unknown,1.0,0,
hlw.at,unknown,1.0,0,
kuk-is.de,unknown,1.0,0,
sebastian-jaeger.me,unknown,1.0,0,
kgu.de,unknown,1.0,0,
mucklefiguren.de,unknown,1.0,0,
dianaplettenberg.de,unknown,1.0,0,
kex-ag.com,unknown,1.0,0,
saschadeforth.de,unknown,1.0,0,
isse.de,unknown,1.0,0,
coeno.com,unknown,1.0,0,
cdc-krefeld.de,unknown,1.0,0,
berthold-otto-schule.de,unknown,1.0,0,
pacher.com,unknown,1.0,0,
designato.de,unknown,1.0,0,
lkt-nrw.de,unknown,1.0,0,
fabianroos.ch,unknown,1.0,0,
ipsa.fr,France,2.0,Institut polytechnique des sciences avancees,
betterplace.org,unknown,1.0,0,
iad.de,unknown,1.0,0,
christiantigges.com,unknown,1.0,0,
kgs-pattensen.de,unknown,1.0,0,
jkrech.de,unknown,1.0,0,
drschuermann.info,unknown,1.0,0,
fsd-web.de,0,0.0,0.0,
rektorat.uni-halle.de,Germany,2.0,Universität Halle,
eufh.de,Germany,2.0,Europäische FH,
mail.tu-berlin.de,Germany,2.0,TU Berlin,
htl-shkoder.com,unknown,1.0,0,
zajadacz.de,unknown,1.0,0,
zimbelmann.net,unknown,1.0,0,
anonaddy.me,unknown,1.0,0,
bagso.de,unknown,1.0,0,
stbv-bremen.de,unknown,1.0,0,
techdata.com,unknown,1.0,0,
mutterhaus.de,unknown,1.0,0,
vanrickeln.de,unknown,1.0,0,
unternehmer.nrw,unknown,1.0,0,
stein-gy.de,unknown,1.0,0,
smittie.de,unknown,1.0,0,
fincon.eu,unknown,1.0,0,
upived.online,unknown,1.0,0,
michaelneumann.org,unknown,1.0,0,
zolotov.de,unknown,1.0,0,
moritzmarkgraf.com,unknown,1.0,0,
ean-online.de,0,0.0,0.0,
karlsruhe.ihk.de,unknown,1.0,0,
wherefactor.com,unknown,1.0,0,
schwarze.info,unknown,1.0,0,
zoeyy.com,unknown,1.0,0,
gom.de,unknown,1.0,0,
int.prezero.com,unknown,1.0,0,
gematik.de,unknown,1.0,0,
mavs.uta.edu,United States,2.0,University of Texas at Arlington,
mysterious.mozmail.com,unknown,1.0,0,
berta-projektbau.de,unknown,1.0,0,
pathwayi.com,unknown,1.0,0,
skoruz.com,unknown,1.0,0,
yopmail.com,unknown,0.0,0.0,
id.uff.br,Brazil,2.0,Universidade Federal Fluminense,
drivetrain.ai,unknown,1.0,0,
sopaedseminar-s.de,unknown,1.0,0,
main-tauber-kreis.de,unknown,1.0,0,
neptun.uni-freiburg.de,Germany,2.0,Universität Freiburg,
skorpiono.de,unknown,1.0,0,
borisbraune.de,unknown,1.0,0,
nicolasforgerit.com,unknown,1.0,0,
aknoe.at,unknown,1.0,0,
theed.ml,unknown,1.0,0,
bb4u.group,unknown,1.0,0,
brueggemann.com,unknown,1.0,0,
asagi.waseda.jp,unknown,1.0,0,
schloss-online.eu,unknown,1.0,0,
nordlys.ai,unknown,1.0,0,
biotronik.com,unknown,1.0,0,
kunst-struktionen.ch,unknown,1.0,0,
dialog-ki.de,unknown,1.0,0,
sss-it.de,unknown,1.0,0,
rolisz.ro,unknown,1.0,0,
atedo.ch,unknown,1.0,0,
wilmahartenfels.com,unknown,1.0,0,
pdietz.de,unknown,1.0,0,
mb-networkx.com,unknown,1.0,0,
deliveryhero.com,0,0.0,0.0,
yevme.com,0,0.0,0.0,
hartmannbund.de,unknown,1.0,0,
wibi.de,unknown,1.0,0,
ice.ufjf.br,Brazil,2.0,Universidade Federal de Juiz de Fora,
ncf.edu,United States,2.0,New College of Florida,
fastmail.net,unknown,0.0,0.0,
gvss.de,unknown,1.0,0,
stiftung-umweltenergierecht.de,unknown,1.0,0,
student.chalmers.se,Sweden,2.0,Chalmers University of Technology,
vt.edu,United States,2.0,Virginia Tech,
htw-saarland.de,Germany,2.0,HTW Saar,
runaker.se,unknown,1.0,0,
live.jp,unknown,0.0,0.0,
megazone.com,unknown,1.0,0,
dalic.de,unknown,1.0,0,
benjaminmoritz.de,unknown,1.0,0,
hrconsultingft.de,unknown,1.0,0,
htlkaindorf.at,unknown,1.0,0,
saxion.nl,unknown,1.0,0,
hagalaz-design.de,unknown,1.0,0,
unizar.es,Spain,2.0,Universidad de Zaragoza,
goumh.umh.es,Spain,2.0,Universidad Miguel Hernández de Elche,
wiiig.de,unknown,1.0,0,
dsaf.de,unknown,1.0,0,
maevie.com,unknown,1.0,0,
stefanherx.com,unknown,1.0,0,
heimggmbh.de,unknown,1.0,0,
matthiaspatz.de,unknown,1.0,0,
digital-government.at,unknown,1.0,0,
visionhochdrei.de,unknown,1.0,0,
hmbtec.de,unknown,1.0,0,
gergltd.com,unknown,1.0,0,
centralelille.fr,unknown,1.0,0,
thbrandl.de,unknown,1.0,0,
fgk-lehrer.de,unknown,1.0,0,
blckswn.de,unknown,1.0,0,
consulting-heusgen.de,unknown,1.0,0,
jeethurao.com,unknown,1.0,0,
xperi.com,unknown,1.0,0,
sci.ui.ac.id,Indonesia,2.0,Universitas Indonesia,
dirks-group.de,unknown,1.0,0,
bobudi.de,unknown,1.0,0,
col-geo.com,unknown,1.0,0,
de-jong.at,unknown,1.0,0,
adromo.de,unknown,1.0,0,
helvetia.ch,unknown,1.0,0,
mentorium.de,unknown,1.0,0,
institut-pi.de,unknown,1.0,0,
str8labs.com,unknown,1.0,0,
konfettipatterns.de,unknown,1.0,0,
zukowska.de,unknown,1.0,0,
profil-m.de,unknown,1.0,0,
ec.europa.eu,unknown,1.0,0,
mpa.uni-stuttgart.de,Germany,2.0,Universität Stuttgart,
knoedler-net.de,unknown,1.0,0,
iisb.fraunhofer.de,unknown,1.0,0,
tecnet.at,unknown,1.0,0,
mazooka.de,unknown,1.0,0,
live.in,unknown,0.0,0.0,
hlw3.at,unknown,1.0,0,
compassio.de,unknown,1.0,0,
regishub.com,unknown,1.0,0,
schmerzinfo.net,unknown,1.0,0,
dkfz.de,unknown,1.0,0,
hensen.it,unknown,1.0,0,
brainlab.com,unknown,1.0,0,
zschau.de,unknown,1.0,0,
student.htw-berlin.de,Germany,2.0,HTW Berlin,
opencampus.sh,unknown,1.0,0,
refa-mv.de,unknown,1.0,0,
docufy.de,unknown,1.0,0,
neikes.com,unknown,1.0,0,
v3it.com,unknown,1.0,0,
loqu.net,unknown,1.0,0,
schuchall.de,unknown,1.0,0,
primusnetz.de,unknown,1.0,0,
awo-essen.de,unknown,1.0,0,
kwarc.info,unknown,1.0,0,
geologin.de,unknown,1.0,0,
jugendhaus-duesseldorf.de,unknown,1.0,0,
matthias-dorfner.de,unknown,1.0,0,
allgaeu.org,unknown,1.0,0,
storyclass.de,unknown,1.0,0,
eitco.de,unknown,1.0,0,
walter-wintersteiger.com,unknown,1.0,0,
bites-it.de,unknown,1.0,0,
scopro.de,unknown,1.0,0,
mail.plueckhahn.net,unknown,1.0,0,
astelko.de,unknown,1.0,0,
grilloconsulting.com,unknown,1.0,0,
tcib.eu,unknown,1.0,0,
zlg.nrw.de,unknown,1.0,0,
igs-goettingen.de,unknown,1.0,0,
st-meiers.de,unknown,1.0,0,
ina-gamp.de,unknown,1.0,0,
tillydyga.net,unknown,1.0,0,
158902.nrw.schule,unknown,1.0,0,
familie-haberbosch.de,unknown,1.0,0,
nzz.ch,unknown,1.0,0,
benedictus-realschule.de,unknown,1.0,0,
ateam-ffm.de,unknown,1.0,0,
dresden.ihk.de,unknown,1.0,0,
cffc.eu,unknown,1.0,0,
akademie-oegw.de,unknown,1.0,0,
wisze.net,unknown,1.0,0,
mobba.de,unknown,1.0,0,
st-andrews.ac.uk,United Kingdom,2.0,University of St. Andrews,
shb-sba.de,unknown,1.0,0,
maria-ward-sob.de,unknown,1.0,0,
rehaklinik-zihlschlacht.ch,unknown,1.0,0,
fuse-ai.de,unknown,1.0,0,
tut.by,unknown,0.0,0.0,
instadeep.com,unknown,1.0,0,
evtbruehl.de,unknown,1.0,0,
esb.de,unknown,1.0,0,
hzs-ulm.de,unknown,1.0,0,
exchange.wwu.de,unknown,1.0,0,
inovako.com,unknown,1.0,0,
springscreen.de,unknown,1.0,0,
mbzuai.ac.ae,United Arab Emirates,2.0,Mohamed bin Zayed University of Artificial Intelligence (MBZUAI),
angelika-schoeffel.de,unknown,1.0,0,
reinhardkuhn.de,unknown,1.0,0,
objective-partner.com,unknown,1.0,0,
bodes.net,unknown,1.0,0,
strugi.de,unknown,1.0,0,
stud.hshl.de,Germany,2.0,Hochschule Hamm-Lippstadt,
siebern.de,unknown,1.0,0,
olisan.ch,unknown,1.0,0,
fussinger.de,unknown,1.0,0,
bkt-luedenscheid.de,unknown,1.0,0,
komos.de,unknown,1.0,0,
ehrs.de,unknown,1.0,0,
inpro.de,unknown,1.0,0,
comp.contitech.de,unknown,1.0,0,
immlerwieder.ch,unknown,1.0,0,
ercis.uni-muenster.de,Germany,2.0,Universität Münster,
piekereit.com,unknown,1.0,0,
ceg-erlangen.de,unknown,1.0,0,
markisen-fulda.de,unknown,1.0,0,
geisenhainer.ch,unknown,1.0,0,
hueppauff.com,unknown,1.0,0,
der-onlinecoach.com,unknown,1.0,0,
marktblick.com,unknown,1.0,0,
siemens-gymnasium-berlin.de,unknown,1.0,0,
mgarkisch.de,unknown,1.0,0,
competitionline.com,unknown,1.0,0,
ryze-digital.de,unknown,1.0,0,
kaspercom.de,unknown,1.0,0,
glasemann.net,unknown,1.0,0,
artacademyplovdiv.com,unknown,1.0,0,
uideation.com,unknown,1.0,0,
ifo.de,unknown,1.0,0,
thomann.biz,unknown,1.0,0,
bielingua.de,unknown,1.0,0,
bornemannundpartner.at,unknown,1.0,0,
stsw-hamburg.de,unknown,1.0,0,
sv-bw.de,unknown,1.0,0,
romy-winter.de,unknown,1.0,0,
fachanwaelte.de,unknown,1.0,0,
gabiprinz.de,unknown,1.0,0,
ing-gruene.de,unknown,1.0,0,
uib.no,Norway,2.0,University of Bergen,
heike-bruckhuisen.de,unknown,1.0,0,
eh-tabor.de,Germany,2.0,Evangelische Hochschule Tabor,
augsburg.de,unknown,1.0,0,
gj-weber.de,unknown,1.0,0,
frigols.de,unknown,1.0,0,
aggm.at,unknown,1.0,0,
verwaltung.uni-halle.de,Germany,2.0,Universität Halle,
siegfried.ch,unknown,1.0,0,
thinkinghabitats.com,unknown,1.0,0,
sekmh.ch,unknown,1.0,0,
utkuerol.com,unknown,1.0,0,
awipro.de,unknown,1.0,0,
torpedo-motor.com,unknown,1.0,0,
streibl.io,unknown,1.0,0,
marco-jaeger.com,unknown,1.0,0,
paula-fuerst-gemeinschaftsschule.de,unknown,1.0,0,
pharma.uzh.ch,Switzerland,2.0,Universität Zürich,
jarchow-partner.de,unknown,1.0,0,
moefa.de,unknown,1.0,0,
thomasbach.eu,unknown,1.0,0,
lebk.de,unknown,1.0,0,
bettinahein.de,unknown,1.0,0,
nataliefaerber.de,unknown,1.0,0,
quipas.com,unknown,1.0,0,
enmo.de,unknown,1.0,0,
akademie-handel.de,unknown,1.0,0,
janssen-holldiek.com,unknown,1.0,0,
dai-labor.de,unknown,1.0,0,
rvw-berufskolleg.de,unknown,1.0,0,
viwis.de,unknown,1.0,0,
deindl.eu,unknown,1.0,0,
pattoka.de,unknown,1.0,0,
q-inx.de,unknown,1.0,0,
soennecken.de,unknown,1.0,0,
mindup.de,unknown,1.0,0,
behnke-design.com,unknown,1.0,0,
zdz.de,unknown,1.0,0,
pilarek.de,unknown,1.0,0,
pixelhirte.de,unknown,1.0,0,
fleischer.co.at,unknown,1.0,0,
handpapierkopf.de,unknown,1.0,0,
matzak.com,unknown,1.0,0,
in-tech.com,unknown,1.0,0,
sk.hs-fulda.de,Germany,2.0,Hochschule Fulda,
aqa.de,unknown,1.0,0,
loctimize.com,unknown,1.0,0,
hannahwahl.at,unknown,1.0,0,
gs-bm.de,unknown,1.0,0,
sebaro.org,unknown,1.0,0,
gm-morsbach.de,unknown,1.0,0,
ortho-morandell.com,unknown,1.0,0,
mathematik.uni-kl.de,Germany,2.0,TU Kaiserslautern,
konrad-klepping-berufskolleg.de,unknown,1.0,0,
awk-online.de,0,0.0,0.0,
acomarket.ac.at,unknown,1.0,0,
mugler.de,unknown,1.0,0,
jks.bildung-rp.de,unknown,1.0,0,
stk-rottenburg.de,unknown,1.0,0,
asbk.de,unknown,1.0,0,
purpledesign.de,unknown,1.0,0,
3m-solutions.de,unknown,1.0,0,
digitalsalt.de,unknown,1.0,0,
hdz.uni-freiburg.de,Germany,2.0,Universität Freiburg,
alb-donau-kreis.de,unknown,1.0,0,
iwes.uni-hannover.de,Germany,2.0,Universität Hannover,
karg-stiftung.de,unknown,1.0,0,
lea-hessen.de,unknown,1.0,0,
meissundpartner.de,unknown,1.0,0,
beltz.de,unknown,1.0,0,
faco.de,unknown,1.0,0,
eventpaletten.de,unknown,1.0,0,
zuv.uni-hannover.de,Germany,2.0,Universität Hannover,
olff.de,unknown,1.0,0,
designdesire.ch,unknown,1.0,0,
maxbrain.com,unknown,1.0,0,
trafo-leipzig.de,unknown,1.0,0,
denomusik.de,unknown,1.0,0,
olg-m.bayern.de,unknown,1.0,0,
cundd.de,unknown,1.0,0,
hfk-bremen.de,Germany,2.0,Hochschule für Künste Bremen,
sdi-muenchen.de,Germany,2.0,SDI München,
anne-frank-schule-karlsruhe.de,unknown,1.0,0,
avh.hamburg,unknown,1.0,0,
dgb.de,unknown,1.0,0,
dahn-research.eu,unknown,1.0,0,
simke-training.de,unknown,1.0,0,
silvaladewig.de,unknown,1.0,0,
haidlfing.de,unknown,1.0,0,
lernens-wert.de,unknown,1.0,0,
qureca.com,unknown,1.0,0,
albrecht-elektrotechnik.de,unknown,1.0,0,
fak-mering.de,unknown,1.0,0,
sirmed.ch,unknown,1.0,0,
tiesler.info,unknown,1.0,0,
lippetalschule.de,unknown,1.0,0,
sempa.de,unknown,1.0,0,
inf.hochschule-trier.de,Germany,2.0,Hochschule Trier,
cpaudit.de,unknown,1.0,0,
veysel-oezcan.de,unknown,1.0,0,
mws-nbg.de,unknown,1.0,0,
onpraes.de,unknown,1.0,0,
fryzeit.de,unknown,1.0,0,
hashtag42.de,unknown,1.0,0,
impacthub.ch,unknown,1.0,0,
kettering.de,unknown,1.0,0,
sei-klug-mach-mit.de,unknown,1.0,0,
ihloff.de,unknown,1.0,0,
hehmsoth.de,unknown,1.0,0,
realschule-kirn.de,unknown,1.0,0,
gunzel.de,unknown,1.0,0,
seniortrainer-hamburg.de,unknown,1.0,0,
ki-reform.ch,unknown,1.0,0,
hey.com,unknown,1.0,0,
rauezeiten.de,unknown,1.0,0,
cookiebox.pro,unknown,1.0,0,
darearts.net,unknown,1.0,0,
imagefilm.de,unknown,1.0,0,
arc-greenlab.de,unknown,1.0,0,
medionmail.com,unknown,1.0,0,
bhakwien22.at,unknown,1.0,0,
beate-spitzmueller.de,unknown,1.0,0,
mdm-online.de,0,0.0,0.0,
hcmussh.edu.vn,Viet Nam,2.0,Ho Chi Minh City University of Social Sciences and Humanities,
dfg-lfa.eu,unknown,1.0,0,
el-samalouti.de,unknown,1.0,0,
igspellenz.de,unknown,1.0,0,
hv-barth.de,unknown,1.0,0,
gh-blue.de,unknown,1.0,0,
lernen-durch-engagement.de,unknown,1.0,0,
bamberger-akademien.de,unknown,1.0,0,
afaik.de,unknown,1.0,0,
gehringer-limburg.de,unknown,1.0,0,
pthweb.de,0,0.0,0.0,
eva-von-sahr.com,unknown,1.0,0,
gulls.de,unknown,1.0,0,
brk.nrw.schule,unknown,1.0,0,
foerch.de,unknown,1.0,0,
medienwissenschaft.uni-siegen.de,Germany,2.0,Universität Siegen,
hxi.digital,unknown,1.0,0,
rhein-sieg-kreis.de,unknown,1.0,0,
stw.berlin,unknown,1.0,0,
schuleruhland.de,unknown,1.0,0,
laymro.com,unknown,1.0,0,
boehringer-ingelheim.com,unknown,1.0,0,
bos-kirchmoeser.de,unknown,1.0,0,
cin.ufpe.br,Brazil,2.0,Universidade Federal de Pernambuco,
biberach.de,unknown,1.0,0,
mnet-online.de,0,0.0,0.0,
brainandpassion.de,unknown,1.0,0,
kas.de,unknown,1.0,0,
gs-baeke.schulserver.de,unknown,1.0,0,
experiencemind.de,unknown,1.0,0,
phil.uni-goettingen.de,Germany,2.0,Universität Göttingen,
msd.de,unknown,1.0,0,
mittelschule-gnas.at,unknown,1.0,0,
thomyschuster.anonaddy.me,unknown,1.0,0,
tfe-recruitment-experts.com,unknown,1.0,0,
bfoe-hh.de,unknown,1.0,0,
trmcf.de,unknown,1.0,0,
trusted-ai.com,unknown,1.0,0,
allmatic.de,unknown,1.0,0,
vdu.lt,Lithuania,2.0,Vytautas Magnus University,
reimann-thomas.de,unknown,1.0,0,
krw.ch,unknown,1.0,0,
steinerschule-bergstedt.de,unknown,1.0,0,
danubix.com,unknown,1.0,0,
zka.bund.de,unknown,1.0,0,
novamondo.de,unknown,1.0,0,
legionnet.com,unknown,1.0,0,
detsite.de,unknown,1.0,0,
teamlippmann.de,unknown,1.0,0,
best-sabel.de,unknown,1.0,0,
bfi.wien,unknown,1.0,0,
cais.nrw,unknown,1.0,0,
wkad.com,unknown,1.0,0,
doukmak.de,unknown,1.0,0,
pegalion.com,unknown,1.0,0,
agoform.de,unknown,1.0,0,
f-hahn.de,unknown,1.0,0,
mkoehler.net,unknown,1.0,0,
schwaebisch-hall.de,unknown,1.0,0,
mzico.com,unknown,1.0,0,
nottebaum-online.de,0,0.0,0.0,
broki.de,unknown,1.0,0,
flad.de,unknown,1.0,0,
ias.informatik.tu-darmstadt.de,Germany,2.0,TU Darmstadt,
zif-berlin.org,unknown,1.0,0,
cduplus.de,unknown,1.0,0,
porada-geoconsult.de,unknown,1.0,0,
exhibitioncoach.com,unknown,1.0,0,
gusronk.com,unknown,1.0,0,
swiss.com,unknown,1.0,0,
krenkingen.de,unknown,1.0,0,
mlutter.eu,unknown,1.0,0,
bikmed.de,unknown,1.0,0,
sharklasers.com,unknown,0.0,0.0,
waldorfkindergartenseminar-berlin.de,unknown,1.0,0,
sbh.hamburg.de,unknown,1.0,0,
progas.de,unknown,1.0,0,
morgenwerk.org,unknown,1.0,0,
sigridpeuker.de,unknown,1.0,0,
fraukes.de,unknown,1.0,0,
henningwellmann.de,unknown,1.0,0,
adlon.de,unknown,1.0,0,
digitalbeat.de,unknown,1.0,0,
kpv-nrw.de,unknown,1.0,0,
uca.ac.ma,unknown,1.0,0,
erthoeja.de,unknown,1.0,0,
muehleis.eu,unknown,1.0,0,
gletscher.ch,unknown,1.0,0,
pirckheimer-gymnasium.de,unknown,1.0,0,
indigenafrica.org,unknown,1.0,0,
angewy.com,unknown,1.0,0,
betz-reisen.com,unknown,1.0,0,
zenintelligence.com,unknown,1.0,0,
freies-gymnasium-borsdorf.de,unknown,1.0,0,
wiwi.rwth-aachen.de,Germany,2.0,RWTH Aachen,
sek-pro.de,unknown,1.0,0,
oe.hs-fulda.de,Germany,2.0,Hochschule Fulda,
nexiss.de,unknown,1.0,0,
pelo-it.com,unknown,1.0,0,
troppmann.de,unknown,1.0,0,
sbb.spk-berlin.de,unknown,1.0,0,
use-solar-energy.de,unknown,1.0,0,
gritsch.eu,unknown,1.0,0,
caritas-dicvrs.de,unknown,1.0,0,
ucf.uni-freiburg.de,Germany,2.0,Universität Freiburg,
carealytix.com,unknown,1.0,0,
rudert-home.de,unknown,1.0,0,
jkwinter.de,unknown,1.0,0,
jan-peters.net,unknown,1.0,0,
hasty.ai,unknown,1.0,0,
moenchengladbach.de,unknown,1.0,0,
meine-krankenkasse.de,unknown,1.0,0,
shi-g.com,unknown,1.0,0,
hpstueber.de,unknown,1.0,0,
corponet.de,unknown,1.0,0,
schule-buttisholz.ch,unknown,1.0,0,
dji.de,unknown,1.0,0,
mail.uni-freiburg.de,Germany,2.0,Universität Freiburg,
besonet.ch,unknown,1.0,0,
sprechkontakt.at,unknown,1.0,0,
isanto.de,unknown,1.0,0,
knowtion.de,unknown,1.0,0,
vppl.ethz.ch,Switzerland,2.0,ETHZ - ETH Zurich,
drs.de,unknown,1.0,0,
seminarcenter.de,unknown,1.0,0,
iws.fraunhofer.de,unknown,1.0,0,
bau.thm.de,Germany,2.0,Technische Hochschule Mittelhessen,
lern.li,unknown,1.0,0,
in-line-consult.de,unknown,1.0,0,
lernhandwerk.de,unknown,1.0,0,
noreply.fernuni-hagen.de,Germany,2.0,FernUniversität in Hagen,
wiwi.uni-halle.de,Germany,2.0,Universität Halle,
9os.lernsax.de,unknown,1.0,0,
dr.com,unknown,0.0,0.0,
mwide.nrw.de,unknown,1.0,0,
baronetzky.org,unknown,1.0,0,
ita.uni-hannover.de,Germany,2.0,Universität Hannover,
itg.be,unknown,1.0,0,
cssb-hamburg.de,unknown,1.0,0,
schreibaschram.de,unknown,1.0,0,
baerlet.ch,unknown,1.0,0,
sas.upenn.edu,United States,2.0,University of Pennsylvania,
nlg.de,unknown,1.0,0,
robvanlinda.de,unknown,1.0,0,
dynamic-reliance.de,unknown,1.0,0,
uteweber.de,unknown,1.0,0,
hallmark.ch,unknown,1.0,0,
festundfrei.de,unknown,1.0,0,
germanistik.uni-hannover.de,Germany,2.0,Universität Hannover,
matic.de,unknown,1.0,0,
coop.ch,unknown,1.0,0,
miriam-maibaum.de,unknown,1.0,0,
schule-in-der-digitalen-welt.de,unknown,1.0,0,
ext.macromedia.de,unknown,1.0,0,
zfsl-k.de,unknown,1.0,0,
unipu.hr,Croatia,2.0,University of Pula,
dozent-diploma.de,Germany,2.0,DIPLOMA - FH Nordhessen,
lmsaar.de,unknown,1.0,0,
med.uni-kiel.de,Germany,2.0,Universität Kiel,
einwohneramt.essen.de,unknown,1.0,0,
gsmso.de,unknown,1.0,0,
abwesend.de,unknown,0.0,0.0,
iubh.de,unknown,1.0,0,
fitko.de,unknown,1.0,0,
ulf-merbold-gymnasium.de,unknown,1.0,0,
vc-datenschutz.de,unknown,1.0,0,
staedelis.com,unknown,1.0,0,
krone.de,unknown,1.0,0,
neotechnik.de,unknown,1.0,0,
daniel-ottersbach.de,unknown,1.0,0,
camino-werkstatt.de,unknown,1.0,0,
carolin-becker.de,unknown,1.0,0,
link.ch,unknown,1.0,0,
hghnet.de,unknown,1.0,0,
wiewort.de,unknown,1.0,0,
webproline.de,unknown,1.0,0,
wrs-iserv.de,unknown,1.0,0,
fb4.fra-uas.de,unknown,1.0,0,
iuz.tu-freiberg.de,Germany,2.0,TU Bergakademie Freiberg,
zfl.tu-darmstadt.de,Germany,2.0,TU Darmstadt,
ihk-weiterbildung.de,unknown,1.0,0,
ensingerplastics.com,unknown,1.0,0,
ebbe.anonaddy.com,unknown,1.0,0,
ceraso.ch,unknown,1.0,0,
viality.de,unknown,1.0,0,
brd.nrw.schule,unknown,1.0,0,
in-hauzenberg.de,unknown,1.0,0,
kuraray.com,unknown,1.0,0,
n3xtcoder.org,unknown,1.0,0,
iwfm.buet.ac.bd,Bangladesh,2.0,Bangladesh University of Engineering and Technology,
engelsleben.de,unknown,1.0,0,
juergenhecht.eu,unknown,1.0,0,
bartholme.de,unknown,1.0,0,
projagil.de,unknown,1.0,0,
risk.rwth-aachen.de,Germany,2.0,RWTH Aachen,
bigga.de,unknown,1.0,0,
grimmer.org,unknown,1.0,0,
dorfzeitung.com,unknown,1.0,0,
fabian-hick.de,unknown,1.0,0,
gopa.de,unknown,1.0,0,
snipes.com,unknown,1.0,0,
forumzfd.de,unknown,1.0,0,
postech.ac.kr,"Korea, Republic of",2.0,Pohang University of Science and Technology,
fh-potsdam.de,Germany,2.0,FH Potsdam,
deutsche-fernschule.de,unknown,1.0,0,
ses-entwicklung.de,unknown,1.0,0,
lehramt.uni-giessen.de,Germany,2.0,Universität Gießen,
brickmakers.de,unknown,1.0,0,
drk-erfurt.de,unknown,1.0,0,
drgoerlitz.de,unknown,1.0,0,
uv-bund-bahn.de,unknown,1.0,0,
traumton.de,unknown,1.0,0,
kultus.hessen.de,unknown,1.0,0,
agrotech-valley.de,unknown,1.0,0,
zwd.de,unknown,1.0,0,
kids-digital.de,unknown,1.0,0,
sozmi.landsh.de,unknown,1.0,0,
marlenereincke.de,unknown,1.0,0,
schoenundbiestig.de,unknown,1.0,0,
dschiavo.net,unknown,1.0,0,
liebenzell.org,unknown,1.0,0,
igus.net,unknown,1.0,0,
bsni.de,unknown,1.0,0,
reneviering.com,unknown,1.0,0,
pegasuseck.de,unknown,1.0,0,
md-bb.org,unknown,1.0,0,
polyartis.de,unknown,1.0,0,
dig-it-media.de,unknown,1.0,0,
gymnasium-odenthal.de,unknown,1.0,0,
1und1.de,unknown,1.0,0,
fastvisions.de,unknown,1.0,0,
m-merkert.de,unknown,1.0,0,
frickonline.de,0,0.0,0.0,
dbs.ifi.lmu.de,Germany,2.0,Universität München,
domkra.de,unknown,1.0,0,
fachkraftvermittlung.com,unknown,1.0,0,
bkmitte-essen.de,unknown,1.0,0,
familienhilfe-nrw.de,unknown,1.0,0,
fijn.de,unknown,1.0,0,
bourns.com,unknown,1.0,0,
a1.at,unknown,1.0,0,
lkgi.de,unknown,1.0,0,
bbitq.com,unknown,1.0,0,
pixelsfinest.com,unknown,1.0,0,
s2019.tu-chemnitz.de,Germany,2.0,TU Chemnitz,
mathiaskeip.de,unknown,1.0,0,
muellerleile-online.de,0,0.0,0.0,
solid-it.de,unknown,1.0,0,
online-resourcen.de,unknown,1.0,0,
angela-mueller.net,unknown,1.0,0,
keebee.de,unknown,1.0,0,
bliem.name,unknown,1.0,0,
tobiasstein.org,unknown,1.0,0,
saalemuehle.de,unknown,1.0,0,
bareiss1.de,unknown,1.0,0,
strieder.de,unknown,1.0,0,
kargun.de,unknown,1.0,0,
cmgerigk.de,unknown,1.0,0,
jbs-pinneberg.org,unknown,1.0,0,
menth.eu,unknown,1.0,0,
pokorni.de,unknown,1.0,0,
releasing.rocks,unknown,1.0,0,
wbs-it.de,unknown,1.0,0,
keemail.me,unknown,1.0,0,
koby.ch,unknown,1.0,0,
smartwapp.de,unknown,1.0,0,
rsgoh.de,unknown,1.0,0,
giesberg.com,unknown,1.0,0,
justinbchle.de,unknown,1.0,0,
kokerei-hassel.de,unknown,1.0,0,
antonia-uhle.de,unknown,1.0,0,
bos-n.de,unknown,1.0,0,
humboldt-koeln.de,unknown,1.0,0,
sks-muentzer-wernigerode.bildung-lsa.de,unknown,1.0,0,
iaspbl.aau.dk,Denmark,2.0,Aarhus University,
diessenz.de,unknown,1.0,0,
experts.team,unknown,1.0,0,
prnd.io,unknown,1.0,0,
classic-consult.com,unknown,1.0,0,
rkg-engineering.de,unknown,1.0,0,
cyved.com,unknown,1.0,0,
blaar.de,unknown,1.0,0,
heidelberg.de,unknown,1.0,0,
transektoris.de,unknown,1.0,0,
lshk.de,unknown,1.0,0,
oha.healthcare,unknown,1.0,0,
steffan-web.de,0,0.0,0.0,
msm-ge.de,unknown,1.0,0,
cetos.com,unknown,1.0,0,
gs-efd.admin.ch,unknown,1.0,0,
jafein.de,unknown,1.0,0,
bsi.bund.de,unknown,1.0,0,
thomassalvador.com,unknown,1.0,0,
vorhammer.de,unknown,1.0,0,
jag-emden.eu,unknown,1.0,0,
merkano.de,unknown,1.0,0,
ibmt.fraunhofer.de,unknown,1.0,0,
meondi.com,unknown,1.0,0,
arztrufzentrale-nrw.de,unknown,1.0,0,
wipol.uni-hannover.de,Germany,2.0,Universität Hannover,
ohgw.de,unknown,1.0,0,
geno-kom.de,unknown,1.0,0,
st-marienkrankenhaus.de,unknown,1.0,0,
hilleke.nrw,unknown,1.0,0,
itas-computer.com,unknown,1.0,0,
messbar-partner.de,unknown,1.0,0,
berufskolleg-lk.de,unknown,1.0,0,
maushake-betreuung.de,unknown,1.0,0,
westminster.ac.uk,United Kingdom,2.0,University of Westminster,
hhla.de,unknown,1.0,0,
bbs-papenburg.eu,unknown,1.0,0,
rupert-egenberger-schule.de,unknown,1.0,0,
merath.com,unknown,1.0,0,
cfbtranslations.com,unknown,1.0,0,
4stone.de,unknown,1.0,0,
tomschaepper.net,unknown,1.0,0,
insfx.com,unknown,1.0,0,
haufe-lexware.com,unknown,1.0,0,
stengelin.org,unknown,1.0,0,
klasse2022.teachfirst.de,unknown,1.0,0,
acg.schule,unknown,1.0,0,
joergdegener.de,unknown,1.0,0,
newboxes.com,unknown,1.0,0,
kicker.de,unknown,1.0,0,
elbedesigncrew.de,unknown,1.0,0,
doit-akademie.de,unknown,1.0,0,
tr.bosch.com,unknown,1.0,0,
matrix-gmbh.de,unknown,1.0,0,
citti.de,unknown,1.0,0,
dfmg.de,unknown,1.0,0,
kanzlei-ertelt.de,unknown,1.0,0,
lindnerandreas.com,unknown,1.0,0,
parler-gymnasium.de,unknown,1.0,0,
oberschule-celle.eu,unknown,1.0,0,
lauf.de,unknown,1.0,0,
iat.tu-darmstadt.de,Germany,2.0,TU Darmstadt,
og-eschwege.de,unknown,1.0,0,
tanja-deuerling.com,unknown,1.0,0,
varisano.de,unknown,1.0,0,
badnjevic.eu,unknown,1.0,0,
accelerate-insight.com,unknown,1.0,0,
stud.bs-aarau.ch,unknown,1.0,0,
oeckl.com,unknown,1.0,0,
amag.ch,unknown,1.0,0,
shpik.org,unknown,1.0,0,
umwerk.com,unknown,1.0,0,
snipin.de,unknown,1.0,0,
commcom.de,unknown,1.0,0,
ivalue.de,unknown,1.0,0,
bundeskartellamt.bund.de,unknown,1.0,0,
3cons.de,unknown,1.0,0,
friseur-seel.de,unknown,1.0,0,
artop.de,unknown,1.0,0,
sueder.net,unknown,1.0,0,
zmi.de,unknown,1.0,0,
ilw.uni-stuttgart.de,Germany,2.0,Universität Stuttgart,
blz.bayern.de,unknown,1.0,0,
ge-we.de,unknown,1.0,0,
mariaberg.de,unknown,1.0,0,
vamc.gmbh,unknown,1.0,0,
sandra-hollenstein.at,unknown,1.0,0,
nordakademie.org,unknown,1.0,0,
geiri.eu,unknown,1.0,0,
vandenberg.com,unknown,1.0,0,
dieterwittig.de,unknown,1.0,0,
tomsit.de,unknown,1.0,0,
qm-team.de,unknown,1.0,0,
drooff.de,unknown,1.0,0,
coherent.com,unknown,1.0,0,
kaiser-karls-gymnasium.de,unknown,1.0,0,
schulewolfwil.ch,unknown,1.0,0,
holcim.com,unknown,1.0,0,
emil-mueller.ch,unknown,1.0,0,
nurfuerspam.de,unknown,0.0,0.0,
berlinrealities.com,unknown,1.0,0,
schule5.lernsax.de,unknown,1.0,0,
isme.ch,unknown,1.0,0,
osnabrueck.ihk.de,unknown,1.0,0,
conabo.de,unknown,1.0,0,
mayasolutions.de,unknown,1.0,0,
espeh.de,unknown,1.0,0,
visionaryconcepts.de,unknown,1.0,0,
possehl.de,unknown,1.0,0,
unavarra.es,Spain,2.0,Universidad Pública de Navarra,
c-kosian.de,unknown,1.0,0,
partnerteams.de,unknown,1.0,0,
redml.de,unknown,1.0,0,
gerresheimer.com,unknown,1.0,0,
arclaser.de,unknown,1.0,0,
molit.eu,unknown,1.0,0,
iplusm.berlin,unknown,1.0,0,
rsb.bayern,unknown,1.0,0,
menschen-net.de,unknown,1.0,0,
tridonic.com,unknown,1.0,0,
buettnermail.com,unknown,1.0,0,
juliaritter.com,unknown,1.0,0,
leitner.earth,unknown,1.0,0,
rudolf-schlosser.de,unknown,1.0,0,
hildenbrandt.net,unknown,1.0,0,
alexsite.de,unknown,1.0,0,
bergdesign.de,unknown,1.0,0,
stud.ubbcluj.ro,Romania,2.0,Babes-Bolyai University of Cluj-Napoca,
ringmetall.de,unknown,1.0,0,
edv-service-germany.de,unknown,1.0,0,
haselsberger.at,unknown,1.0,0,
die-etagen.de,unknown,1.0,0,
i-rado.com,unknown,1.0,0,
dasprinzip.de,unknown,1.0,0,
medventi.com,unknown,1.0,0,
arnold-gymnasium.de,unknown,1.0,0,
ibsolution.com,unknown,1.0,0,
smf.de,unknown,1.0,0,
biofabrik.com,unknown,1.0,0,
personet.de,unknown,1.0,0,
educationfuture.de,unknown,1.0,0,
janfiess.com,unknown,1.0,0,
usu.ac.id,Indonesia,2.0,Universitas Sumatera Utara,
bergmeister.eu,unknown,1.0,0,
kosmetik-annawadowski.de,unknown,1.0,0,
kultur123ruesselsheim.de,unknown,1.0,0,
ledderwerkstaetten.de,unknown,1.0,0,
sonnenmoser.eu,unknown,1.0,0,
ondrin.de,unknown,1.0,0,
waldjugend.de,unknown,1.0,0,
ontochem.com,unknown,1.0,0,
aiolo.ch,unknown,1.0,0,
sesxe.com,unknown,1.0,0,
eikelmann.online,unknown,1.0,0,
agateno.com,unknown,1.0,0,
utwoko.com,unknown,1.0,0,
schmitt-seifert.de,unknown,1.0,0,
klinksiek.com,unknown,1.0,0,
prewitec.de,unknown,1.0,0,
hoch3technik.de,unknown,1.0,0,
thorstenlessing.de,unknown,1.0,0,
wildfoerster.org,unknown,1.0,0,
posch.net,unknown,1.0,0,
bewirken.org,unknown,1.0,0,
glpg.com,unknown,1.0,0,
dwersteg.com,unknown,1.0,0,
teb-eu.eu,unknown,1.0,0,
pferd.com,unknown,1.0,0,
kord.as,unknown,1.0,0,
bbw-muenchen.de,unknown,1.0,0,
zag.zh.ch,unknown,1.0,0,
nmc.be,unknown,1.0,0,
fuehrungsakademie.bwl.de,unknown,1.0,0,
wolfinger.biz,unknown,1.0,0,
helmbund-schule.de,unknown,1.0,0,
ungewickel.com,unknown,1.0,0,
wbs-schulen.de,unknown,1.0,0,
psykologi.uio.no,Norway,2.0,University of Oslo,
birtezellentin.de,unknown,1.0,0,
schmidt-clemens.de,unknown,1.0,0,
merkur-verlag.de,unknown,1.0,0,
bilfinger.com,unknown,1.0,0,
bzovelten.de,unknown,1.0,0,
riederle-praeger.de,unknown,1.0,0,
cnr.it,unknown,1.0,0,
oberlinhaus.de,unknown,1.0,0,
physik.uni-kassel.de,Germany,2.0,Universität Kassel,
uk-gm.de,unknown,1.0,0,
cosmoconsult.com,unknown,1.0,0,
vhv.de,unknown,1.0,0,
suchthilfe-ost.ch,unknown,1.0,0,
gamma-achim.de,unknown,1.0,0,
westermanngruppe.de,unknown,1.0,0,
mathematik.uni-kassel.de,Germany,2.0,Universität Kassel,
wunschkonzert-medien.de,unknown,1.0,0,
hugo-schule.de,unknown,1.0,0,
senjustv.berlin.de,unknown,1.0,0,
baum-leer.de,unknown,1.0,0,
dvs-huber.de,unknown,1.0,0,
lead.berlin,unknown,1.0,0,
eurotriade.com,unknown,1.0,0,
lvdm-nrw.de,unknown,1.0,0,
jugendschutz.net,unknown,1.0,0,
spiegel.de,unknown,1.0,0,
mulvany-berufskolleg.de,unknown,1.0,0,
activbilanz.de,unknown,1.0,0,
franziska-toth.de,unknown,1.0,0,
fachlehrer.org,unknown,1.0,0,
pixelpec.de,unknown,1.0,0,
evkb.de,unknown,1.0,0,
ebnermedia.de,unknown,1.0,0,
antonianum.de,unknown,1.0,0,
bs-an.de,unknown,1.0,0,
impulswirkstatt.de,unknown,1.0,0,
papierzentrum.org,unknown,1.0,0,
sprechrun.de,unknown,1.0,0,
sjaros.ch,unknown,1.0,0,
koeppe-family.de,unknown,1.0,0,
scheppeit.info,unknown,1.0,0,
its-stuttgart.de,unknown,1.0,0,
maassconsulting.de,unknown,1.0,0,
bk-duisdorf.de,unknown,1.0,0,
primusschule-viersen.de,unknown,1.0,0,
caritas-bamberg.de,unknown,1.0,0,
kevinbaum.de,unknown,1.0,0,
zum-rosenberg.de,unknown,1.0,0,
hegaudata.de,unknown,1.0,0,
lip6.fr,unknown,1.0,0,
coolit.de,unknown,1.0,0,
newelements.de,unknown,1.0,0,
nitrofly.de,unknown,1.0,0,
sperlich.us,unknown,1.0,0,
your-right-move.de,unknown,1.0,0,
eksgv.nrw.schule,unknown,1.0,0,
evbg.de,unknown,1.0,0,
pechart.de,unknown,1.0,0,
baetz.zone,unknown,1.0,0,
it-system-support.com,unknown,1.0,0,
markenschaerfung.de,unknown,1.0,0,
anne-neuroth.de,unknown,1.0,0,
iqb.hu-berlin.de,Germany,2.0,HU Berlin,
m-pommeranz.de,unknown,1.0,0,
stettenfelsschule.de,unknown,1.0,0,
muschaweck.ch,unknown,1.0,0,
fitso.de,unknown,1.0,0,
kleintges.de,unknown,1.0,0,
ge-is.de,unknown,1.0,0,
psut.edu.jo,Jordan,2.0,Princess Sumaya University for Technology,
ge-weierheide.schulserver.de,unknown,1.0,0,
krieko.de,unknown,1.0,0,
lfv-bgld.at,unknown,1.0,0,
brillenstudio-hoopmann.de,unknown,1.0,0,
bg-seekirchen.at,unknown,1.0,0,
frankbieser.consulting,unknown,1.0,0,
lenks.de,unknown,1.0,0,
noemedia.at,unknown,1.0,0,
wiko-greifswald.de,unknown,1.0,0,
theologie.uni-goettingen.de,Germany,2.0,Universität Göttingen,
fli.de,unknown,1.0,0,
pestalozzi-os.de,unknown,1.0,0,
tonsern.at,unknown,1.0,0,
wolterskluwer.com,unknown,1.0,0,
ojj0072.com,unknown,1.0,0,
vol.at,unknown,1.0,0,
2bsafe.de,unknown,1.0,0,
mls-legal.de,unknown,1.0,0,
personalkampagne.de,unknown,1.0,0,
bitsero.eu,unknown,1.0,0,
berlin-kolleg.eu,unknown,1.0,0,
roseliebs.de,Germany,2.0,EBS U für Wirtschaft und Recht,
traiectum.ch,unknown,1.0,0,
sz.de,unknown,1.0,0,
hr-reichelt.de,unknown,1.0,0,
icscontec.com,unknown,1.0,0,
carolinenschule.de,unknown,1.0,0,
owg-berlin.de,unknown,1.0,0,
rhein-gymnasium.de,unknown,1.0,0,
aleeas.com,unknown,1.0,0,
gif-activevent.com,unknown,1.0,0,
aws-institut.de,unknown,1.0,0,
natur.cuni.cz,Czech Republic,2.0,Charles University Prague,
median-kliniken.de,unknown,1.0,0,
gfrison.com,unknown,1.0,0,
mazen.de,unknown,1.0,0,
proxsie.de,unknown,1.0,0,
hiof.no,unknown,1.0,0,
agentur-bildung.de,unknown,1.0,0,
andeman.de,unknown,1.0,0,
makingbetter.de,unknown,1.0,0,
herrmayr.de,unknown,1.0,0,
diakonie-os.de,unknown,1.0,0,
eka.alsterdorf.de,unknown,1.0,0,
tyrueckauer.de,unknown,1.0,0,
igsschaumburg.de,unknown,1.0,0,
alvisani.com,unknown,1.0,0,
giessen.de,unknown,1.0,0,
db-a.de,unknown,1.0,0,
mitz-merseburg.de,unknown,1.0,0,
calliope.cc,unknown,1.0,0,
student.tue.nl,Netherlands,2.0,Eindhoven University of Technology,
momentum4u.ch,unknown,1.0,0,
apilani.de,unknown,1.0,0,
barthmann.de,unknown,1.0,0,
rouxit.de,unknown,1.0,0,
flatland.info,unknown,1.0,0,
dieffenbacher.de,unknown,1.0,0,
sg-schleswig.landsh.de,unknown,1.0,0,
pkv-institut.de,unknown,1.0,0,
dontsp.am,unknown,1.0,0,
sogang.ac.kr,"Korea, Republic of",2.0,Sogang University,
dumont.de,unknown,1.0,0,
nierenzentrum-bonn.de,unknown,1.0,0,
herr-zimmerer.de,unknown,1.0,0,
sw-stein.de,unknown,1.0,0,
hrcm.at,unknown,1.0,0,
familieotto.de,unknown,1.0,0,
lexxion.eu,unknown,1.0,0,
montana-energie.de,unknown,1.0,0,
camao.one,unknown,1.0,0,
afgmail.de,0,0.0,0.0,
gautzsch.de,unknown,1.0,0,
jtk-duesseldorf.de,unknown,1.0,0,
luvosys.de,unknown,1.0,0,
zadata.de,unknown,1.0,0,
medizinicum.de,unknown,1.0,0,
magspam.net,unknown,1.0,0,
hms.se,unknown,1.0,0,
korbip.de,unknown,1.0,0,
bosch-health-campus.com,unknown,1.0,0,
cyopz.de,unknown,1.0,0,
stier.li,unknown,1.0,0,
phsz.ch,Switzerland,2.0,PHSZ - University of Teacher Education Schwyz,
mvtec.com,unknown,1.0,0,
paritaet.org,unknown,1.0,0,
zbock.com,unknown,1.0,0,
gravel.de,unknown,1.0,0,
validatis.de,unknown,1.0,0,
famnit.upr.si,Slovenia,2.0,University of Primorska,
educa.madrid.org,unknown,1.0,0,
intersections.ch,unknown,1.0,0,
dena.de,unknown,1.0,0,
carstenbuchwald.de,unknown,1.0,0,
hochguertel.eu,unknown,1.0,0,
atares.team,unknown,1.0,0,
stefancoors.de,unknown,1.0,0,
typotext.de,unknown,1.0,0,
mvtat.tu-freiberg.de,Germany,2.0,TU Bergakademie Freiberg,
brauchle.net,unknown,1.0,0,
cbaumgarth.net,unknown,1.0,0,
uninorte.edu.co,Colombia,2.0,Universidad del Norte,
brgorg15.at,unknown,1.0,0,
neuropraxis-elias.de,unknown,1.0,0,
htl-kaindorf.at,unknown,1.0,0,
next-level-experts.com,unknown,1.0,0,
nazmy.de,unknown,1.0,0,
polts.de,unknown,1.0,0,
integratedconsulting.eu,unknown,1.0,0,
cross-comm.net,unknown,1.0,0,
hcog.de,unknown,1.0,0,
eberhardschnebel.de,unknown,1.0,0,
sebastian-ottmann.de,unknown,1.0,0,
mbs.de,unknown,1.0,0,
tormo-romero.eu,unknown,1.0,0,
stk.landsh.de,unknown,1.0,0,
uplfra.de,unknown,1.0,0,
tantive.gmbh,unknown,1.0,0,
cunningham.de,unknown,1.0,0,
nicoimer.com,unknown,1.0,0,
kaftee.com,unknown,1.0,0,
steloj.de,unknown,1.0,0,
rheingauschule.de,unknown,1.0,0,
wielandt.com,unknown,1.0,0,
kern.coach,unknown,1.0,0,
guntherschulz.de,unknown,1.0,0,
langenhahn-detlev.de,unknown,1.0,0,
yahoo.de,unknown,0.0,0.0,
muenchen-mail.de,0,0.0,0.0,
science-space.de,unknown,1.0,0,
gipsa-lab.fr,unknown,1.0,0,
fieom.de,unknown,1.0,0,
fsgrue.de,unknown,1.0,0,
skf-koeln.de,unknown,1.0,0,
bat.com,unknown,1.0,0,
dma-ums.de,unknown,1.0,0,
ajuma.eu,unknown,1.0,0,
isento.de,unknown,1.0,0,
unitir.edu.al,Albania,2.0,University of Tirana,
allianz.de,unknown,1.0,0,
postfuturum.ch,unknown,1.0,0,
nebelthau-gymnasium.de,unknown,1.0,0,
hh.de,unknown,1.0,0,
ferdinand-steinbeis-institut.de,unknown,1.0,0,
bosch.com,unknown,1.0,0,
schledde.de,unknown,1.0,0,
susanneganz.com,unknown,1.0,0,
ritterhude.de,unknown,1.0,0,
oxcomm.com,unknown,1.0,0,
famtrier.de,unknown,1.0,0,
kgsschwarmstedt.de,unknown,1.0,0,
faps.fau.de,Germany,2.0,Universität Erlangen-Nürnberg,
swisslife-select.de,unknown,1.0,0,
mirafoto.com,unknown,1.0,0,
decentrale.co,unknown,1.0,0,
tng.de,unknown,1.0,0,
suska.de,unknown,1.0,0,
schmidtsv.de,unknown,1.0,0,
z-b-b.de,unknown,1.0,0,
landata.de,unknown,1.0,0,
free.fr,unknown,0.0,0.0,
degenhardt-consult.de,unknown,1.0,0,
wp-rengel.de,unknown,1.0,0,
huber.de,unknown,1.0,0,
60grad.de,unknown,1.0,0,
venatorcorp.com,unknown,1.0,0,
gsq.nrw.schule,unknown,1.0,0,
relx.com,unknown,1.0,0,
germanynet.de,unknown,1.0,0,
in.tum.de,Germany,2.0,TU München,
lowago.com,unknown,1.0,0,
suerbier.de,unknown,1.0,0,
lukasch-web.de,0,0.0,0.0,
eeb-nordrhein.de,unknown,1.0,0,
hanse-parlament.eu,unknown,1.0,0,
hanseatische-beratung.eu,unknown,1.0,0,
profilwerkstatt.de,unknown,1.0,0,
hvdgmbh.com,unknown,1.0,0,
mediendozent.de,unknown,1.0,0,
oliver-wolff.de,0,0.0,0.0,
dziarski.de,unknown,1.0,0,
lpf-ing.de,unknown,1.0,0,
gmshorgenzell.de,unknown,1.0,0,
139.com,unknown,0.0,0.0,
st-un.de,unknown,1.0,0,
fum67.de,unknown,1.0,0,
eaton.com,unknown,1.0,0,
adon.li,unknown,1.0,0,
ls-medizinmanagement.de,unknown,1.0,0,
marliesundstefan.de,unknown,1.0,0,
graziadei.de,unknown,1.0,0,
ctopic.de,unknown,1.0,0,
raytheon.com,unknown,1.0,0,
thg-heilbronn.de,unknown,1.0,0,
entwicklungszeit.de,unknown,1.0,0,
juger.de,unknown,1.0,0,
tecum.org,unknown,1.0,0,
kkow.at,unknown,1.0,0,
ibtr.digital,unknown,1.0,0,
voiceofafrika.de,unknown,1.0,0,
bolz-net.de,unknown,1.0,0,
msm.digital,unknown,1.0,0,
weissenbergs.de,unknown,1.0,0,
ishafoundation.org,unknown,1.0,0,
innio.com,unknown,1.0,0,
torric.com,unknown,1.0,0,
iserv-gis.de,unknown,1.0,0,
bernd-wiest.de,unknown,1.0,0,
boushmelev.de,unknown,1.0,0,
henkelpatent.com,unknown,1.0,0,
ndr.de,unknown,1.0,0,
fkg-wuerzburg.de,unknown,1.0,0,
mrhold.ch,unknown,1.0,0,
gaam.lu,unknown,1.0,0,
twinner.com,unknown,1.0,0,
juergenpeter.com,unknown,1.0,0,
haudeck.eu,unknown,1.0,0,
celisto.de,unknown,1.0,0,
magdeburg.ihk.de,unknown,1.0,0,
commend.com,unknown,1.0,0,
mfa.no,unknown,1.0,0,
lieven-enterprises.de,unknown,1.0,0,
schlaghecke.eu,unknown,1.0,0,
live.it,unknown,0.0,0.0,
csg-germering.de,unknown,1.0,0,
leue-home.de,unknown,1.0,0,
sh.gvw.com,unknown,1.0,0,
sesamestreet.franken.de,unknown,1.0,0,
i3-ps.de,unknown,1.0,0,
weyhe.de,unknown,1.0,0,
gaia.de,unknown,1.0,0,
peterbraun.de,unknown,1.0,0,
juergenbrand.de,unknown,1.0,0,
tongji.edu.cn,China,2.0,Tongji University,
ziebarth-net.de,unknown,1.0,0,
furger-seminare.ch,unknown,1.0,0,
st-angela-schule.de,unknown,1.0,0,
ursula-krebs.de,Germany,2.0,EBS U für Wirtschaft und Recht,
sellhorn-timm.de,unknown,1.0,0,
gymnasium-papenburg.de,unknown,1.0,0,
hilker-consulting.de,unknown,1.0,0,
neometa.de,unknown,1.0,0,
emilfischerschule.de,unknown,1.0,0,
mechatronixs.com,unknown,1.0,0,
wunderfilm.de,unknown,1.0,0,
loeloff.de,unknown,1.0,0,
alfred-jaeger.de,unknown,1.0,0,
lamkewitz.de,unknown,1.0,0,
graf-neustadt.de,unknown,1.0,0,
adpd.de,unknown,1.0,0,
polyquant.com,unknown,1.0,0,
efficon.eu,unknown,1.0,0,
ksrb.ch,unknown,1.0,0,
vidal-hannover.de,unknown,1.0,0,
hahnenfurth.de,unknown,1.0,0,
michaelstorz.com,unknown,1.0,0,
landesmuseum-stuttgart.de,unknown,1.0,0,
freiraum-erlebnis.de,unknown,1.0,0,
lessing-gymnasium.eu,unknown,1.0,0,
vodafone.com,unknown,1.0,0,
nadja-nonn.de,unknown,1.0,0,
ksh.ch,unknown,1.0,0,
striebel.com,unknown,1.0,0,
yovisto.com,unknown,1.0,0,
j-burghardt.de,unknown,1.0,0,
1und1.net,unknown,1.0,0,
wfs.saxony.de,unknown,1.0,0,
technikerschule-berlin.de,unknown,1.0,0,
hugos.anonaddy.com,unknown,1.0,0,
lanjus.at,unknown,1.0,0,
zilleschule.lernsax.de,unknown,1.0,0,
jlms-kf.de,unknown,1.0,0,
ip.mpg.de,unknown,1.0,0,
idmp.uni-hannover.de,Germany,2.0,Universität Hannover,
dsv-saaten.de,unknown,1.0,0,
dekor8.de,unknown,1.0,0,
klaus-reich.net,unknown,1.0,0,
sbsz-bamberg.de,unknown,1.0,0,
yo-change.de,unknown,1.0,0,
signal-iduna.de,unknown,1.0,0,
vsz.be,unknown,1.0,0,
kimbjoernbecker.com,unknown,1.0,0,
geschejaeger.de,unknown,1.0,0,
jeffgreen.com,unknown,1.0,0,
ismll.de,unknown,1.0,0,
halle.de,unknown,1.0,0,
medwing.com,unknown,1.0,0,
esg.nrw.schule,unknown,1.0,0,
ru.uni-kl.de,Germany,2.0,TU Kaiserslautern,
golo-maichel.de,unknown,1.0,0,
digital-lotse.net,unknown,1.0,0,
setec.at,unknown,1.0,0,
andreashusch.de,unknown,1.0,0,
schmeing.online,unknown,1.0,0,
gymnasium-marktbreit.de,unknown,1.0,0,
simongerth.de,unknown,1.0,0,
wiltsche.at,unknown,1.0,0,
kreis-saarlouis.de,unknown,1.0,0,
aims-cameroon.org,unknown,1.0,0,
stadt.wuerzburg.de,unknown,1.0,0,
softwarecampus.de,unknown,1.0,0,
omg-neufahrn.de,unknown,1.0,0,
van-laar.de,unknown,1.0,0,
netrix.ch,unknown,1.0,0,
studseminar.onmicrosoft.com,unknown,1.0,0,
bvib.de,unknown,1.0,0,
xapling.de,unknown,1.0,0,
schuelke.com,unknown,1.0,0,
gettingthere-consulting.com,unknown,1.0,0,
halle.ihk.de,unknown,1.0,0,
noeding.org,unknown,1.0,0,
stiftunglesen.de,unknown,1.0,0,
ilb.de,unknown,1.0,0,
anja-hadenfeldt.de,unknown,1.0,0,
zeb.de,unknown,1.0,0,
brettingen.com,unknown,1.0,0,
zinzendorfschule.de,unknown,1.0,0,
christian-bogner.de,unknown,1.0,0,
morys.net,unknown,1.0,0,
heorot.de,unknown,1.0,0,
slg-ahrensburg.org,unknown,1.0,0,
noahfarr.com,unknown,1.0,0,
playful-insights.de,unknown,1.0,0,
e-mobilbw.de,unknown,1.0,0,
goalcast.com,unknown,1.0,0,
wilhelmshilfe.de,unknown,1.0,0,
apaleo.com,unknown,1.0,0,
sbs-bahlingen.de,unknown,1.0,0,
woida.art,unknown,1.0,0,
burghold.org,unknown,1.0,0,
lionstep.com,unknown,1.0,0,
agrimas.de,unknown,1.0,0,
kepi-reutlingen.de,unknown,1.0,0,
mdk.org,unknown,1.0,0,
afra.lernsax.de,unknown,1.0,0,
rudolf-strauss.com,unknown,1.0,0,
elfering-marl.de,unknown,1.0,0,
mbda-systems.de,unknown,1.0,0,
berufsschule-schwalmstadt.de,unknown,1.0,0,
apemh.lu,unknown,1.0,0,
linkka.de,unknown,1.0,0,
apextoolgroup.com,unknown,1.0,0,
objectmind.de,unknown,1.0,0,
willibald-gymnasium.de,unknown,1.0,0,
circular-structural-design.eu,unknown,1.0,0,
minimalfrugal.com,unknown,1.0,0,
iwf.tu-berlin.de,Germany,2.0,TU Berlin,
h-l-g.net,unknown,1.0,0,
schlegel-online.info,unknown,1.0,0,
tu.ac.kr,unknown,1.0,0,
zukunftsblick.ch,unknown,1.0,0,
gymnasium-parsberg.de,unknown,1.0,0,
nasumi.net,unknown,1.0,0,
brenke.de,unknown,1.0,0,
sicheresvorarlberg.at,unknown,1.0,0,
gukom.de,unknown,1.0,0,
bbs-beratung.de,unknown,1.0,0,
csbg.de,unknown,1.0,0,
grenoble-inp.org,unknown,1.0,0,
trooh.biz,unknown,1.0,0,
energieforen.de,unknown,1.0,0,
suco.de,unknown,1.0,0,
denkfamilie.de,unknown,1.0,0,
goestenmeier.de,unknown,1.0,0,
gibsy.de,unknown,1.0,0,
eie.ruh.ac.lk,Sri Lanka,2.0,University of Ruhuna,
bzr.ch,unknown,1.0,0,
sam-eu.com,unknown,1.0,0,
pauerweb.de,0,0.0,0.0,
inode.at,unknown,1.0,0,
modulor-logistik.de,unknown,1.0,0,
medinger.de,unknown,1.0,0,
use.startmail.com,unknown,1.0,0,
kienitz.email,unknown,1.0,0,
tmu.de,unknown,1.0,0,
pradhan.de,unknown,1.0,0,
cais-research.de,unknown,1.0,0,
raumfaktur.de,unknown,1.0,0,
kircheundgesellschaft.de,unknown,1.0,0,
gegenwaerts.com,unknown,1.0,0,
code.berlin,Germany,2.0,CODE University,
mytopsolution.de,unknown,1.0,0,
hillwired.com,unknown,1.0,0,
dibiagio.de,unknown,1.0,0,
gmxpro.net,0,0.0,0.0,
ifis.uni-luebeck.de,Germany,2.0,Universität Lübeck,
alukon.de,unknown,1.0,0,
borkmann.name,unknown,1.0,0,
bcgbrighthouse.com,unknown,1.0,0,
arag.de,unknown,1.0,0,
danielconsult.com,unknown,1.0,0,
osreichenbrand.lernsax.de,unknown,1.0,0,
maucher-cnc-robotic.de,unknown,1.0,0,
sinus-bfk.de,unknown,1.0,0,
thuasne.de,unknown,1.0,0,
kaerntennetz.at,unknown,1.0,0,
schnellenbach.de,unknown,1.0,0,
ladadi.de,unknown,1.0,0,
fetahi.com,unknown,1.0,0,
dicaro-media.de,unknown,1.0,0,
kevinlinse.de,unknown,1.0,0,
svenjacobsen.de,unknown,1.0,0,
drk-bw.de,unknown,1.0,0,
de.gt.com,unknown,1.0,0,
ghg-cpschule.ch,unknown,1.0,0,
tesof.de,unknown,1.0,0,
christianscheb.de,unknown,1.0,0,
ddz.de,unknown,1.0,0,
schoierer.de,unknown,1.0,0,
fvsroesrath.net,unknown,1.0,0,
holgerveltrup.de,unknown,1.0,0,
hvk-bochum.de,unknown,1.0,0,
opentaskai.com,unknown,1.0,0,
sitepark.com,unknown,1.0,0,
wilhelmina.at,unknown,1.0,0,
wetek.de,unknown,1.0,0,
avodio.de,unknown,1.0,0,
reha-bedarf.com,unknown,1.0,0,
teacher.eursc.eu,unknown,1.0,0,
buhmann.schule,unknown,1.0,0,
familie-deutsch.de,unknown,1.0,0,
funkemedien.de,unknown,1.0,0,
mythoswolf.com,unknown,1.0,0,
kepler.lernsax.de,unknown,1.0,0,
tirtey.de,unknown,1.0,0,
vrs.de,unknown,1.0,0,
khoch3.de,unknown,1.0,0,
svenjakuhn.com,unknown,1.0,0,
lpirson.de,unknown,1.0,0,
fastmail.com,unknown,0.0,0.0,
hemmerich.org,unknown,1.0,0,
mct-dortmund.de,unknown,1.0,0,
herzebrock-clarholz.de,unknown,1.0,0,
realschule-trossingen.de,unknown,1.0,0,
ceppelin.de,unknown,1.0,0,
ilacon.de,unknown,1.0,0,
hypermedia-services.de,unknown,1.0,0,
helios-health.com,unknown,1.0,0,
limbicus-solutions.com,unknown,1.0,0,
sekzollikofen.ch,unknown,1.0,0,
di-uni.de,Germany,2.0,Dresden International University,
bierkaemper.de,unknown,1.0,0,
diebuerofrau.de,unknown,1.0,0,
rohde-schwarz.com,unknown,1.0,0,
phil.uni-augsburg.de,Germany,2.0,Universität Augsburg,
bugi.de,unknown,1.0,0,
green-excellence.de,unknown,1.0,0,
frind.de,unknown,1.0,0,
mueller-portal.de,unknown,1.0,0,
neuburg-schrobenhausen.de,unknown,1.0,0,
die-medienanstalten.de,unknown,1.0,0,
imt-atlantique.net,unknown,1.0,0,
prehn-bens.de,unknown,1.0,0,
leipzig-kolleg.lernsax.de,unknown,1.0,0,
vasciarelli.de,unknown,1.0,0,
thao-group.com,unknown,1.0,0,
datascientest.com,unknown,1.0,0,
icmpd.org,unknown,1.0,0,
reederei-frisia.de,unknown,1.0,0,
tietz.it,unknown,1.0,0,
schlotterer.at,unknown,1.0,0,
loewenstark.com,unknown,1.0,0,
eduki.com,unknown,1.0,0,
private-mailbox.com,unknown,1.0,0,
larland.com,unknown,1.0,0,
schule-allershausen.de,unknown,1.0,0,
uschi-sabine-harrer.com,unknown,1.0,0,
work-with-ease.eu,unknown,1.0,0,
steffibeck.com,unknown,1.0,0,
evscst.de,unknown,1.0,0,
movision.one,unknown,1.0,0,
seminar-stuttgart.de,unknown,1.0,0,
andersmacher.info,unknown,1.0,0,
eisen-home.de,unknown,1.0,0,
dirkhoefling.de,unknown,1.0,0,
plakomm.de,unknown,1.0,0,
cologne-intelligence.de,unknown,1.0,0,
johannes-silberer.de,unknown,1.0,0,
insa-lyon.fr,France,2.0,Institut National des Sciences Appliquées de Lyon,
gordana-uzelac.de,unknown,1.0,0,
warsitz.de,unknown,1.0,0,
siemens.com,unknown,1.0,0,
ms-feucht.de,unknown,1.0,0,
dr-rafi.de,unknown,1.0,0,
bbsii-kl.de,unknown,1.0,0,
gymnasium-konz.de,unknown,1.0,0,
stk.hamburg.de,unknown,1.0,0,
rsander-consulting.com,unknown,1.0,0,
ccaw-pr.de,unknown,1.0,0,
storz-bickel.com,unknown,1.0,0,
thiesmeyer.de,unknown,1.0,0,
autismuslink.ch,unknown,1.0,0,
eurobus.ch,unknown,1.0,0,
ecommerce.de,unknown,1.0,0,
faz-bm.de,unknown,1.0,0,
studioorange.de,unknown,1.0,0,
obermayr.com,unknown,1.0,0,
ralfw.de,unknown,1.0,0,
schreiber.de,unknown,1.0,0,
unitus.it,Italy,2.0,Viterbo State University,
math.tu-dortmund.de,Germany,2.0,TU Dortmund,
recongroup.at,unknown,1.0,0,
mikefischer.de,unknown,1.0,0,
versandzentrum.ch,unknown,1.0,0,
foerster-krause.de,unknown,1.0,0,
raa-mv.de,unknown,1.0,0,
sdw-consulting.de,unknown,1.0,0,
sparkasse-schwaz.at,unknown,1.0,0,
dasklanginstitut.org,unknown,1.0,0,
freundin.de,unknown,1.0,0,
rrooaarr.com,unknown,1.0,0,
easymailer.live,0,0.0,0.0,
infynace.com,unknown,1.0,0,
palmerhargreaves.com,unknown,1.0,0,
trg-ventures.com,unknown,1.0,0,
bigocean.de,unknown,1.0,0,
theissen.com,unknown,1.0,0,
feedly.email,unknown,1.0,0,
idiagnostics.eu,unknown,1.0,0,
klausarnold.de,unknown,1.0,0,
schulten.net,unknown,1.0,0,
insea.ac.ma,unknown,1.0,0,
gristau.de,unknown,1.0,0,
natur-und-computer.de,unknown,1.0,0,
student.uni-halle.de,Germany,2.0,Universität Halle,
kempf-net.de,unknown,1.0,0,
itk-engineering.de,unknown,1.0,0,
ct.de,unknown,1.0,0,
wienerlinien.at,unknown,1.0,0,
coaching-cottage.com,unknown,1.0,0,
uni-kassel.de,Germany,2.0,Universität Kassel,
dkb.de,unknown,1.0,0,
better-brand.de,unknown,1.0,0,
bertelsmann.de,unknown,1.0,0,
sagebiel.info,unknown,1.0,0,
illinois.edu,United States,2.0,University of Illinois Urbana-Champaign,
va-sarah.de,unknown,1.0,0,
dankeller.ch,unknown,1.0,0,
rotaryjazz.com,unknown,1.0,0,
geuer-pollmann.de,unknown,1.0,0,
iom-leipzig.de,unknown,1.0,0,
kommunalwirtschaft.eu,unknown,1.0,0,
nmseggenburg.ac.at,unknown,1.0,0,
schlickum.de,unknown,1.0,0,
laboraid.de,unknown,1.0,0,
cocoschool.in,unknown,1.0,0,
tag-ag.com,unknown,1.0,0,
duke24.com,unknown,1.0,0,
in27.de,unknown,1.0,0,
two-i.fr,unknown,1.0,0,
v3d.de,unknown,1.0,0,
leichlingen.de,unknown,1.0,0,
afsta.karlsruhe.de,unknown,1.0,0,
ibb-mail.com,unknown,1.0,0,
aroundtown.de,unknown,1.0,0,
ores-automobile.de,unknown,1.0,0,
lde-sh.de,unknown,1.0,0,
yworks.com,unknown,1.0,0,
gawron.email,unknown,1.0,0,
docemus.de,unknown,1.0,0,
hest.ethz.ch,Switzerland,2.0,ETHZ - ETH Zurich,
inspirative.de,unknown,1.0,0,
rsamkattenberge.de,unknown,1.0,0,
hak-althofen.at,unknown,1.0,0,
leoninestudios.com,unknown,1.0,0,
creative360.de,unknown,1.0,0,
stefamon.de,unknown,1.0,0,
vonheiss.de,unknown,1.0,0,
wanted-pictures.com,unknown,1.0,0,
whitiesoft.de,unknown,1.0,0,
c-g-w.net,unknown,1.0,0,
hacktheplanet.de,unknown,1.0,0,
noicrew.com,unknown,1.0,0,
gym-wst.eu,unknown,1.0,0,
charlottenburg-wilmersdorf.de,unknown,1.0,0,
dingtec.de,unknown,1.0,0,
jugendkunstschulemagdeburg.de,unknown,1.0,0,
bk-dh.de,unknown,1.0,0,
htldornbirn.at,unknown,1.0,0,
mehrwertschafferin.de,unknown,1.0,0,
konradin.de,unknown,1.0,0,
schulzentrum-stralendorf.de,unknown,1.0,0,
vemaregio.de,unknown,1.0,0,
htl-rankweil.at,unknown,1.0,0,
nwzmedien.de,unknown,1.0,0,
bbs3stade.de,unknown,1.0,0,
mclgermany.onmicrosoft.com,unknown,1.0,0,
strobel-design.de,unknown,1.0,0,
wirnet.de,unknown,1.0,0,
cyberfitness.de,unknown,1.0,0,
agis-pb.de,unknown,1.0,0,
restless-compass.de,unknown,1.0,0,
snowlash.com,unknown,1.0,0,
as-consultancy.de,unknown,1.0,0,
wir-baechles.de,unknown,1.0,0,
zwilling.com,unknown,1.0,0,
sven-ademi.de,unknown,1.0,0,
aktivzentrum-speyer.com,unknown,1.0,0,
bzecom.de,unknown,1.0,0,
gaul05.de,unknown,1.0,0,
auctiora.com,unknown,1.0,0,
oliver-kirchner.de,0,0.0,0.0,
ginger.vision,unknown,1.0,0,
hagergroup.com,unknown,1.0,0,
school-international.de,unknown,1.0,0,
senwgpg.berlin.de,unknown,1.0,0,
ch-plus.de,unknown,1.0,0,
cordmedia.de,unknown,1.0,0,
ninaansari.com,unknown,1.0,0,
augenarzt-waldkirch.de,unknown,1.0,0,
lausen.de,unknown,1.0,0,
alice.de,unknown,1.0,0,
besitec.com,unknown,1.0,0,
kadisch-und-partner.de,unknown,1.0,0,
stern-wywiol-gruppe.de,unknown,1.0,0,
christianiltner.de,unknown,1.0,0,
muschler.de,unknown,1.0,0,
addadwise.com,unknown,1.0,0,
radiologen-konstanz.de,unknown,1.0,0,
linklaters.com,unknown,1.0,0,
irz.uni-hannover.de,Germany,2.0,Universität Hannover,
bmuv.bund.de,unknown,1.0,0,
adam-design.eu,unknown,1.0,0,
buholzer.de,unknown,1.0,0,
zuv.tu-freiberg.de,Germany,2.0,TU Bergakademie Freiberg,
cvjm-westbund.de,unknown,1.0,0,
hoyer.de,unknown,1.0,0,
hello-charles.com,unknown,1.0,0,
walla.com,unknown,1.0,0,
gws-rheinfelden.de,unknown,1.0,0,
flex-tools.com,unknown,1.0,0,
frau-adler.de,unknown,1.0,0,
hanova.de,unknown,1.0,0,
loxogon.de,unknown,1.0,0,
apa.at,unknown,1.0,0,
kempers.uk,unknown,1.0,0,
jwsuns.com,unknown,1.0,0,
gym-alstertal.de,unknown,1.0,0,
orberger.de,unknown,1.0,0,
edelramsch.com,unknown,1.0,0,
founderinvest.com,unknown,1.0,0,
tktk.ee,Estonia,2.0,University of Applied Sciences,
foldio.tech,unknown,1.0,0,
reffgen.de,unknown,1.0,0,
bman.ch,unknown,1.0,0,
stanga.net,unknown,1.0,0,
jaeger-it.de,unknown,1.0,0,
fette-compacting.com,unknown,1.0,0,
ken.ch,unknown,1.0,0,
servicecenter.de,unknown,1.0,0,
scorza.it,unknown,1.0,0,
csbme.de,unknown,1.0,0,
10minmail.de,0,0.0,0.0,
vsluzern.ch,unknown,1.0,0,
softed.de,unknown,1.0,0,
harbaum.org,unknown,1.0,0,
mycomm.ch,unknown,1.0,0,
hollesand.com,unknown,1.0,0,
bijankingly.com,unknown,1.0,0,
cas-bruehl.de,unknown,1.0,0,
miksch.at,unknown,1.0,0,
moreperform.de,unknown,1.0,0,
energiedienst.de,unknown,1.0,0,
libermi.com,unknown,1.0,0,
meisterlampe-und-freunde.de,unknown,1.0,0,
bcsmv.de,unknown,1.0,0,
von-ryssel.de,unknown,1.0,0,
kreis-euskirchen.de,unknown,1.0,0,
berlin-thinking.com,unknown,1.0,0,
kliniken-schmieder.de,unknown,1.0,0,
kskbb.de,unknown,1.0,0,
ratsgymnasium-row.eu,unknown,1.0,0,
kinglab.eu,unknown,1.0,0,
nestel.eu,unknown,1.0,0,
bio.uni-frankfurt.de,Germany,2.0,Universität Frankfurt,
bertrams.ch,unknown,1.0,0,
herderschule-giessen.de,unknown,1.0,0,
myplace.eu,unknown,1.0,0,
zfw.de,unknown,1.0,0,
planetinet.com,unknown,1.0,0,
visvisio.com,unknown,1.0,0,
nicolakellner.de,unknown,1.0,0,
ex-add.de,unknown,1.0,0,
kaiserin-friedrich.de,unknown,1.0,0,
gab-kiel.org,unknown,1.0,0,
monstercode.com,unknown,1.0,0,
bws.ch,unknown,1.0,0,
immundiagnostik.com,unknown,1.0,0,
fraunhofer.at,unknown,1.0,0,
divalentin.de,unknown,1.0,0,
hochrad.de,unknown,1.0,0,
tep.ch,unknown,1.0,0,
jensen-partner.com,unknown,1.0,0,
bfi-ooe.at,unknown,1.0,0,
mindbiz-coaching.de,unknown,1.0,0,
medinfoweb.de,0,0.0,0.0,
nds.de,unknown,1.0,0,
stegmannsystems.com,unknown,1.0,0,
consulterie.com,unknown,1.0,0,
rfks.com,unknown,1.0,0,
gibb.ch,unknown,1.0,0,
conrad.de,unknown,1.0,0,
gs-st-johannis.de,unknown,1.0,0,
mergenthaler4.de,unknown,1.0,0,
weinschule-weinseminare.de,unknown,1.0,0,
gym-kapfenberg.at,unknown,1.0,0,
cmail.carleton.ca,Canada,2.0,Carleton University,
dto.fra-uas.de,unknown,1.0,0,
gymneufeld.ch,unknown,1.0,0,
casagustosa.de,unknown,1.0,0,
ohg-landau.info,unknown,1.0,0,
markentalent.de,unknown,1.0,0,
karrernet.at,unknown,1.0,0,
datazug.ch,unknown,1.0,0,
miuandes.cl,Chile,2.0,Universidad de Los Andes de Chile,
rjk-consult.de,unknown,1.0,0,
sprechturbo.at,unknown,1.0,0,
hyderabad.bits-pilani.ac.in,India,2.0,Birla Institute of Technology and Science,
tanjafeuerherz.de,unknown,1.0,0,
shenkar.ac.il,Israel,2.0,Shenkar School of Engineering & Design,
gymvoh.de,unknown,1.0,0,
jasker.de,unknown,1.0,0,
ms.hitzendorf.at,unknown,1.0,0,
mh-gmbh.de,unknown,1.0,0,
dreilinden-gymnasium.de,unknown,1.0,0,
burgdorf.de,unknown,1.0,0,
taschenkinder.de,unknown,1.0,0,
omexom.com,unknown,1.0,0,
bs1in.de,unknown,1.0,0,
roeber.net,unknown,1.0,0,
lernende.schule-mewo.ch,unknown,1.0,0,
dj-thor.com,unknown,1.0,0,
arbeitundleben.de,unknown,1.0,0,
minofangle.org,unknown,1.0,0,
okcin-net.biz,unknown,1.0,0,
offenburg.de,unknown,1.0,0,
friebelab.org,unknown,1.0,0,
buennagel.de,unknown,1.0,0,
osz-teltow.de,unknown,1.0,0,
schlicht-gestalten.de,unknown,1.0,0,
webbosaurus.de,unknown,1.0,0,
thorsten-diekhof.de,unknown,1.0,0,
boldandepic.com,unknown,1.0,0,
carmen-schreiber.com,unknown,1.0,0,
gpb.de,unknown,1.0,0,
pinienmedia.de,unknown,1.0,0,
wirsindverstaerker.de,unknown,1.0,0,
izi-bb.fraunhofer.de,unknown,1.0,0,
kennametal.com,unknown,1.0,0,
fps-law.de,unknown,1.0,0,
clasen.ch,unknown,1.0,0,
litzlbauer.at,unknown,1.0,0,
drsneuwied.de,unknown,1.0,0,
werkom.de,unknown,1.0,0,
breezing-creations.de,unknown,1.0,0,
dupr.at,unknown,1.0,0,
yahoo.com.tr,unknown,0.0,0.0,
controlup.com,unknown,1.0,0,
wiberry.de,unknown,1.0,0,
holzrichter-berlin.com,unknown,1.0,0,
venenzentrum-saarlouis.de,unknown,1.0,0,
kofahl.de,unknown,1.0,0,
bew-bocholt.de,unknown,1.0,0,
fettabernett.de,unknown,0.0,0.0,
pauly.ws,unknown,1.0,0,
ibms.at,unknown,1.0,0,
gauselmann.de,unknown,1.0,0,
arbeit-und-leben.de,unknown,1.0,0,
gesamtschule-huerth.de,unknown,1.0,0,
schroeder-familia.de,unknown,1.0,0,
janoschkorell.eu,unknown,1.0,0,
sinostar.at,unknown,1.0,0,
serve-in.de,unknown,1.0,0,
comfusion.de,unknown,1.0,0,
tagore-gymnasium.de,unknown,1.0,0,
vzbv.de,unknown,1.0,0,
oowv.de,unknown,1.0,0,
monbro.de,unknown,1.0,0,
hartenthaler.de,unknown,1.0,0,
lfdw-hamburg.de,unknown,1.0,0,
skc.de,unknown,1.0,0,
degussa-bank.de,unknown,1.0,0,
schoebelmedia.de,unknown,1.0,0,
simone-ariane.com,unknown,1.0,0,
medicos-aufschalke.de,unknown,1.0,0,
fischerwelver.de,unknown,1.0,0,
dorny.de,unknown,1.0,0,
bzhk.hamburg.de,unknown,1.0,0,
unesco.org,unknown,1.0,0,
kvachan.com,unknown,1.0,0,
gilberto-giardini.com,unknown,1.0,0,
bpa.bund.de,unknown,1.0,0,
qplusc.de,unknown,1.0,0,
wertschaffer.ch,unknown,1.0,0,
hepschule-sha.de,unknown,1.0,0,
laube.net,unknown,1.0,0,
hoffmanngmbh.com,unknown,1.0,0,
select-gmbh.de,unknown,1.0,0,
macnews.de,unknown,1.0,0,
heikowaldmueller.de,unknown,1.0,0,
schule-ooe.at,unknown,1.0,0,
sdzuj.de,unknown,1.0,0,
lufi.uni-hannover.de,Germany,2.0,Universität Hannover,
klett-bildung.de,unknown,1.0,0,
xintec.de,unknown,1.0,0,
riesenklein.com,unknown,1.0,0,
lehfeldt-nahe.de,unknown,1.0,0,
webhikers.at,unknown,1.0,0,
studio2b.de,unknown,1.0,0,
br-automation.com,unknown,1.0,0,
polyclip.de,unknown,1.0,0,
hellmich-backwelt.de,unknown,1.0,0,
petra-homeier.de,unknown,1.0,0,
prof-koch.com,unknown,1.0,0,
baloise.com,unknown,1.0,0,
adits.de,unknown,1.0,0,
zikg.eu,unknown,1.0,0,
agilita.ch,unknown,1.0,0,
steffiloos.de,unknown,1.0,0,
solidsol.de,unknown,1.0,0,
testo.de,unknown,1.0,0,
axa.de,unknown,1.0,0,
investintrust.de,unknown,1.0,0,
jchanke.de,unknown,1.0,0,
bzgbs.ch,unknown,1.0,0,
finbridge.de,unknown,1.0,0,
uio.no,Norway,2.0,University of Oslo,
cmo-it.de,unknown,1.0,0,
merle-weidemann.de,unknown,1.0,0,
rolfs.de,unknown,1.0,0,
eng-its.de,unknown,1.0,0,
drnemeth.de,unknown,1.0,0,
lisa-mueller.com,unknown,1.0,0,
dr-heiderhoff.de,unknown,1.0,0,
dinkels.de,unknown,1.0,0,
ethikderki.de,unknown,1.0,0,
patricia-boehmer.de,unknown,1.0,0,
jahnsandfriends.de,unknown,1.0,0,
ks1-vs.de,unknown,1.0,0,
articlett.de,unknown,1.0,0,
bdvb.de,unknown,1.0,0,
bildungsinnovator.com,unknown,1.0,0,
vonovia.de,unknown,1.0,0,
technetz-suedpfalz.de,unknown,1.0,0,
cebra-bramsche.de,unknown,1.0,0,
nathan-dreessen.de,unknown,1.0,0,
schoeffmann.com,unknown,1.0,0,
cutforfriends.com,unknown,1.0,0,
tobginski.com,unknown,1.0,0,
muell.io,unknown,1.0,0,
digims27.at,unknown,1.0,0,
kraus-weisert.de,unknown,1.0,0,
cewe.de,unknown,1.0,0,
thusnelda-gymnasium.de,unknown,1.0,0,
blgn.de,unknown,1.0,0,
westfalen-ev.de,unknown,1.0,0,
best-solutions.at,unknown,1.0,0,
themoellers.de,unknown,1.0,0,
rsaw.net,unknown,1.0,0,
bs-farbe.muenchen.musin.de,unknown,1.0,0,
stahl-stade.de,unknown,1.0,0,
mpc-capital.com,unknown,1.0,0,
zfl.uni-mainz.de,Germany,2.0,Universität Mainz,
sunzinet.com,unknown,1.0,0,
matthes-home.de,unknown,1.0,0,
lessing-ffm.net,unknown,1.0,0,
fafnir.de,unknown,1.0,0,
advandas.de,unknown,1.0,0,
br.nestle.com,unknown,1.0,0,
codemetas.de,unknown,1.0,0,
iovavum.com,unknown,1.0,0,
eterno.health,unknown,1.0,0,
henrikspohler.de,unknown,1.0,0,
stpse.de,unknown,1.0,0,
joseffson.de,unknown,1.0,0,
maria.business,unknown,1.0,0,
freelens.com,unknown,1.0,0,
remondis.de,unknown,1.0,0,
hedri.ch,unknown,1.0,0,
weberluenen.de,unknown,1.0,0,
very-and.media,unknown,1.0,0,
tussa-haus.de,unknown,1.0,0,
pfaffenberg.eu,unknown,1.0,0,
clean-aerodynamics.com,unknown,1.0,0,
gdekk.de,unknown,1.0,0,
iu-akademie.de,unknown,1.0,0,
joergkrause.de,unknown,1.0,0,
skole.hr,unknown,1.0,0,
protiviti.de,unknown,1.0,0,
commlab.de,unknown,1.0,0,
syscocon.de,unknown,1.0,0,
proestler-online.de,0,0.0,0.0,
4rudolf.de,unknown,1.0,0,
pronovis.de,unknown,1.0,0,
elkw.de,unknown,1.0,0,
zu.de,Germany,2.0,Zeppelin Universität Friedrichshafen,
dr-matalon.de,unknown,1.0,0,
wjg.nrw.schule,unknown,1.0,0,
stuttgart-airport.com,unknown,1.0,0,
frankmueller.info,unknown,1.0,0,
quantron.net,unknown,1.0,0,
heiss.ch,unknown,1.0,0,
moltke.de,unknown,1.0,0,
informatik.uni-hamburg.de,Germany,2.0,Universität Hamburg,
a-axiotis.de,unknown,1.0,0,
mybreev.com,unknown,1.0,0,
jobelmannschule.de,unknown,1.0,0,
metabor.de,unknown,1.0,0,
gsk.de,unknown,1.0,0,
coffee-bike.com,unknown,1.0,0,
helmholtz-berlin.de,unknown,1.0,0,
esg-guetersloh.de,unknown,1.0,0,
pandorafilm.com,unknown,1.0,0,
igh-hd.de,unknown,1.0,0,
horch-partner.de,unknown,1.0,0,
david-fischer.com,unknown,1.0,0,
runtax.de,unknown,1.0,0,
klinik.uni-regensburg.de,Germany,2.0,Universität Regensburg,
aireply.de,unknown,1.0,0,
plansee.com,unknown,1.0,0,
praxis-edv.de,unknown,1.0,0,
edubs.ch,unknown,1.0,0,
wika.com,unknown,1.0,0,
gruendungsberaterin.de,unknown,1.0,0,
himmelsbach-consulting.com,unknown,1.0,0,
prosek.net,unknown,1.0,0,
anschuetz.com,unknown,1.0,0,
nexonik.com,unknown,1.0,0,
alumni.uni.lu,Luxembourg,2.0,University of Luxemburg,
manipal.edu,India,2.0,Manipal University,
menschwert.com,unknown,1.0,0,
rm-handelsmedien.de,unknown,1.0,0,
gedak.de,unknown,1.0,0,
jalsti.de,unknown,1.0,0,
kruse-service-and-consulting.de,unknown,1.0,0,
robert-koch-realschule.de,unknown,1.0,0,
ueg-leer.net,unknown,1.0,0,
hadw-bw.de,unknown,1.0,0,
rittal.de,unknown,1.0,0,
seppmed.de,unknown,1.0,0,
bicg.com,unknown,1.0,0,
cve.schule,unknown,1.0,0,
umit-tirol.at,Austria,2.0,UMIT Tirol,
kaehm.de,unknown,1.0,0,
isfa-net.de,unknown,1.0,0,
icvt.uni-stuttgart.de,Germany,2.0,Universität Stuttgart,
wlaschny.de,unknown,1.0,0,
caritas-essen.de,unknown,1.0,0,
svb-muc.de,unknown,1.0,0,
wifa.de,unknown,1.0,0,
sommerhalter.info,unknown,1.0,0,
base.bund.de,unknown,1.0,0,
bikeshop-waibstadt.de,unknown,1.0,0,
s-con.net,unknown,1.0,0,
bueroblau.de,unknown,1.0,0,
ego-mv.de,unknown,1.0,0,
slub-dresden.de,unknown,1.0,0,
kdz.or.at,unknown,1.0,0,
zana.com,unknown,1.0,0,
mazoda.de,unknown,1.0,0,
ratore.de,unknown,1.0,0,
fischerverlage.de,unknown,1.0,0,
inlingua-osnabrueck.de,unknown,1.0,0,
spotlight-verlag.de,unknown,1.0,0,
phd.units.it,Italy,2.0,University of Trieste,
schule-rotamsee.de,unknown,1.0,0,
hgv-online.de,0,0.0,0.0,
bergmann-web.de,0,0.0,0.0,
salzburg.sparkasse.at,unknown,1.0,0,
sthieme.de,unknown,1.0,0,
mercator-gym.de,unknown,1.0,0,
xjtlu.edu.cn,China,2.0,Xi'an Jiaotong-Liverpool University,
immonia.de,unknown,1.0,0,
luty.de,unknown,1.0,0,
maisonblanc.de,unknown,1.0,0,
startup-eskalator.de,unknown,1.0,0,
fussballuebungen.de,unknown,1.0,0,
holtzbrinck-buchverlage.de,unknown,1.0,0,
remote-native.com,unknown,1.0,0,
bbs-syke.de,unknown,1.0,0,
eichner-org.de,unknown,1.0,0,
schulehochdorf.ch,unknown,1.0,0,
scale-one.com,unknown,1.0,0,
lag21.de,unknown,1.0,0,
raumzeitfibel.de,unknown,1.0,0,
denkwerk.com,unknown,1.0,0,
karoline-maria.com,unknown,1.0,0,
otto-pankok-schule.de,unknown,1.0,0,
roehrl.org,unknown,1.0,0,
behrend-institut.de,unknown,1.0,0,
kalog.com,unknown,1.0,0,
bunzel-online.de,0,0.0,0.0,
szymura.info,unknown,1.0,0,
clemenshospital.de,unknown,1.0,0,
cdu.ltsh.de,unknown,1.0,0,
skbs.de,unknown,1.0,0,
richter-berlin.de,unknown,1.0,0,
gothaer.de,unknown,1.0,0,
bevema.com,unknown,1.0,0,
pistor.ch,unknown,1.0,0,
hotelbb.com,unknown,1.0,0,
mum.de,unknown,1.0,0,
inforce-pr.com,unknown,1.0,0,
mariebrauburger.com,unknown,1.0,0,
todayislife.de,unknown,1.0,0,
chbib.org,unknown,1.0,0,
bbw.ch,unknown,1.0,0,
eskisehir.edu.tr,Turkey,2.0,Eskişehir Teknik Üniversitesi,
elementa.info,unknown,1.0,0,
lennartlennartz.de,unknown,1.0,0,
noe-lga.at,unknown,1.0,0,
rs-abensberg.de,unknown,1.0,0,
ewolters.com,unknown,1.0,0,
pfitzernet.de,unknown,1.0,0,
e-learning-group.com,unknown,1.0,0,
roitsch.club,unknown,1.0,0,
hbg-koeln.de,unknown,1.0,0,
mprang.de,unknown,1.0,0,
bsrueti.ch,unknown,1.0,0,
malte-meyer.de,unknown,1.0,0,
weisenburger.de,unknown,1.0,0,
gs-gp.eu,unknown,1.0,0,
qomenius.com,unknown,1.0,0,
wellcosan.de,unknown,1.0,0,
lm.mv-regierung.de,unknown,1.0,0,
tanjaschuler.com,unknown,1.0,0,
text-stratege.de,unknown,1.0,0,
bs1-landshut.de,unknown,1.0,0,
studiosus.com,unknown,1.0,0,
nasc-brandschutz.de,unknown,1.0,0,
schoellconsult.de,unknown,1.0,0,
aaron.ai,unknown,1.0,0,
auer-bauzentrum.de,unknown,1.0,0,
kaeswurm.de,unknown,1.0,0,
atoms.eu,unknown,1.0,0,
kleeberger.net,unknown,1.0,0,
merkur.uni-freiburg.de,Germany,2.0,Universität Freiburg,
fb7.rwth-aachen.de,Germany,2.0,RWTH Aachen,
shared-files.de,unknown,0.0,0.0,
mirkoschiller.de,unknown,1.0,0,
chappuis.de,unknown,1.0,0,
zachowski.de,unknown,1.0,0,
plri.de,unknown,1.0,0,
caala.de,unknown,1.0,0,
sinsheim-ost.de,unknown,1.0,0,
aeroscout.de,unknown,1.0,0,
aeg-online.de,0,0.0,0.0,
kisters-gmbh.ch,unknown,1.0,0,
dreamerjointventure.de,unknown,1.0,0,
illwerkevkw.at,unknown,1.0,0,
eu-post.net,unknown,1.0,0,
gelsenkirchen.de,unknown,1.0,0,
dozent.ism.de,Germany,2.0,International School of Management,
riluso.com,unknown,1.0,0,
zeitz-digital.de,unknown,1.0,0,
ww-informatik.de,unknown,1.0,0,
vr-networld.de,unknown,1.0,0,
minor-digital.de,unknown,1.0,0,
allersmeier.de,unknown,1.0,0,
ucb.edu.bo,"Bolivia, Plurinational State of",2.0,"Universidad Católica Boliviana, La Paz",
lockvogel-hamburg.de,unknown,1.0,0,
fls-mannheim.de,unknown,1.0,0,
hallesche.de,unknown,1.0,0,
driegel.de,unknown,1.0,0,
kirchner-backhaus.de,unknown,1.0,0,
uteroeseler.de,unknown,1.0,0,
spirit-isd.de,unknown,1.0,0,
integrationsfonds.at,unknown,1.0,0,
schulen-turgi.ch,unknown,1.0,0,
ristl.de,unknown,1.0,0,
testus.eu,unknown,1.0,0,
alice-dsl.de,unknown,1.0,0,
ctm-magdeburg.de,unknown,1.0,0,
marcuslieder.de,unknown,1.0,0,
jungfer.biz,unknown,1.0,0,
bszmw.de,unknown,1.0,0,
med.uni-marburg.de,Germany,2.0,Universität Marburg,
de.rheinmetall.com,unknown,1.0,0,
kuhn-iserlohn.de,unknown,1.0,0,
lobacher.de,unknown,1.0,0,
poczta.fm,unknown,0.0,0.0,
weidinger.com,unknown,1.0,0,
infermedica.com,unknown,1.0,0,
schieder.de,unknown,1.0,0,
thenetcircle.com,unknown,1.0,0,
protectedmail.de,0,0.0,0.0,
djk.de,unknown,1.0,0,
brain-iq.de,unknown,1.0,0,
forschung-burgenland.at,unknown,1.0,0,
studio-hamburg.de,unknown,1.0,0,
streuverluste.de,unknown,1.0,0,
lfeld.net,unknown,1.0,0,
hfg.de,unknown,1.0,0,
hnopraxis-erfeld.de,unknown,1.0,0,
franziskaewert.de,unknown,1.0,0,
alpenmedia-design.com,unknown,1.0,0,
contino.lu,unknown,1.0,0,
danielpohl.de,unknown,1.0,0,
braun-steine.de,unknown,1.0,0,
hauter-heinke.de,unknown,1.0,0,
joschawirtz.de,unknown,1.0,0,
kamax.com,unknown,1.0,0,
adshome.de,unknown,1.0,0,
axalta.com,unknown,1.0,0,
coolbase.org,unknown,1.0,0,
shad-berlin.de,unknown,1.0,0,
sgss.de,unknown,1.0,0,
6551-fuerth.de,unknown,1.0,0,
digiscovery.ch,unknown,1.0,0,
uhren01.de,unknown,1.0,0,
experimenta-heilbronn.de,unknown,1.0,0,
geo.uni-marburg.de,Germany,2.0,Universität Marburg,
greiner-gpi.com,unknown,1.0,0,
berger-rastede.de,unknown,1.0,0,
tortuga-gmbh.de,unknown,1.0,0,
beimert.com,unknown,1.0,0,
ennox.de,unknown,1.0,0,
torsten-reischmann.de,unknown,1.0,0,
sks-burg-aschersleben.bildung-lsa.de,unknown,1.0,0,
diox.de,unknown,1.0,0,
dap.rwth-aachen.de,Germany,2.0,RWTH Aachen,
marcofraunholz.de,unknown,1.0,0,
be-come-one.de,unknown,1.0,0,
yeah.net,unknown,0.0,0.0,
schmallenberg.de,unknown,1.0,0,
isp-computer.de,unknown,1.0,0,
kaenders.de,unknown,1.0,0,
eng.just.edu.jo,Jordan,2.0,Jordan University of Science and Technology,
klagenfurt.at,unknown,1.0,0,
teleport.de,unknown,1.0,0,
devk.de,unknown,1.0,0,
ritehite.com,unknown,1.0,0,
ascuro.eu,unknown,1.0,0,
jasmin-najiyya.com,unknown,1.0,0,
gkrueger.com,unknown,1.0,0,
bbz-ulderup.de,unknown,1.0,0,
liu.se,Sweden,2.0,Linköping University,
asamnet.de,unknown,1.0,0,
ropcloud.de,unknown,1.0,0,
mathematik.it,unknown,1.0,0,
werner-marco.de,unknown,1.0,0,
st-franziskus-stiftung.de,unknown,1.0,0,
nierbeck.com,unknown,1.0,0,
ipeg.uni-hannover.de,Germany,2.0,Universität Hannover,
tvmainfranken.de,unknown,1.0,0,
hiprocall.de,unknown,1.0,0,
digital-innovation.com,unknown,1.0,0,
outlook.sa,unknown,0.0,0.0,
henke-ag.de,unknown,1.0,0,
xavier.ac.in,unknown,1.0,0,
soerengoedde.de,unknown,1.0,0,
adn.de,unknown,1.0,0,
schober-muc.de,unknown,1.0,0,
softhard.de,unknown,1.0,0,
christiani-marketing.de,unknown,1.0,0,
skill-fisher.com,unknown,1.0,0,
julianum.eu,unknown,1.0,0,
jupiter.uni-freiburg.de,Germany,2.0,Universität Freiburg,
eura-ag.de,unknown,1.0,0,
dgb-bildungswerk.de,unknown,1.0,0,
beisicht-partner.de,unknown,1.0,0,
bestfertility.de,unknown,1.0,0,
statwerk.de,unknown,1.0,0,
luetkefoeller.com,unknown,1.0,0,
lra-donau-ries.de,unknown,1.0,0,
max-wolber.de,unknown,1.0,0,
schwabandreas.de,unknown,1.0,0,
3dkad.de,unknown,1.0,0,
kellendorfer.com,unknown,1.0,0,
schreff.de,unknown,1.0,0,
ucy.ac.cy,Cyprus,2.0,University of Cyprus,
masats.es,unknown,1.0,0,
paul-dohrmann.nrw.schule,unknown,1.0,0,
rwth-innovation.de,unknown,1.0,0,
derschlafi.de,unknown,1.0,0,
omnes.vision,unknown,1.0,0,
ehrentreich.de,unknown,1.0,0,
mum.amity.edu,India,2.0,Amity University,
rt-richter.de,unknown,1.0,0,
recode.law,unknown,1.0,0,
close-distance.de,unknown,1.0,0,
swb-gruppe.de,unknown,1.0,0,
donaubauer.rocks,unknown,1.0,0,
schulen-steinhausen.ch,unknown,1.0,0,
eckart-mueller.de,unknown,1.0,0,
heko.com,unknown,1.0,0,
vidackovic.eu,unknown,1.0,0,
reel-motion-impact.org,unknown,1.0,0,
michael-ries.de,unknown,1.0,0,
muensterland.com,unknown,1.0,0,
vrbank-a-oal.de,unknown,1.0,0,
tecscriptus-edv.de,unknown,1.0,0,
ibb-dresden.de,unknown,1.0,0,
vg-orth.de,unknown,1.0,0,
bhardwajonline.de,0,0.0,0.0,
ferchau.com,unknown,1.0,0,
nienha.us,unknown,1.0,0,
otemdi.com,unknown,1.0,0,
berinfor.ch,unknown,1.0,0,
msgiv.brandenburg.de,unknown,1.0,0,
gymlu-s.de,unknown,1.0,0,
loerz.info,unknown,1.0,0,
thomrichter.de,unknown,1.0,0,
viehtrieb20.de,unknown,1.0,0,
ahmadzai.de,unknown,1.0,0,
afenner.de,unknown,1.0,0,
kms.lernsax.de,unknown,1.0,0,
deutschesdesignmuseum.de,unknown,1.0,0,
fam-thurner.de,unknown,1.0,0,
keil-tech.de,unknown,1.0,0,
hymail.net,0,0.0,0.0,
abteigymnasium.at,unknown,1.0,0,
marianum-warburg.de,unknown,1.0,0,
blumatix.com,unknown,1.0,0,
aliyun.com,unknown,0.0,0.0,
ms.realschule-neuerburg.de,unknown,1.0,0,
css-nsu.de,unknown,1.0,0,
ra-gerhards.de,unknown,1.0,0,
zpue.de,unknown,1.0,0,
diesondermanns.de,unknown,1.0,0,
izi.fraunhofer.de,unknown,1.0,0,
thales-akademie.de,unknown,1.0,0,
aktive-schule-koeln.de,unknown,1.0,0,
leafzie.com,unknown,1.0,0,
math.uni-hannover.de,Germany,2.0,Universität Hannover,
concentry.net,unknown,1.0,0,
vascomed.com,unknown,1.0,0,
wolmeringer.de,unknown,1.0,0,
isuke.de,unknown,1.0,0,
baringanet.ch,unknown,1.0,0,
zendo-online.de,0,0.0,0.0,
s4f-saarland.org,unknown,1.0,0,
maxhesse.com,unknown,1.0,0,
keb-os.de,unknown,1.0,0,
m1.freizeitweb.net,unknown,1.0,0,
dr-schauer.de,unknown,1.0,0,
freudenkinder.de,unknown,0.0,0.0,
the-cooking-ape.com,unknown,1.0,0,
planet.ms,unknown,1.0,0,
mitzinnek.com,unknown,1.0,0,
heinzsiepmann.de,unknown,1.0,0,
zasfilm.ch,unknown,1.0,0,
master.centralelille.fr,unknown,1.0,0,
lanxess.com,unknown,1.0,0,
ulrike-jung.de,unknown,1.0,0,
scola-ilanz.ch,unknown,1.0,0,
informatics4u.de,unknown,1.0,0,
vfavk.net,unknown,1.0,0,
neu-haus.info,unknown,1.0,0,
theindependentschool.com,unknown,1.0,0,
august-over.de,unknown,1.0,0,
karo.co.za,unknown,1.0,0,
itechnics.ch,unknown,1.0,0,
estacha.de,unknown,1.0,0,
etroop.de,unknown,1.0,0,
hopstein.de,unknown,1.0,0,
me-y-er.de,unknown,1.0,0,
kuhl-familie.de,unknown,1.0,0,
praxis-eisfeld-sarac.de,unknown,1.0,0,
cm-itberatung.de,unknown,1.0,0,
jaypu.com,unknown,1.0,0,
rheinische-post.de,unknown,1.0,0,
fsbwit.org,unknown,1.0,0,
mcsprv.de,unknown,1.0,0,
somaiya.edu,India,2.0,Somaiya Vidyavihar,
pichlo.de,unknown,1.0,0,
lsb-bremen.de,unknown,1.0,0,
gdpie.lernsax.de,unknown,1.0,0,
montessori-plauen.de,unknown,1.0,0,
vdek.com,unknown,1.0,0,
bzb.de,unknown,1.0,0,
weiss-verlag.de,unknown,1.0,0,
allegion.com,unknown,1.0,0,
sruf.com,unknown,1.0,0,
eva-pirna.de,unknown,1.0,0,
vci.de,unknown,1.0,0,
weise-gym.lernsax.de,unknown,1.0,0,
esme.fr,France,2.0,Ecole Spéciale de Mécanique et d'Electricité,
oebb.at,unknown,1.0,0,
graupnergym.lernsax.de,unknown,1.0,0,
herderpirna.lernsax.de,unknown,1.0,0,
logotec.org,unknown,1.0,0,
dks.lernsax.de,unknown,1.0,0,
osd.lernsax.de,unknown,1.0,0,
proresult.de,unknown,1.0,0,
strayhammer.net,unknown,1.0,0,
feldberger-hof.de,unknown,1.0,0,
meisenkasten.org,unknown,1.0,0,
fabianmahnke.com,unknown,1.0,0,
bistum-aachen.de,unknown,1.0,0,
bernd-mareth.de,unknown,1.0,0,
erik-wittke.com,unknown,1.0,0,
vogco.com,unknown,1.0,0,
goqonda.io,unknown,1.0,0,
flehr.de,unknown,1.0,0,
academy2.de,unknown,1.0,0,
wanted-ventures.de,unknown,1.0,0,
fayoum.edu.eg,Egypt,2.0,Fayoum University,
medlearning.de,unknown,1.0,0,
thing-it.com,unknown,1.0,0,
fam-henninger.de,unknown,1.0,0,
sensorik-bayern.de,unknown,1.0,0,
bwl.uni-mannheim.de,Germany,2.0,Universität Mannheim,
rvwbk.de,unknown,1.0,0,
semikron-danfoss.com,unknown,1.0,0,
gbf-sw.de,unknown,1.0,0,
perthes-gymnasium.de,unknown,1.0,0,
netco-solution.de,unknown,1.0,0,
digitalresponsibility.ch,unknown,1.0,0,
lka-mv.de,unknown,1.0,0,
media-frankfurt.de,unknown,1.0,0,
rudolf-hildebrand-schule.de,unknown,1.0,0,
dr-kis.de,unknown,1.0,0,
hwk-karlsruhe.de,unknown,1.0,0,
vp.pl,unknown,0.0,0.0,
mbpokale.de,unknown,1.0,0,
schultheiss-sci.de,unknown,1.0,0,
scharf-web.de,0,0.0,0.0,
petermall.de,unknown,1.0,0,
stindl.eu,unknown,1.0,0,
thg.versus-wf.de,unknown,1.0,0,
hwk-aachen.de,unknown,1.0,0,
base4kids.ch,unknown,1.0,0,
protonmail.com,unknown,0.0,0.0,
dr-arendt.eu,unknown,1.0,0,
agentur-jungesherz.de,unknown,1.0,0,
etabyte.eu,unknown,1.0,0,
avs.sumiriko.com,unknown,1.0,0,
stadtentwicklung-zittau.de,unknown,1.0,0,
bagbbw.de,unknown,1.0,0,
student.gla.ac.uk,United Kingdom,2.0,University of Glasgow,
techem.de,unknown,1.0,0,
mevis.fraunhofer.de,unknown,1.0,0,
kanzian.it,unknown,1.0,0,
sysgen.de,unknown,1.0,0,
kobra-berlin.de,unknown,1.0,0,
eichendorffschule-erlangen.de,unknown,1.0,0,
gymnasium-borna.de,unknown,1.0,0,
roschlau-online.de,0,0.0,0.0,
mpz-pirna.de,unknown,1.0,0,
netmk.de,unknown,1.0,0,
gs.ncku.edu.tw,"Taiwan, Province of China",2.0,Ching Kuo Institue of Management & Health,
muenchen.creditreform.de,unknown,1.0,0,
wds-team.ch,unknown,1.0,0,
u2d.de,unknown,1.0,0,
bassena2.at,unknown,1.0,0,
edg.de,unknown,1.0,0,
coole-files.de,unknown,0.0,0.0,
ostwaldgymnasium.de,unknown,1.0,0,
mailbox-schuster.de,unknown,1.0,0,
megz.lernsax.de,unknown,1.0,0,
pr-oberschule.de,unknown,1.0,0,
brnhx.anonbox.net,unknown,1.0,0,
remseck.de,unknown,1.0,0,
kv-rlp.de,unknown,1.0,0,
bszet.de,unknown,1.0,0,
gre-rail.com,unknown,1.0,0,
udo-ohnemus.de,unknown,1.0,0,
taa.at,unknown,1.0,0,
harth.org,unknown,1.0,0,
diebayerische.de,unknown,1.0,0,
skfm-duesseldorf.de,unknown,1.0,0,
auritylab.com,unknown,1.0,0,
fabritianum.de,unknown,1.0,0,
smartstartup.ch,unknown,1.0,0,
bka.gv.at,unknown,1.0,0,
center1.de,unknown,1.0,0,
woll-maschinenbau.de,unknown,1.0,0,
gms-doeffingen.de,unknown,1.0,0,
maavo.de,unknown,1.0,0,
schweina.net,unknown,1.0,0,
herrmannmail.com,unknown,1.0,0,
max-planck-gymnasium.de,unknown,1.0,0,
cg-datteln.de,unknown,1.0,0,
thomasdeda.de,unknown,1.0,0,
bering-online.de,0,0.0,0.0,
wss-stuttgart.de,unknown,1.0,0,
michellestock.de,unknown,1.0,0,
anjakalin.de,unknown,1.0,0,
annika-rothe.com,unknown,1.0,0,
sossealaoui.me,unknown,1.0,0,
mrm.uni-augsburg.de,Germany,2.0,Universität Augsburg,
mysystem.biz,unknown,1.0,0,
heg-portal.de,unknown,1.0,0,
alexander-partner.com,unknown,1.0,0,
vkm-dvr.de,unknown,1.0,0,
rna.de,unknown,1.0,0,
best.de,unknown,1.0,0,
harrieder.de,unknown,1.0,0,
fuhrmanns.info,unknown,1.0,0,
gymnasium-wolfskuhle.nrw.schule,unknown,1.0,0,
hs-nb.de,Germany,2.0,Hochschule Neubrandenburg,
stahlberger.com,unknown,1.0,0,
noit.de,unknown,1.0,0,
fvst-coe.de,unknown,1.0,0,
kronauer.org,unknown,1.0,0,
flatscher.biz,unknown,1.0,0,
euroakademie.de,unknown,1.0,0,
personaltime.de,unknown,1.0,0,
gollygosh.de,unknown,1.0,0,
oiat.at,unknown,1.0,0,
helaba.de,unknown,1.0,0,
discente.ufg.br,Brazil,2.0,Universidade Federal de Goiás,
rombelsheim.de,unknown,1.0,0,
dresearch-fe.de,unknown,1.0,0,
moraleda.de,unknown,1.0,0,
ammerlaender-versicherung.de,unknown,1.0,0,
heike-cabanis.de,unknown,1.0,0,
btc-ag.com,unknown,1.0,0,
reitter-ehlhalten.de,unknown,1.0,0,
mlbv.ch,unknown,1.0,0,
oead.at,unknown,1.0,0,
kiongroup.com,unknown,1.0,0,
thomasblicker.de,unknown,1.0,0,
whg-lev.de,unknown,1.0,0,
zoho.com,unknown,0.0,0.0,
c-flex.ch,unknown,1.0,0,
health4ward.org,unknown,1.0,0,
ref-center.com,unknown,1.0,0,
codiviti.de,unknown,1.0,0,
theobald.dev,unknown,1.0,0,
uk.ibm.com,unknown,1.0,0,
stadelwieser.ch,unknown,1.0,0,
jugendamt.essen.de,unknown,1.0,0,
kotowski-online.de,0,0.0,0.0,
fhsmp.de,Germany,2.0,FH für Sport und Management Potsdam,
cm-log.eu,unknown,1.0,0,
gantikow.com,unknown,1.0,0,
haw-bw.de,unknown,1.0,0,
105viertel.de,unknown,1.0,0,
thermofisher.com,unknown,1.0,0,
bka.de,unknown,1.0,0,
rpquadrat.de,unknown,1.0,0,
allywell.de,unknown,1.0,0,
djhn.de,unknown,1.0,0,
markus-buerger.de,unknown,1.0,0,
lew-verteilnetz.de,unknown,1.0,0,
maxwell.or.at,unknown,1.0,0,
jonathangauss.de,unknown,1.0,0,
gms-net.de,unknown,1.0,0,
danielweimer.de,unknown,1.0,0,
sipxpert.de,unknown,1.0,0,
zcrcd.com,unknown,1.0,0,
gymolb.lernsax.de,unknown,1.0,0,
skynet.be,unknown,0.0,0.0,
lra-oal.bayern.de,unknown,1.0,0,
ckaufmann.net,unknown,1.0,0,
konstanz.de,unknown,1.0,0,
mosaiic.de,unknown,1.0,0,
id-on.de,unknown,1.0,0,
ema.nrw.schule,unknown,1.0,0,
kabisch.net,unknown,1.0,0,
sprachklar-training.de,unknown,1.0,0,
huk-coburg.de,unknown,1.0,0,
coaching.hamburg,unknown,1.0,0,
porta.aero,unknown,1.0,0,
eag-berlin.de,unknown,1.0,0,
kollegium.lg-ks.de,unknown,1.0,0,
kotte-hamburg.de,unknown,1.0,0,
maennerversteherin.com,unknown,0.0,0.0,
wassmer-bw.de,unknown,1.0,0,
nowax.eu,unknown,1.0,0,
fvaj.de,unknown,1.0,0,
howspace.com,unknown,1.0,0,
sobi.com,unknown,1.0,0,
daniel-janssen.de,unknown,1.0,0,
stadtwerke-stade.de,unknown,1.0,0,
stadt.erlangen.de,unknown,1.0,0,
hautaerzte-wetzlar.de,unknown,1.0,0,
rossmann.de,unknown,1.0,0,
isabellenhuette.com,unknown,1.0,0,
delfortgroup.com,unknown,1.0,0,
liese-coaching.de,unknown,1.0,0,
mh-trainingsinstitut.de,unknown,1.0,0,
dso.de,unknown,1.0,0,
theo-bouveyron.de,unknown,1.0,0,
netzwerkservice-mueller.de,unknown,1.0,0,
haklaa.ac.at,unknown,1.0,0,
kalkbrenner.in,unknown,1.0,0,
olistyle.de,unknown,1.0,0,
prettiness.de,unknown,1.0,0,
ak-edv.net,unknown,1.0,0,
stadtwerke-ratingen.de,unknown,1.0,0,
sandrisser.at,unknown,1.0,0,
hesse-lignal.de,unknown,1.0,0,
infraserv-wi.de,unknown,1.0,0,
dominik-gottwald.de,unknown,1.0,0,
kwasnitza.de,unknown,1.0,0,
s-steinhardt.de,unknown,1.0,0,
thulem.de,unknown,1.0,0,
eckert-schulen.de,unknown,1.0,0,
aposso.de,unknown,1.0,0,
opitz-consulting.com,unknown,1.0,0,
direkt-tec.de,unknown,1.0,0,
bmaw.gv.at,unknown,1.0,0,
atelierlux.de,unknown,1.0,0,
kvlu.ch,unknown,1.0,0,
sandrapravica.de,unknown,1.0,0,
bvdnet.de,unknown,1.0,0,
bba-campus.de,unknown,1.0,0,
voith.com,unknown,1.0,0,
commerzbank.com,unknown,1.0,0,
edu.umi.ac.ma,unknown,1.0,0,
realschule-hoevelhof.de,unknown,1.0,0,
fwsft.net,unknown,1.0,0,
stadtwerke-erfurt.de,unknown,1.0,0,
gogetter.co.in,unknown,1.0,0,
consist.de,unknown,1.0,0,
wuerttembergische.de,unknown,1.0,0,
reverion.com,unknown,1.0,0,
nctc.de,unknown,1.0,0,
austro.net,unknown,1.0,0,
bg.lernen.barnim.de,unknown,1.0,0,
fare.de,unknown,1.0,0,
saif.sjtu.edu.cn,China,2.0,Shanghai Jiaotong University,
tms-badoldesloe.de,unknown,1.0,0,
bay-soft.de,unknown,1.0,0,
rackow-berlin.de,unknown,1.0,0,
supsi.ch,Switzerland,2.0,SUPSI - University of Applied Sciences Southern Switzerland,
winto-gmbh.de,unknown,1.0,0,
linder-strapping.com,unknown,1.0,0,
smartgreenmv.eu,unknown,1.0,0,
landkreis-cuxhaven.de,unknown,1.0,0,
norgoe.de,unknown,1.0,0,
netdoktor.de,unknown,1.0,0,
holger-simon.de,unknown,1.0,0,
thudium.com,unknown,1.0,0,
ethosai.ai,unknown,1.0,0,
coretecs.net,unknown,1.0,0,
bruzy-guenthner.de,unknown,1.0,0,
hennig-oyten.de,unknown,1.0,0,
biberach-riss.de,unknown,1.0,0,
physik.uni-freiburg.de,Germany,2.0,Universität Freiburg,
viotas.com,unknown,1.0,0,
vitaconsana.de,unknown,1.0,0,
more-fire.com,unknown,1.0,0,
beckert-itservice.de,unknown,1.0,0,
liquidcube.de,unknown,1.0,0,
inetconnector.com,unknown,1.0,0,
gromes-od.de,unknown,1.0,0,
bengsch.email,unknown,1.0,0,
florianhillebrand.de,unknown,1.0,0,
axelharder.net,unknown,1.0,0,
minireference.com,unknown,1.0,0,
dinessa.at,unknown,1.0,0,
kwlc.de,unknown,1.0,0,
elke-henkes.de,unknown,1.0,0,
hkv-sh.ch,unknown,1.0,0,
carl-zeiss-stiftung.de,unknown,1.0,0,
ebildungslabor.de,unknown,1.0,0,
c16i.de,unknown,1.0,0,
wak-sh.de,unknown,1.0,0,
mupod.de,unknown,1.0,0,
svb-siegen.de,unknown,1.0,0,
agrusow.com,unknown,1.0,0,
acg-bonn.de,unknown,1.0,0,
ist.tugraz.at,Austria,2.0,Technische Universität Graz,
weber.cd,unknown,1.0,0,
robin-data.io,unknown,1.0,0,
deutscherueck.de,unknown,1.0,0,
python-projekt.de,unknown,1.0,0,
fi.abb.com,unknown,1.0,0,
dsk.co.za,unknown,1.0,0,
digiwelt.org,unknown,1.0,0,
neofaktur.com,unknown,1.0,0,
rcoschmidt.de,unknown,1.0,0,
avenidas.biz,unknown,1.0,0,
prognos.com,unknown,1.0,0,
careflex.de,unknown,1.0,0,
goldgas.de,unknown,1.0,0,
cdtm.de,unknown,1.0,0,
karrieretutor.de,unknown,1.0,0,
jiscollege.ac.in,India,2.0,JIS College of Engineering,
kartenmacherei.de,unknown,1.0,0,
kecmotors.com,unknown,1.0,0,
sls-selm.de,unknown,1.0,0,
ssl.uni-mannheim.de,Germany,2.0,Universität Mannheim,
apcoa.eu,unknown,1.0,0,
hzv.de,unknown,1.0,0,
lineone.net,unknown,1.0,0,
lit.ie,unknown,1.0,0,
actifutura.ch,unknown,1.0,0,
sapinski.de,unknown,1.0,0,
sbl.ch,unknown,1.0,0,
apg-mosbach.de,unknown,1.0,0,
qualitypark.de,unknown,1.0,0,
congstar.net,unknown,1.0,0,
welters.de,unknown,1.0,0,
neuesmiteinander.com,unknown,1.0,0,
ts-con.de,unknown,1.0,0,
ece.au.dk,Denmark,2.0,Aarhus University,
hermx.de,unknown,1.0,0,
uwindsor.ca,Canada,2.0,University of Windsor,
caritasmuenchen.org,unknown,1.0,0,
iacd.io,unknown,1.0,0,
kaeser.com,unknown,1.0,0,
mmmad.de,unknown,1.0,0,
da-costa.london,unknown,1.0,0,
exxcellent.de,unknown,1.0,0,
sebastian-witte.de,unknown,1.0,0,
stahl-holding-saar.de,unknown,1.0,0,
greim.de,unknown,1.0,0,
pds.de,unknown,1.0,0,
ads-dieburg.de,unknown,1.0,0,
geschichte.uni-halle.de,Germany,2.0,Universität Halle,
ms-stpeter.ksn.at,unknown,1.0,0,
seminar-whrs-rt.kv.bwl.de,unknown,1.0,0,
eoda.de,unknown,1.0,0,
10minutenmail.xyz,unknown,1.0,0,
salzburg.at,unknown,1.0,0,
mannesmanngymnasium.eu,unknown,1.0,0,
beer-net.de,unknown,1.0,0,
screenworker.de,unknown,1.0,0,
bellmountain.de,unknown,1.0,0,
ballooga.de,unknown,1.0,0,
conterra.de,unknown,1.0,0,
pentacubes.de,unknown,1.0,0,
sjfiedler.de,unknown,1.0,0,
looschelders.com,unknown,1.0,0,
bv-bfw.de,unknown,1.0,0,
dyson.com,unknown,1.0,0,
oscarledesma.net,unknown,1.0,0,
cs-group.de,unknown,1.0,0,
bluegrowmind.de,unknown,1.0,0,
en-kreis.de,unknown,1.0,0,
maru-consulting.com,unknown,1.0,0,
buecherei.dk,unknown,1.0,0,
cpc-ag.de,unknown,1.0,0,
cwk-verlag.de,unknown,1.0,0,
katapult.si,unknown,1.0,0,
a-kd.net,unknown,1.0,0,
room11.de,unknown,1.0,0,
kssg.ch,unknown,1.0,0,
schliz.eu,unknown,1.0,0,
gfg-woerrstadt.de,unknown,1.0,0,
schulemuhen.ch,unknown,1.0,0,
topic-personal.de,unknown,1.0,0,
blanco.de,unknown,1.0,0,
suedzucker.de,unknown,1.0,0,
kosatec.de,unknown,1.0,0,
douwx.com,unknown,1.0,0,
webanizer.de,unknown,1.0,0,
familie-werber.de,unknown,1.0,0,
birthaelmer.com,unknown,1.0,0,
terra-contor.de,unknown,1.0,0,
vg-rain.de,unknown,1.0,0,
sana.de,unknown,1.0,0,
dogpoolpictures.eu,unknown,1.0,0,
fosbos-erding.de,unknown,1.0,0,
gmx.de,unknown,0.0,0.0,
click-our-world.de,unknown,1.0,0,
digitalnewx.com,unknown,1.0,0,
tschech.net,unknown,1.0,0,
ecoparies.de,unknown,1.0,0,
irsigler.net,unknown,1.0,0,
pfeiffer-familie-co.de,unknown,1.0,0,
ias.uni-stuttgart.de,Germany,2.0,Universität Stuttgart,
gerritseebeck.com,unknown,1.0,0,
inespolzin.de,unknown,1.0,0,
barnikel.com,unknown,1.0,0,
rast-bs.coburg.de,unknown,1.0,0,
staffa.me,unknown,1.0,0,
chubus.de,unknown,1.0,0,
kokolsky.de,unknown,1.0,0,
rwe.com,unknown,1.0,0,
bitsoftnet.de,unknown,1.0,0,
drsuhr.de,unknown,1.0,0,
continental-corporation.com,unknown,1.0,0,
tegos.eu,unknown,1.0,0,
ososoft.de,unknown,1.0,0,
vtg.admin.ch,unknown,1.0,0,
decorum-consulting.com,unknown,1.0,0,
unimi.it,Italy,2.0,University of Milan,
laf.berlin.de,unknown,1.0,0,
messwert.at,unknown,1.0,0,
bistum-muenster.de,unknown,1.0,0,
kws-eg.com,unknown,1.0,0,
bitbw.bwl.de,unknown,1.0,0,
ljmu.ac.uk,United Kingdom,2.0,Liverpool John Moores University,
martina-winkler.de,unknown,1.0,0,
mania.email,unknown,1.0,0,
fishbowlpr.com.au,unknown,1.0,0,
pappeldee.de,unknown,1.0,0,
bbs-montabaur.de,unknown,1.0,0,
bafza.bund.de,unknown,1.0,0,
abeg.essen.de,unknown,1.0,0,
henning-peters.de,unknown,1.0,0,
solgenium.com,unknown,1.0,0,
schule-rj.ch,unknown,1.0,0,
waiblingen.de,unknown,1.0,0,
helios-gesundheit.de,unknown,1.0,0,
bvmw.de,unknown,1.0,0,
know-center.at,unknown,1.0,0,
refonet.de,unknown,1.0,0,
recaro-as.com,unknown,1.0,0,
mitnetz-strom.de,unknown,1.0,0,
lff.bayern.de,unknown,1.0,0,
sdo.msu.ru,Russian Federation,2.0,Lomonosov Moscow State University,
mat-gmbh.de,unknown,1.0,0,
sce.de,unknown,1.0,0,
yoga-rahlstedt.de,unknown,1.0,0,
erfal.de,unknown,1.0,0,
clostermann-jasper.de,unknown,1.0,0,
sportschule-steinbach.de,unknown,1.0,0,
kadaster.nl,unknown,1.0,0,
jahngymnasium-rathenow.de,unknown,1.0,0,
neuratec.com,unknown,1.0,0,
schuetrumpf.de,unknown,1.0,0,
langendorf-online.de,0,0.0,0.0,
internat-lucius.de,unknown,1.0,0,
ser.at,unknown,1.0,0,
zsem.hr,Croatia,2.0,Zagreb School of Economics and Management,
kischkewitz.de,unknown,1.0,0,
gs-mz.semrlp.de,unknown,1.0,0,
brechtschule.info,unknown,1.0,0,
exner.nrw,unknown,1.0,0,
pauly.org,unknown,1.0,0,
arikon.de,unknown,1.0,0,
schadewitz.de,unknown,1.0,0,
doc-z.de,unknown,1.0,0,
inheco.com,unknown,1.0,0,
schuette.info,unknown,1.0,0,
hekatron.de,unknown,1.0,0,
schule-baden.ch,unknown,1.0,0,
saschahaaf.de,unknown,1.0,0,
appis.net,unknown,1.0,0,
wsg.muenchen.musin.de,unknown,1.0,0,
ge-langerwehe.de,unknown,1.0,0,
whoin.de,unknown,1.0,0,
alpenverein.de,unknown,1.0,0,
falow.de,unknown,1.0,0,
outlook.in,unknown,0.0,0.0,
rbbk-duisburg.de,unknown,1.0,0,
mundo-beratung.de,unknown,1.0,0,
polyu.edu.hk,Hong Kong,2.0,The Hong Kong Polytechnic University,
dtb.de,unknown,1.0,0,
ei.thm.de,Germany,2.0,Technische Hochschule Mittelhessen,
ts.ingolstadt.de,unknown,1.0,0,
schmitz.mobi,unknown,1.0,0,
umib.net,unknown,1.0,0,
redwanz.de,unknown,1.0,0,
mbluemke.de,unknown,1.0,0,
definemgt.com,unknown,1.0,0,
i-red.at,unknown,1.0,0,
actfort.com,unknown,1.0,0,
weigt.net,unknown,1.0,0,
bkkw.schule.koeln,unknown,1.0,0,
f3kollektiv.net,unknown,1.0,0,
berlinmeditation.org,unknown,1.0,0,
gms-jettingen.de,unknown,1.0,0,
kftg.ch,unknown,1.0,0,
incyte.com,unknown,1.0,0,
schulen.bremerhaven.de,unknown,1.0,0,
star-7.com,unknown,1.0,0,
agp-weiterbildung.de,unknown,1.0,0,
lbs-zell.salzburg.at,unknown,1.0,0,
furbach.de,unknown,1.0,0,
students.fh-hagenberg.at,Austria,2.0,Fachhochschulstudiengänge Hagenberg,
bbk.bund.de,unknown,1.0,0,
imk-automation.com,unknown,1.0,0,
melanie-schauer.de,unknown,1.0,0,
hansen-sh.de,unknown,1.0,0,
kunz-eutin.de,unknown,1.0,0,
ipw.uni-hannover.de,Germany,2.0,Universität Hannover,
dsm-olympia.de,unknown,1.0,0,
schulergroup.com,unknown,1.0,0,
fccn.pt,unknown,1.0,0,
neckarsulm.de,unknown,1.0,0,
valtech.com,unknown,1.0,0,
mm1.de,unknown,1.0,0,
andrea-hoetger.de,unknown,1.0,0,
sgcib.com,unknown,1.0,0,
dev.house,unknown,1.0,0,
siat.ac.cn,unknown,1.0,0,
ekposta.com,unknown,1.0,0,
sciencehoch3.de,unknown,1.0,0,
ulrich-meyle.de,unknown,1.0,0,
hxnwrk.com,unknown,1.0,0,
sharichin.de,unknown,1.0,0,
theampdr.com,unknown,1.0,0,
die-menschen.de,unknown,1.0,0,
propaganda-foto.de,unknown,1.0,0,
disc.uni-kl.de,Germany,2.0,TU Kaiserslautern,
gkvasnikov.com,unknown,1.0,0,
seestaedt-consulting.de,unknown,1.0,0,
seminar-gs-pf.kv.bwl.de,unknown,1.0,0,
gymnasium-wuerselen.de,unknown,1.0,0,
titus-research.eu,unknown,1.0,0,
gks-schulen-willich.de,unknown,1.0,0,
yahoo.com.mx,unknown,0.0,0.0,
dot-it.de,unknown,1.0,0,
leitwerk-consulting.com,unknown,1.0,0,
rene-wellnitz.de,unknown,1.0,0,
toitoi.ch,unknown,1.0,0,
kbs-nordhorn.de,unknown,1.0,0,
food-freshly.eu,unknown,1.0,0,
seminar-nuertingen.de,unknown,1.0,0,
kinderdigitalbegleiten.de,unknown,1.0,0,
outlook.es,unknown,0.0,0.0,
aol.at,0,0.0,0.0,
soomann.de,unknown,1.0,0,
genialico.de,unknown,1.0,0,
quest47c.de,unknown,1.0,0,
it-systeme-zeidler.eu,unknown,1.0,0,
justinritter.de,unknown,1.0,0,
hts-husum.org,unknown,1.0,0,
privatemx.de,unknown,1.0,0,
uniandes.edu.co,Colombia,2.0,Universidad de Los Andes-Colombia,
gezerweb.de,0,0.0,0.0,
hcmeyer.com,unknown,1.0,0,
ireonet.de,unknown,1.0,0,
whywedo.com,unknown,1.0,0,
filip-grgic.de,unknown,1.0,0,
maiwald.eu,unknown,1.0,0,
nt.tu-darmstadt.de,Germany,2.0,TU Darmstadt,
cimt-ag.de,unknown,1.0,0,
lundm.de,unknown,1.0,0,
brunsgeeste.de,unknown,1.0,0,
blumenthalstrasse.de,unknown,1.0,0,
zarm.uni-bremen.de,Germany,2.0,Universität Bremen,
nvhrw.com,unknown,1.0,0,
dbs-lich.de,unknown,1.0,0,
katharina-jarzombek.de,unknown,1.0,0,
bronner-schule.de,unknown,1.0,0,
procumotion.com,unknown,1.0,0,
vu.nl,Netherlands,2.0,Vrije Universiteit Amsterdam,
avancis.de,unknown,1.0,0,
gerrit-albrecht.de,unknown,1.0,0,
bw-i.de,unknown,1.0,0,
unilu.ch,Switzerland,2.0,Universität Luzern,
leindk.de,unknown,1.0,0,
rennstich.com,unknown,1.0,0,
eaicon.de,unknown,1.0,0,
bmsce.ac.in,unknown,1.0,0,
kliniken-heidenheim.de,unknown,1.0,0,
dako-it.com,unknown,1.0,0,
sven-teuber.info,unknown,1.0,0,
gualaclosures.de,unknown,1.0,0,
veridos.com,unknown,1.0,0,
luisealbertzhalle.de,unknown,1.0,0,
gwq-serviceplus.de,unknown,1.0,0,
balkenhol.eu,unknown,1.0,0,
dftr.de,unknown,1.0,0,
kblv.bayern.de,unknown,1.0,0,
enrico-schulze.de,unknown,1.0,0,
l-g-e.nrw.schule,unknown,1.0,0,
juergen-schaefer-albertino.de,unknown,1.0,0,
kolleg-illertissen.de,unknown,1.0,0,
werkstattschule-in-rostock.de,unknown,1.0,0,
dsv-gruppe.de,unknown,1.0,0,
marcbauer.de,unknown,1.0,0,
ib-rainerlueck.de,unknown,1.0,0,
bth.se,Sweden,2.0,Blekinge Institute of Technology,
heinricht.com,unknown,1.0,0,
inlogistik.de,unknown,1.0,0,
sbi-online.de,0,0.0,0.0,
leterski.de,unknown,1.0,0,
wirksam.nrw,unknown,1.0,0,
slavistik.uni-freiburg.de,Germany,2.0,Universität Freiburg,
reisedoktor.at,unknown,1.0,0,
awabi-consulting.com,unknown,1.0,0,
itp.uni-hannover.de,Germany,2.0,Universität Hannover,
khgmettmann.de,unknown,1.0,0,
unbelievable.de,unknown,1.0,0,
inovaproj.com.br,unknown,1.0,0,
nickfath.de,unknown,1.0,0,
itb-consulting.de,unknown,1.0,0,
stk.rlp.de,unknown,1.0,0,
kircher.ch,unknown,1.0,0,
zinoun.de,unknown,1.0,0,
landratsamt-paf.de,unknown,1.0,0,
tof.de,unknown,1.0,0,
lew.de,unknown,1.0,0,
hibb.hamburg.de,unknown,1.0,0,
kfz-nrw.de,unknown,1.0,0,
delventhal.com,unknown,1.0,0,
transfer-organisationsberatung.de,unknown,1.0,0,
mail.hs-ulm.de,Germany,2.0,TH Ulm,
benteler.com,unknown,1.0,0,
jan-bernich.de,unknown,1.0,0,
reiling-engineering.de,unknown,1.0,0,
bbs-landstuhl.de,unknown,1.0,0,
bergedorf.de,unknown,1.0,0,
perelyn.com,unknown,1.0,0,
reuter-hj.de,unknown,1.0,0,
helios-group.de,unknown,1.0,0,
maegnets.de,unknown,1.0,0,
von-suttner-igs.de,unknown,1.0,0,
maier-sports.de,unknown,1.0,0,
rkish.de,unknown,1.0,0,
bs-eutin.de,unknown,1.0,0,
mwvlw.rlp.de,unknown,1.0,0,
mayerhofer.bayern,unknown,1.0,0,
modulasoft.de,unknown,1.0,0,
4mayerhofers.de,unknown,1.0,0,
aepfleundcodesign.de,unknown,1.0,0,
stnds.de,unknown,1.0,0,
petrokima.com,unknown,1.0,0,
educationcamp.de,unknown,1.0,0,
fsproductions.de,unknown,1.0,0,
ubcw.de,unknown,1.0,0,
caritas-muenster.de,unknown,1.0,0,
ges.thm.de,Germany,2.0,Technische Hochschule Mittelhessen,
myleodsc.com,unknown,1.0,0,
filmfluegel.de,unknown,1.0,0,
hmkw.de,Germany,2.0,HMKW Berlin,
kirchner-galvanik.de,unknown,1.0,0,
lmr-san.de,unknown,1.0,0,
3ds.com,unknown,1.0,0,
traimai.com,unknown,1.0,0,
kika.de,unknown,1.0,0,
dahm-olpe.de,unknown,1.0,0,
ella.ag,unknown,1.0,0,
sbernig.de,unknown,1.0,0,
helmholtz-bi.de,unknown,1.0,0,
5xmueller.de,unknown,1.0,0,
g-in.de,unknown,1.0,0,
etapart.de,unknown,1.0,0,
wienerbecken.rlh.at,unknown,1.0,0,
hts-husum.de,unknown,1.0,0,
kl.digital,unknown,1.0,0,
cloudstrive.ai,unknown,1.0,0,
boostyourwords.com,unknown,1.0,0,
michael-kimmel.de,unknown,1.0,0,
znn.info,unknown,1.0,0,
elidea.de,unknown,1.0,0,
sabrinabraun.de,unknown,1.0,0,
leopoldshall.de,unknown,1.0,0,
grad.fci-cu.edu.eg,Egypt,2.0,Cairo University,
luz.it,unknown,1.0,0,
rkh-gesundheit.de,unknown,1.0,0,
mail.polimi.it,Italy,2.0,Polytechnic Institute of Milan,
hnf.de,unknown,1.0,0,
family-schmidt.name,unknown,1.0,0,
ritzefeld.eu,unknown,1.0,0,
campus.lmu.de,Germany,2.0,Universität München,
fg-freiburg.de,unknown,1.0,0,
ivz.de,unknown,1.0,0,
innovation-natives.de,unknown,1.0,0,
dmt-group.com,unknown,1.0,0,
christianpieper.com,unknown,1.0,0,
myway.de,unknown,1.0,0,
iqwig.de,unknown,1.0,0,
midacon.at,unknown,1.0,0,
jumo.net,unknown,1.0,0,
abudat.com,unknown,1.0,0,
humbee.de,unknown,1.0,0,
drlsdrm.de,unknown,1.0,0,
reisyan.com,unknown,1.0,0,
mu-95.com,unknown,1.0,0,
niarts.de,unknown,1.0,0,
jlgym-berlin.de,unknown,1.0,0,
eledia.de,unknown,1.0,0,
roborena.com,unknown,1.0,0,
grupo-novatech.com,unknown,1.0,0,
drjoachim.com,unknown,1.0,0,
audioversum.at,unknown,1.0,0,
rukschcio.com,unknown,1.0,0,
arbeitspsychologie-jakobi.de,unknown,1.0,0,
conaya.de,unknown,1.0,0,
insa-toulouse.fr,France,2.0,National Institute of Applied Sciences of Toulouse,
mecom.de,unknown,1.0,0,
n-kubus.de,unknown,1.0,0,
mhp.com,unknown,1.0,0,
duerrdental.com,unknown,1.0,0,
walkee.ai,unknown,1.0,0,
ebay.com,unknown,1.0,0,
stefan-galka.de,unknown,1.0,0,
twolabs.de,unknown,1.0,0,
pommerer.net,unknown,1.0,0,
inholland.nl,Netherlands,2.0,Hogeschool Inholland,
mbrmail.de,0,0.0,0.0,
posthectomie.info,unknown,1.0,0,
fernandez-gomez.de,unknown,1.0,0,
kt-net.at,unknown,1.0,0,
krause-michel.de,unknown,1.0,0,
tmmbt.com,unknown,1.0,0,
peruconsult.de,unknown,1.0,0,
tmmcv.net,unknown,1.0,0,
coffein-compagnie.de,unknown,1.0,0,
netwings.ch,unknown,1.0,0,
deville.one,unknown,1.0,0,
userwill.com,unknown,1.0,0,
citycable.ch,unknown,1.0,0,
optin.business,unknown,1.0,0,
npapan.com,unknown,1.0,0,
schulerussikon.ch,unknown,1.0,0,
tcjg.de,unknown,1.0,0,
avlino.com,unknown,1.0,0,
adroh.com,unknown,1.0,0,
leibniz-bips.de,unknown,1.0,0,
schannak.com,unknown,1.0,0,
autohus.de,unknown,1.0,0,
momox.biz,unknown,1.0,0,
nwb.de,unknown,1.0,0,
nevenapaesler.de,unknown,1.0,0,
sangharee.de,unknown,1.0,0,
ried.me,unknown,1.0,0,
tauernklinikum.at,unknown,1.0,0,
hamburginnovation.de,unknown,1.0,0,
telekom.com,0,0.0,0.0,
fgw-brandenburg.de,unknown,1.0,0,
imp.uni-hannover.de,Germany,2.0,Universität Hannover,
schuleschaenis.ch,unknown,1.0,0,
zeitakademie.de,unknown,1.0,0,
radiologie.io,unknown,1.0,0,
samhammer.de,unknown,1.0,0,
alex-do-it.de,unknown,1.0,0,
students.uu.nl,Netherlands,2.0,Utrecht University,
brandwatch.com,unknown,1.0,0,
praeventa.org,unknown,1.0,0,
scaltel.de,unknown,1.0,0,
bethge-net.de,unknown,1.0,0,
diana-gistel.de,unknown,1.0,0,
gsonet.org,unknown,1.0,0,
blusch.de,unknown,1.0,0,
all4cloudgroup.com,unknown,1.0,0,
learning-factory.de,unknown,1.0,0,
nerckmann.de,unknown,1.0,0,
ca-consulting.biz,unknown,1.0,0,
facitfixit.com,unknown,1.0,0,
kinderarzt-rabe.de,unknown,1.0,0,
rumprecht.org,unknown,1.0,0,
ambera.ch,unknown,1.0,0,
dynamic-bridges.de,unknown,1.0,0,
rescue.org,unknown,1.0,0,
kiliani.net,unknown,1.0,0,
lll.kpi.ua,Ukraine,2.0,National Technical University (Kiev Politechnical Institute),
juergen-braeunlein.de,unknown,1.0,0,
p-idea.de,unknown,1.0,0,
fxvs.de,unknown,1.0,0,
ifig.de,unknown,1.0,0,
stellwerk-zukunft.de,unknown,1.0,0,
reifi.net,unknown,1.0,0,
trinity-consult.com,unknown,1.0,0,
nileshverma.com,unknown,1.0,0,
maxweberstiftung.de,unknown,1.0,0,
balschun.eu,unknown,1.0,0,
lecturer.itk.ac.id,unknown,1.0,0,
kristina-jonas.de,unknown,1.0,0,
bs1-kempten.de,unknown,1.0,0,
kw13.de,unknown,1.0,0,
iris-bujok.de,unknown,1.0,0,
franz-schreiber.com,unknown,1.0,0,
vusra.com,unknown,1.0,0,
mindline.de,unknown,1.0,0,
tudelft.nl,Netherlands,2.0,Delft University of Technology,
alexander-sturm.de,unknown,1.0,0,
elsauschlatt.ch,unknown,1.0,0,
rexerundroth.de,unknown,1.0,0,
neuesgymnasium.de,unknown,1.0,0,
deutsche-finanzagentur.de,unknown,1.0,0,
synergy-mtc.com,unknown,1.0,0,
chmielorz.de,unknown,1.0,0,
inf99.de,unknown,1.0,0,
ahead-business.de,unknown,1.0,0,
literaturfestival.com,unknown,1.0,0,
tip-pumpen.de,unknown,1.0,0,
schuleambodden.de,unknown,1.0,0,
gsg-do.de,unknown,1.0,0,
edu.vsge.ch,unknown,1.0,0,
lohi.de,unknown,1.0,0,
bingemer.de,unknown,1.0,0,
jprs.de,unknown,1.0,0,
eclipso.ch,unknown,1.0,0,
rts.uni-hannover.de,Germany,2.0,Universität Hannover,
fi.muni.cz,Czech Republic,2.0,Masaryk University,
dhmp.de,unknown,1.0,0,
dudda-online.de,0,0.0,0.0,
kopfkarussell.de,unknown,1.0,0,
attentive-development.de,unknown,1.0,0,
ue-germany.com,Germany,2.0,University of Europe for Applied Sciences,
kunsthalle-duesseldorf.de,unknown,1.0,0,
vonrandow.de,unknown,1.0,0,
jermaine-jackson.com,unknown,1.0,0,
sekundarschule-warburg.de,unknown,1.0,0,
3-magic.com,unknown,1.0,0,
haselberger.de,unknown,1.0,0,
stu.xmu.edu.cn,China,2.0,Xiamen University,
yvka-consulting.com,unknown,1.0,0,
koehler-pflege.de,unknown,1.0,0,
twt-gmbh.de,unknown,1.0,0,
jingzhang.de,unknown,1.0,0,
meikehans.de,unknown,1.0,0,
fyrfeed.com,unknown,1.0,0,
livebit.pl,0,0.0,0.0,
crispwp.com,unknown,1.0,0,
surfin.de,unknown,1.0,0,
unimib.it,Italy,2.0,University of Milan - Bicocca,
helbig-datenschutz.de,unknown,1.0,0,
artemis.lu,unknown,1.0,0,
thga.de,Germany,2.0,TH Georg Agricola,
imtakt.team,unknown,1.0,0,
qvc.com,unknown,1.0,0,
cvut.cz,Czech Republic,2.0,Czech Technical University of Prague,
marit-alke.de,unknown,1.0,0,
bitburger-braugruppe.de,unknown,1.0,0,
vgf-ffm.de,unknown,1.0,0,
greiffs.de,unknown,1.0,0,
stud.sbg.ac.at,Austria,2.0,Universität Salzburg,
bildgerecht.de,unknown,1.0,0,
nu.edu.pk,Pakistan,2.0,FAST - National University of Computer and Emerging Sciences (NUCES),
trendone.com,unknown,1.0,0,
student.hs-anhalt.de,Germany,2.0,Hochschule Anhalt,
kuhn-datascience.de,unknown,1.0,0,
2ax.net,unknown,1.0,0,
ase.ro,Romania,2.0,Academia de Studii Economice din Bucuresti,
pedack.com,unknown,1.0,0,
besins-healthcare.com,unknown,1.0,0,
we-era.de,unknown,1.0,0,
alumni.nu.edu.kz,Kazakhstan,2.0,Nazarbayev University,
timocom.com,unknown,1.0,0,
bbq.de,unknown,1.0,0,
upc.edu,Spain,2.0,Universidad Politécnica de Cataluna,
polymundo.de,unknown,1.0,0,
alice-dsl.net,unknown,1.0,0,
fishpost.de,unknown,1.0,0,
mfa.gov.tr,unknown,1.0,0,
farmak.ch,unknown,1.0,0,
inspectio.de,unknown,1.0,0,
st-vincenz.de,unknown,1.0,0,
ass.hamburg.de,unknown,1.0,0,
strassen.nrw.de,unknown,1.0,0,
rolandpeiler.de,unknown,1.0,0,
arcelormittal.com,unknown,1.0,0,
boconcept.com,unknown,1.0,0,
humboldt-ka.de,unknown,1.0,0,
iltis.de,unknown,1.0,0,
trom.li,unknown,1.0,0,
crossformatics.com,unknown,1.0,0,
kao.com,unknown,1.0,0,
tuvit.de,unknown,1.0,0,
bernhardkoch.de,unknown,1.0,0,
l-janssen.de,unknown,1.0,0,
quantum.aero,unknown,1.0,0,
fbfinanzen.de,unknown,1.0,0,
redecker.info,unknown,1.0,0,
getec-net.de,unknown,1.0,0,
pixfactory.de,unknown,1.0,0,
redcross.at,unknown,1.0,0,
bkrnet.de,unknown,1.0,0,
raddatz-industries.de,unknown,1.0,0,
liceocevolani.it,unknown,1.0,0,
praxis-franchy.de,unknown,1.0,0,
weinmann-druck.de,unknown,1.0,0,
zierden-kollmer.de,unknown,1.0,0,
reformkontor.de,unknown,1.0,0,
pc-gabel.de,unknown,1.0,0,
prodat.de,unknown,1.0,0,
oyschule.onmicrosoft.com,unknown,1.0,0,
pti.nordkirche.de,unknown,1.0,0,
schwub.de,unknown,1.0,0,
educactivo.ar,unknown,1.0,0,
windrather-talschule.de,unknown,1.0,0,
dr-leisinger.com,unknown,1.0,0,
jacquesalomo.de,unknown,1.0,0,
avl.com,unknown,1.0,0,
lippe-bildung.de,unknown,1.0,0,
unina.it,Italy,2.0,University of Naples Federico II,
krefeld.de,unknown,1.0,0,
skull.de,unknown,1.0,0,
jost-online.eu,0,0.0,0.0,
diespenders.de,unknown,1.0,0,
balters.com,unknown,1.0,0,
efinger-baumarkt.de,unknown,1.0,0,
barton.one,unknown,1.0,0,
robotum.ai,unknown,1.0,0,
gloeckle-direct.de,unknown,1.0,0,
mjhenkel.com,unknown,1.0,0,
boit.net,unknown,1.0,0,
systemli.org,unknown,1.0,0,
fjelinek.de,unknown,1.0,0,
kinle.net,unknown,1.0,0,
iiitmanipur.ac.in,unknown,1.0,0,
lxl.ro,unknown,1.0,0,
jusmedicus.de,unknown,1.0,0,
korn-korn.de,unknown,1.0,0,
brandt-orthopaedie.de,unknown,1.0,0,
bbsw1-lu.de,unknown,1.0,0,
kt.nrw.de,unknown,1.0,0,
doktorand.tu-freiberg.de,Germany,2.0,TU Bergakademie Freiberg,
jhg-blaubeuren.de,unknown,1.0,0,
nowicki.info,unknown,1.0,0,
ibm.com,unknown,1.0,0,
melibo.de,unknown,1.0,0,
kb-esv.de,unknown,1.0,0,
prodium.de,unknown,1.0,0,
lsh-marquartstein.de,unknown,1.0,0,
metanoy.tech,unknown,1.0,0,
tiscali.it,unknown,0.0,0.0,
izbi.uni-leipzig.de,Germany,2.0,Universität Leipzig,
evlka.de,unknown,1.0,0,
oida.icu,unknown,1.0,0,
zueblin.de,unknown,1.0,0,
oranienschule.de,unknown,1.0,0,
ist.fraunhofer.de,unknown,1.0,0,
osterbek.org,unknown,1.0,0,
pepper-berlin.com,unknown,1.0,0,
stk.brandenburg.de,unknown,1.0,0,
mages-consulting.de,unknown,1.0,0,
hauler.de,unknown,1.0,0,
elke-stapel.de,unknown,1.0,0,
abcontemporary.com,unknown,1.0,0,
edyoucated.org,unknown,1.0,0,
helm-nagel.com,unknown,1.0,0,
apohomecare.de,unknown,1.0,0,
mt-planung.de,unknown,1.0,0,
joker.ms,unknown,1.0,0,
stbib-koeln.de,unknown,1.0,0,
fineas.de,unknown,1.0,0,
medrows.de,unknown,1.0,0,
borg.at,unknown,1.0,0,
yaylak.org,unknown,1.0,0,
fseeber.de,unknown,1.0,0,
imscs.com,unknown,1.0,0,
keshitv.com,unknown,1.0,0,
schmundt.de,unknown,1.0,0,
mda-fos.de,unknown,1.0,0,
tele-map.com,unknown,1.0,0,
friedenhagen.de,unknown,1.0,0,
jatomix.de,unknown,1.0,0,
rolf-maria.de,unknown,1.0,0,
gdc-bw.de,unknown,1.0,0,
fau.de,Germany,2.0,Universität Erlangen-Nürnberg,
teamkind.de,unknown,1.0,0,
seapoint.de,unknown,1.0,0,
post.cz,unknown,0.0,0.0,
munninger.net,unknown,1.0,0,
sstockmann.de,unknown,1.0,0,
bkbeckum.de,unknown,1.0,0,
opensenselab.org,unknown,1.0,0,
bfw-frankfurt.de,unknown,1.0,0,
nunnemann.de,unknown,1.0,0,
agrarumweltpaedagogik.ac.at,unknown,1.0,0,
ds.mpg.de,unknown,1.0,0,
roteskreuz.at,unknown,1.0,0,
koshold.de,unknown,1.0,0,
famfox.de,unknown,1.0,0,
migy.de,unknown,1.0,0,
drvbund.onmicrosoft.com,unknown,1.0,0,
financialforce.com,unknown,1.0,0,
datenidealisten.de,unknown,1.0,0,
leodiekmann.de,unknown,1.0,0,
wanderfische.de,unknown,1.0,0,
familie-wolpers.de,unknown,1.0,0,
johndeere.com,unknown,1.0,0,
anjasommer.name,unknown,1.0,0,
te-c.de,unknown,1.0,0,
boyens-medien.de,unknown,1.0,0,
markusposse.de,unknown,1.0,0,
hwk-saarland.de,unknown,1.0,0,
inter.de,unknown,1.0,0,
andystreuli.ch,unknown,1.0,0,
calani.net,unknown,1.0,0,
imatics.de,unknown,1.0,0,
internolix.com,unknown,1.0,0,
esen.tn,unknown,1.0,0,
dr-abdin.de,unknown,1.0,0,
gymfi-hh.de,unknown,1.0,0,
linhardt.com,unknown,1.0,0,
minutestep.com,unknown,1.0,0,
verafarag.com,unknown,1.0,0,
frauencomputerschule-kassel.de,unknown,1.0,0,
mathias-spital.de,unknown,1.0,0,
5leos.ch,unknown,1.0,0,
remazing.eu,unknown,1.0,0,
ct-m.de,unknown,1.0,0,
kliniken-koeln.de,unknown,1.0,0,
fellofox.com,unknown,1.0,0,
bzst.bund.de,unknown,1.0,0,
cash-less.koeln,unknown,1.0,0,
iwe.rwth-aachen.de,Germany,2.0,RWTH Aachen,
choreograffiti.de,unknown,1.0,0,
bwz.bund.de,unknown,1.0,0,
schulen-waldkraiburg.de,unknown,1.0,0,
rkw-thueringen.de,unknown,1.0,0,
rosa-parks-grundschule.de,unknown,1.0,0,
tentscher.de,unknown,1.0,0,
onlinemed.de,unknown,1.0,0,
hotelschool.nl,Netherlands,2.0,Hotelschool The Hague,
abit.dev,unknown,1.0,0,
orichter.de,unknown,1.0,0,
siloah.de,unknown,1.0,0,
germanwahnsinn.de,unknown,1.0,0,
kupek-consulting.de,unknown,1.0,0,
wiesner-hager.com,unknown,1.0,0,
marette-sg.de,unknown,1.0,0,
remira.de,unknown,1.0,0,
herrera-krebber.de,unknown,1.0,0,
amd.com,unknown,1.0,0,
nummer18a.de,unknown,1.0,0,
sellerate.de,unknown,1.0,0,
konkav.net,unknown,1.0,0,
sbstnz.de,unknown,1.0,0,
dominik-kiefer.de,unknown,1.0,0,
witte-maler.de,unknown,1.0,0,
jowat.de,unknown,1.0,0,
laverne.edu,United States,2.0,University of La Verne,
rockwellautomation.com,unknown,1.0,0,
belvair.de,unknown,1.0,0,
zinzendorfschulen.eu,unknown,1.0,0,
veldenzgymnasium.de,unknown,1.0,0,
schulenberg.eu,unknown,1.0,0,
senweb.berlin.de,unknown,1.0,0,
mahle.com,unknown,1.0,0,
esi.ac.ma,unknown,1.0,0,
metafox.eu,unknown,1.0,0,
tele2.de,unknown,1.0,0,
rehau.com,unknown,1.0,0,
opusat.com,unknown,1.0,0,
feeo.de,unknown,1.0,0,
zvei.org,unknown,1.0,0,
tumheilbronn-ggmbh.de,unknown,1.0,0,
berufsschule-cham.de,unknown,1.0,0,
micromata.de,unknown,1.0,0,
gesund-informiert.de,unknown,1.0,0,
rfv4.de,unknown,1.0,0,
berliner-feuerwehr.de,unknown,1.0,0,
tuev-thueringen.de,unknown,1.0,0,
lfar.bayern.de,unknown,1.0,0,
cliniconvert.de,unknown,1.0,0,
ibbf.berlin,unknown,1.0,0,
meinhoelty.de,unknown,1.0,0,
ql-siebke.de,unknown,1.0,0,
soysal.de,unknown,1.0,0,
mes-alsfeld.eu,unknown,1.0,0,
bbs-vulkaneifel.de,unknown,1.0,0,
axl-consulting.de,unknown,1.0,0,
peneder.com,unknown,1.0,0,
iserv.gag.schule,unknown,1.0,0,
strieter.de,unknown,1.0,0,
informatik.tu-darmstadt.de,Germany,2.0,TU Darmstadt,
anlubi.com,unknown,1.0,0,
oist.jp,Japan,2.0,Okinawa Institute of Science and Technology,
ra-oser.de,unknown,1.0,0,
fablab-bremen.org,unknown,1.0,0,
goldis.eu,unknown,1.0,0,
uhp.ac.ma,unknown,1.0,0,
ts.muenchen.musin.de,unknown,1.0,0,
kiwi-kiel.de,unknown,1.0,0,
uni-pr.edu,Kosovo,2.0,University of Prishtina,
derflorianer.at,unknown,1.0,0,
ergo.de,unknown,1.0,0,
urech.net,unknown,1.0,0,
oliverwyman.com,0,0.0,0.0,
isis-ic.com,unknown,1.0,0,
tiger-coatings.com,unknown,1.0,0,
qualityminds.de,unknown,1.0,0,
seven.one,unknown,1.0,0,
listeronline.com,unknown,1.0,0,
student.tudelft.nl,Netherlands,2.0,Delft University of Technology,
arnbox.at,unknown,1.0,0,
uark.edu,United States,2.0,University of Arkansas - Fayetteville,
kleinoeder.bayern,unknown,1.0,0,
netconomy.net,unknown,1.0,0,
romycampe.de,unknown,1.0,0,
khev.at,unknown,1.0,0,
emx24.de,unknown,1.0,0,
glie.de,unknown,1.0,0,
krummrey.de,unknown,1.0,0,
tech4girls.de,unknown,1.0,0,
circonverlag.de,unknown,1.0,0,
tobe-media.de,unknown,1.0,0,
lorenz-theilmann.de,unknown,1.0,0,
klara-oppenheimer-schule.de,unknown,1.0,0,
nms-kirchdorf.at,unknown,1.0,0,
rupali.de,unknown,1.0,0,
pablo-pretzel.de,unknown,1.0,0,
bcv.org,unknown,1.0,0,
lenard.eu,unknown,1.0,0,
netec.de,unknown,1.0,0,
aeb.com,unknown,1.0,0,
imd-berlin.de,unknown,1.0,0,
fassian.com,unknown,1.0,0,
yahoo.com.sg,unknown,0.0,0.0,
eleves.enpc.fr,France,2.0,Ecole Nationale des Ponts et Chausees,
htw-berlin.de,Germany,2.0,HTW Berlin,
bertreinders.de,unknown,1.0,0,
janiszewski.at,unknown,1.0,0,
performance.one,unknown,1.0,0,
elsterschloss-gymnasium.de,unknown,1.0,0,
hochschule-dguv.de,Germany,2.0,Hochschule der DGUV,
unilag.edu.ng,Nigeria,2.0,University of Lagos,
novatecsystems.com,unknown,1.0,0,
fm.rlp.de,unknown,1.0,0,
werner-ri.de,unknown,1.0,0,
hlb.hs-fulda.de,Germany,2.0,Hochschule Fulda,
manlix.de,unknown,1.0,0,
bsp-solutions.com,unknown,1.0,0,
labor-laaff.de,unknown,1.0,0,
edu.fh-joanneum.at,Austria,2.0,Fachhochschule JOANNEUM,
vitos-giessen-marburg.de,unknown,1.0,0,
martingapa.de,unknown,1.0,0,
ms-badkoetzting.de,unknown,1.0,0,
regionalbuero-bw.de,unknown,1.0,0,
ostwestfalen.ihk.de,unknown,1.0,0,
whg.ms.de,unknown,1.0,0,
vitensenteret.com,unknown,1.0,0,
anwr-group.com,unknown,1.0,0,
lkf.de,unknown,1.0,0,
jamest.io,unknown,1.0,0,
magenta.de,0,0.0,0.0,
walser-holzbau.de,unknown,1.0,0,
jeoce.com,unknown,1.0,0,
josefleisen.de,unknown,1.0,0,
corneliussen.de,unknown,1.0,0,
lkik.de,unknown,1.0,0,
symate.de,unknown,1.0,0,
med.ovgu.de,Germany,2.0,OVGU Magdeburg,
yellosoft.de,unknown,1.0,0,
datenschutz.rlp.de,unknown,1.0,0,
kerstin-doeffinger.de,unknown,1.0,0,
jus-siebert.de,unknown,1.0,0,
edv-jung.net,unknown,1.0,0,
schweighart.at,unknown,1.0,0,
nu.ac.th,Thailand,2.0,Naresuan University,
newyork.usa.com,unknown,1.0,0,
eos.info,unknown,1.0,0,
trafo-werkstatt.de,unknown,1.0,0,
bio.uni-giessen.de,Germany,2.0,Universität Gießen,
hilde-domin-schule.de,unknown,1.0,0,
ute.deckers.name,unknown,1.0,0,
michaelmang.de,unknown,1.0,0,
lenfly.com,unknown,1.0,0,
ohg-bensberg.de,unknown,1.0,0,
babahilft.de,unknown,1.0,0,
mll.one,unknown,1.0,0,
datahouse.at,unknown,1.0,0,
limboeck.de,unknown,1.0,0,
gbv.de,unknown,1.0,0,
wonderxperts.de,unknown,1.0,0,
dr-pfleger.de,unknown,1.0,0,
k-g-s.schule,unknown,1.0,0,
dslondon.org.uk,unknown,1.0,0,
siebeke.de,unknown,1.0,0,
illimity.com,unknown,1.0,0,
gebhart.org,unknown,1.0,0,
infinite.de,unknown,1.0,0,
foris-global.com,unknown,1.0,0,
value-one.com,unknown,1.0,0,
ctk.de,unknown,1.0,0,
etecture.de,unknown,1.0,0,
ihk-akademie-digital.de,unknown,1.0,0,
advaneo.de,unknown,1.0,0,
horsch.com,unknown,1.0,0,
p-cation.de,unknown,1.0,0,
bluechip.at,unknown,1.0,0,
betzemeier.de,unknown,1.0,0,
gmail.com,unknown,0.0,0.0,
rohoza.com,unknown,1.0,0,
fit.cvut.cz,Czech Republic,2.0,Czech Technical University of Prague,
pietzsch.org,unknown,1.0,0,
kunstvisionen.li,unknown,1.0,0,
jrconline.com,unknown,1.0,0,
ariater.de,unknown,1.0,0,
nico-hanny.com,unknown,1.0,0,
viramed.de,unknown,1.0,0,
vk.shg-kliniken.de,unknown,1.0,0,
quester.email,unknown,1.0,0,
womweb.de,0,0.0,0.0,
tum-venture-labs.de,unknown,1.0,0,
koehler-rapp.de,unknown,1.0,0,
jonaslist.de,unknown,1.0,0,
mana-robotics.com,unknown,1.0,0,
nimmrich.com,unknown,1.0,0,
retolaeuchli.ch,unknown,1.0,0,
alumnos.upm.es,Spain,2.0,Universidad Politécnica de Madrid,
emag.com,unknown,1.0,0,
bs-hassfurt.de,unknown,1.0,0,
krisenchat.de,unknown,1.0,0,
kloos-ammerbuch.de,unknown,1.0,0,
daurer.net,unknown,1.0,0,
mait.de,unknown,1.0,0,
fuerstenberg-gymnasium.de,unknown,1.0,0,
mohr-consultant.de,unknown,1.0,0,
mannschott.com,unknown,1.0,0,
marcuskieper.de,unknown,1.0,0,
next-scientific.com,unknown,1.0,0,
gemsce.de,unknown,1.0,0,
fbsn.lernsax.de,unknown,1.0,0,
tdedesign.de,unknown,1.0,0,
fiedler-partner.com,unknown,1.0,0,
proagile.digital,unknown,1.0,0,
mpz-landkreis-leipzig.de,unknown,1.0,0,
cpp-tutor.de,unknown,1.0,0,
stud.apollon-hochschule.de,Germany,2.0,Apollon Hochschule,
nevalon.de,unknown,1.0,0,
tigerdots.at,unknown,1.0,0,
idv-ag.de,unknown,1.0,0,
kucera.koeln,unknown,1.0,0,
patrickweiser.de,unknown,1.0,0,
bert-brecht-gymnasium.de,unknown,1.0,0,
randstad.de,unknown,1.0,0,
isis-sozialforschung.de,unknown,1.0,0,
doc-n-roll.at,unknown,1.0,0,
schwebke.net,unknown,1.0,0,
hpt.at,unknown,1.0,0,
olden.de,unknown,1.0,0,
learn4next.de,unknown,1.0,0,
keyido.com,unknown,1.0,0,
bartholot.de,unknown,1.0,0,
stud.evhn.de,Germany,2.0,Evang. Hochschule Nürnberg,
casablanca.at,unknown,1.0,0,
optimeas.de,unknown,1.0,0,
britta-senn.de,unknown,1.0,0,
aitesys.com,unknown,1.0,0,
mundhenk-consulting.de,unknown,1.0,0,
anke-schiffer.de,unknown,1.0,0,
goll.de,unknown,1.0,0,
ti2ga.de,unknown,1.0,0,
geitner.org,unknown,1.0,0,
rps.aok.de,unknown,1.0,0,
vh-ulm.de,unknown,1.0,0,
prmz.de,unknown,1.0,0,
kimw.de,unknown,1.0,0,
selmoni.ch,unknown,1.0,0,
mcs-ueb.de,unknown,1.0,0,
peitz.biz,unknown,1.0,0,
humpis-schule.de,unknown,1.0,0,
wsfr.de,unknown,1.0,0,
a-spoerlein.de,unknown,1.0,0,
opentrash.com,unknown,1.0,0,
neotwin.com,unknown,1.0,0,
jgmm.de,unknown,1.0,0,
nagy.com,unknown,1.0,0,
xcoxc.com,unknown,1.0,0,
sethaxen.com,unknown,1.0,0,
omr.com,unknown,1.0,0,
mrs-diessen.de,unknown,1.0,0,
hanenberg.consulting,unknown,1.0,0,
iwkoeln.de,unknown,1.0,0,
nanogiants.de,unknown,1.0,0,
centrum.cz,unknown,0.0,0.0,
utehempelmann.de,unknown,1.0,0,
vaillant-group.com,unknown,1.0,0,
tts-security.com,unknown,1.0,0,
antonianum.nrw.schule,unknown,1.0,0,
nicoimg.com,unknown,1.0,0,
ntnu.no,Norway,2.0,Norwegian University of Science and Technology,
rvb-zell.de,unknown,1.0,0,
ilf-saarbruecken.de,unknown,1.0,0,
hoesch-spundwand.de,unknown,1.0,0,
projektberatung-stuttgart.de,unknown,1.0,0,
europlussenioren.de,unknown,1.0,0,
iq-expo.de,unknown,1.0,0,
verdandi.ch,unknown,1.0,0,
rbk.de,unknown,1.0,0,
pixelspace.org,unknown,1.0,0,
niehusmann.org,unknown,1.0,0,
smgmail.de,0,0.0,0.0,
baek-sb.de,unknown,1.0,0,
remigianum.borken.de,unknown,1.0,0,
jsafrasarasin.com,unknown,1.0,0,
bundeswettbewerb-fremdsprachen.de,unknown,1.0,0,
moving-supplies-consulting.com,unknown,1.0,0,
koenig-diagnose.de,unknown,1.0,0,
evidia.de,unknown,1.0,0,
pischel.eu,unknown,1.0,0,
usoko.de,unknown,1.0,0,
migliore-tga.de,unknown,1.0,0,
praxis-dr-nolting.de,unknown,1.0,0,
zv.uni-paderborn.de,Germany,2.0,Universität Paderborn,
katrinsteinkopf.de,unknown,1.0,0,
fv-berlin.de,unknown,1.0,0,
hospitalitypioneers.de,unknown,1.0,0,
theis.link,unknown,1.0,0,
kn-calw.de,unknown,1.0,0,
acatech.de,unknown,1.0,0,
wisto.at,unknown,1.0,0,
bi.mpg.de,unknown,1.0,0,
igz.wuerzburg.de,unknown,1.0,0,
kegon.de,unknown,1.0,0,
schlangenotto.de,unknown,1.0,0,
tonpat.com,unknown,1.0,0,
biersoft.de,unknown,1.0,0,
fdg-frankfurt.de,unknown,1.0,0,
schecker.de,unknown,1.0,0,
heile-deine-augen.de,unknown,1.0,0,
andre-koerner.de,unknown,1.0,0,
salomeblassconsulting.de,unknown,1.0,0,
luks.ch,unknown,1.0,0,
moonshotacademy.cn,unknown,1.0,0,
eun.org,unknown,1.0,0,
zielwerk.com,unknown,1.0,0,
casacabrera.de,unknown,1.0,0,
posteo.es,0,0.0,0.0,
arta.de,unknown,1.0,0,
gschilling.com,unknown,1.0,0,
aixvox.net,unknown,1.0,0,
workaut-koeln.org,unknown,1.0,0,
airetech.de,unknown,1.0,0,
swisslog.com,unknown,1.0,0,
schotten-sozial.de,unknown,1.0,0,
f-i-sp.de,unknown,1.0,0,
hotmail.nl,unknown,0.0,0.0,
famreinartz.de,unknown,1.0,0,
post-home.de,unknown,1.0,0,
hertzler.de,unknown,1.0,0,
osnabrueck.de,unknown,1.0,0,
eichelmann.ai,unknown,1.0,0,
teradata.com,unknown,1.0,0,
natscience.at,unknown,1.0,0,
thomaskapitza.de,unknown,1.0,0,
pkretschmer.de,unknown,1.0,0,
gp-joule.de,unknown,1.0,0,
buddeberg.name,unknown,1.0,0,
louisalippold.com,unknown,1.0,0,
feinrot.de,unknown,1.0,0,
dirkst.de,unknown,1.0,0,
nfdi.de,unknown,1.0,0,
hiig.de,unknown,1.0,0,
neckar-odenwald-kreis.de,unknown,1.0,0,
ji7.de,unknown,1.0,0,
breimair.com,unknown,1.0,0,
minol.com,unknown,1.0,0,
gy-cfg.de,unknown,1.0,0,
sanchini-writing.com,unknown,1.0,0,
schmidt-kloepping.de,unknown,1.0,0,
svenjung.com,unknown,1.0,0,
i-stmail.de,0,0.0,0.0,
volkerebert.com,unknown,1.0,0,
mfpa.de,unknown,1.0,0,
labvantage-biomax.com,unknown,1.0,0,
ruehenbeck.com,unknown,1.0,0,
zib.de,unknown,1.0,0,
blecker.de,unknown,1.0,0,
enerthing.com,unknown,1.0,0,
scholl.ms.de,unknown,1.0,0,
diwisch.eu,unknown,1.0,0,
rapidfacture.com,unknown,1.0,0,
lnu.se,unknown,1.0,0,
brookes.ac.uk,United Kingdom,2.0,Oxford Brookes University,
studiobinaer.at,unknown,1.0,0,
kreis-borken.de,unknown,1.0,0,
seas.harvard.edu,United States,2.0,Harvard University,
nsut.ac.in,unknown,1.0,0,
miro-internet.de,unknown,1.0,0,
hwk-swf.de,unknown,1.0,0,
bbs-haarentor.de,unknown,1.0,0,
connect.polyu.hk,unknown,1.0,0,
stens-design.de,unknown,1.0,0,
techfak.uni-bielefeld.de,Germany,2.0,Universität Bielefeld,
integral-contact.com,unknown,1.0,0,
hypoport.de,unknown,1.0,0,
kse.org.ua,Ukraine,2.0,Kiev School Of Economics,
atb-potsdam.de,unknown,1.0,0,
weingarten.ihk.de,unknown,1.0,0,
max-bre.de,unknown,1.0,0,
uffz.net,unknown,1.0,0,
resonia.io,unknown,1.0,0,
fmsg-speyer.de,unknown,1.0,0,
delacon.com,unknown,1.0,0,
ovenhausen.net,unknown,1.0,0,
schoenhardt.info,unknown,1.0,0,
fachwerk.io,unknown,1.0,0,
pvs-wn.de,unknown,1.0,0,
engelhardt.to,unknown,1.0,0,
rethinkdigital.io,unknown,1.0,0,
neuro.uni-luebeck.de,Germany,2.0,Universität Lübeck,
eastpress.de,unknown,1.0,0,
pgh.lernsax.de,unknown,1.0,0,
afry.com,unknown,1.0,0,
imt-atlantique.fr,France,2.0,IMT Atlantique,
drbits.de,unknown,1.0,0,
anadibank.com,unknown,1.0,0,
cjd-bs.de,unknown,1.0,0,
docconsult.ch,unknown,1.0,0,
tahaluf.ae,unknown,1.0,0,
gambach.net,unknown,1.0,0,
uskl.logineo.de,unknown,1.0,0,
baumer.com,unknown,1.0,0,
unap.edu.pe,Peru,2.0,Universidad Nacional del Altiplano,
dahlhausen.de,unknown,1.0,0,
bitburg-pruem.de,unknown,1.0,0,
zar-spandau.de,unknown,1.0,0,
stud.uni-due.de,Germany,2.0,Universität Duisburg-Essen,
hsf-meissen.de,Germany,2.0,Hochschule Meißen (FH) und Fortbildungszentrum,
uni-due.de,Germany,2.0,Universität Duisburg-Essen,
example.com,Germany,2.0,FernUniversität in Hagen,
rub.de,Germany,2.0,Ruhr-Uni Bochum,
uni-koblenz.de,Germany,2.0,Universität Koblenz,
stud.hs-ruhrwest.de,Germany,2.0,Hochschule Ruhr-West,
hs-ruhrwest.de,Germany,2.0,Hochschule Ruhr-West,
uni-oldenburg.de,Germany,2.0,Universität Oldenburg,
ba-sachsen.de,Germany,2.0,Duale Hochschule Sachsen,
upb.de,Germany,2.0,Universität Paderborn,
uni-a.de,Germany,2.0,Universität Augsburg,
edu.uni-graz.at,Austria,2.0,Universität Graz,
uniklinik-freiburg.de,Germany,2.0,Universitätsklinikum Freiburg,
fhgr.ch,Switzerland,2.0,Fachhochschule Graubünden,
ukaachen.de,Germany,2.0,Uniklinik RWTH Aachen,
uni-graz.at,Austria,2.0,Universität Graz,
usb.ch,Switzerland,2.0,University of Basel,
fh-campuswien.ac.at,Austria,2.0,FH Campus Wien,
fh-kaernten.at,Austria,2.0,FH Kärnten,
tib.eu,unknown,1.0,Leibniz-Informationszentrum Technik und Naturwissenschaften und Universitätsbibliothek,
stat.uni-muenchen.de,Germany,2.0,Universität München,
hsp-steuer.de,unknown,1.0,0,
fhooe.at,Austria,2.0,FH Oberösterreich,
ils.de,unknown,1.0,0,
students.fh-linz.at,Austria,2.0,FH Oberösterreich,
bildungscampus.saarland.de,Germany,1.0,Bildungscampus Saarland,
student.hpi.de,Germany,2.0,Hasso-Plattner-Institut,
hochschule-bc.de,Germany,2.0,Hochschule Biberach,
stud.fhgr.ch,Switzerland,2.0,Fachhochschule Graubünden,
med.uni-muenchen.de,Germany,2.0,Universität München,
hamburger-fh.de,Germany,2.0,HFH Hamburger Fern-Hochschule,
fhws.de,Germany,2.0,TH Würzburg-Schweinfurt,
mail.upb.de,Germany,2.0,Universität Paderborn,
universitadipavia.it,Italy,2.0,University of Pavia,
student.bsz-bietigheim.de,unknown,1.0,0,
dvv-vhs.de,unknown,1.0,0,
vhs-unterland.de,unknown,1.0,0,
umwelt-campus.de,Germany,2.0,Umwelt-Campus Birkenfeld,
unisys.com,unknown,1.0,0,
kvsachsen.de,unknown,1.0,0,
dhbw-heidenheim.de,Germany,2.0,DHBW,
polizei.niedersachsen.de,Germany,1.0,Polizei Niedersachsen,
hs-gm.de,Germany,2.0,Hochschule Geisenheim,
hochschulforum.org,unknown,1.0,0,
meduniwien.ac.at,Austria,2.0,MedUni Wien,
phwien.ac.at,Austria,2.0,Pädagogische Hochschule Wien,
hs-bochum.de,Germany,2.0,Hochschule Bochum,
ktu.edu,Lithuania,2.0,Kaunas University of Technology,
phst.at,Austria,2.0,Pädagogische Hochschule Steiermark,
lasub.smk.sachsen.de,unknown,1.0,0,
universum-bremen.de,unknown,1.0,0,
uniklinik-ulm.de,Germany,2.0,Universitätsklinikum Ulm,
unimedizin-mainz.de,Germany,2.0,Universitätsmedizin Mainz,
ph-noe.ac.at,Austria,2.0,Pädagogische Hochschule Niederösterreich,
smail.fh-koeln.de,Germany,2.0,TH Köln,
ini.rub.de,Germany,2.0,Ruhr-Uni Bochum,
uni-landau.de,Germany,2.0,TU Kaiserslautern,
unite.eu,unknown,1.0,0,
hsrw.org,unknown,1.0,0,
fh-wien.ac.at,Austria,2.0,FHWien der WKW,
fh-koeln.de,Germany,2.0,TH Köln,
conedu.com,unknown,1.0,0,
ehs-hamburg.de,Germany,1.0,Schule Ernst-Henning-Straße,
ph-ooe.at,Austria,2.0,Pädagogische Hochschule Oberösterreich,
dhbw-ravensburg.de,Germany,2.0,DHBW,
fhsv.saarland.de,Germany,2.0,Fachhochschule für Verwaltung des Saarlandes,
de.unisys.com,unknown,1.0,0,
fh-salzburg.ac.at,Austria,2.0,Fachhochschule Salzburg,
colegio-humboldt.edu.mx,unknown,1.0,0,
kolping-student.de,Germany,2.0,Kolping Hochschule,
fernfh.ac.at,Austria,2.0,Ferdinand Porsche FERNFH,
hsrw.eu,Germany,2.0,Hochschule Rhein-Waal,
lrz.uni-muenchen.de,Germany,2.0,Universität München,
fhstp.ac.at,Austria,2.0,Fachhochschule St. Pölten,
chnu.edu.ua,Ukraine,2.0,Yuriy Fedkovych Chernivtsi National University,
math.upb.de,Germany,2.0,Universität Paderborn,
iph-hannover.de,unknown,1.0,0,
edu.fh-wien.ac.at,Austria,2.0,"FHWien der WKW""",
vetter-pharma.com,unknown,1.0,0,
hd-sachsen.de,unknown,1.0,0,
kphvie.ac.at,Austria,2.0,Kirchliche Pädagogische Hochschule Wien/Niederösterreich,
vhs-bw.de,unknown,1.0,0,
landesfilmdienst-sachsen.de,unknown,1.0,0,
hochschule-burgenland.at,Austria,2.0,Hochschule Burgenland,
unity.de,unknown,1.0,0,
uphf.fr,France,2.0,Universite Polytechnique Hauts-de-France,
hs-sm.de,Germany,2.0,Hochschule Schmalkalden,
smr.sachsen.de,unknown,1.0,0,
crf-education.com,unknown,1.0,0,
uniklinikum-dresden.de,Germany,2.0,Universitätsklinikum Carl Gustav Carus Dresden,
udo.edu,Germany,2.0,TU Dortmund,
student.dhbw-heidenheim.de,Germany,2.0,DHBW,
tu-bs.de,Germany,2.0,TU Braunschweig,
fosbos-kitzingen.de,unknown,1.0,0,
vhs-landkreis-konstanz.de,unknown,1.0,0,
phorms.de,unknown,1.0,0,
unielektro.de,unknown,1.0,0,
lutzundgrub.de,unknown,1.0,0,
smekul.sachsen.de,unknown,1.0,0,
daad-alumni.de,unknown,1.0,0,
uni.pe,unknown,1.0,0,
sou.unifeb.edu.br,unknown,1.0,0,
dachstiftung-diakonie.de,unknown,1.0,0,
phoenixhrconsulting.com,unknown,1.0,0,
richter-edu.de,unknown,1.0,0,
thomasdrechsel.de,unknown,1.0,0,
thsofs.schule,unknown,1.0,0,
naturgut-ophoven.de,unknown,1.0,0,
vhs-burgenlandkreis.de,unknown,1.0,0,
steilstarter.de,unknown,1.0,0,
mach-mit-kitas.de,unknown,1.0,0,
raphael-sommer.de,unknown,1.0,0,
oberland-tuning.de,unknown,1.0,0,
campus02.at,Austria,2.0,FH CAMPUS 02,
dh-karlsruhe.de,Germany,2.0,DHBW,
ibes.uni-due.de,Germany,2.0,Universität Duisburg-Essen,
vhs-karlsruhe.de,unknown,1.0,0,
edu.fh-campuswien.ac.at,Austria,2.0,FH Campus Wien,
philosophai.de,unknown,1.0,0,
stadt-gifhorn.de,unknown,1.0,0,
hochschuldidaktik.net,unknown,1.0,0,
vhs-hechingen.de,unknown,1.0,0,
philippmichaelis.de,unknown,1.0,0,
vhs-hildesheim.de,unknown,1.0,0,
ext.hs-ruhrwest.de,Germany,2.0,Hochschule Ruhr-West,
dachser.com,unknown,1.0,0,
ms-viktor-kaplan.edu.graz.at,unknown,1.0,0,
rubin.ch,unknown,1.0,0,
hla-hm.eduplaza.de,unknown,1.0,0,
alum.uni-oldenburg.de,unknown,1.0,0,
students.meduniwien.ac.at,Austria,2.0,MedUni Wien,
tibimi.de,unknown,1.0,0,
kfh.de,unknown,1.0,0,
helmutniessner.at,unknown,1.0,0,
diepholz.de,unknown,1.0,0,
mail.hs-gm.de,Germany,2.0,Hochschule Geisenheim,
rahn.education,unknown,1.0,0,
lukasflad.de,unknown,1.0,0,
kvhs-norden.de,unknown,1.0,0,
medicalvision.de,unknown,1.0,0,
claudialohse.de,unknown,1.0,0,
pharmanext.de,unknown,1.0,0,
freseniusmedicalcare.com,unknown,1.0,0,
vhs-aktuell.de,unknown,1.0,0,
bldpharm.com,unknown,1.0,0,
metamorph.de,unknown,1.0,0,
ophardt.com,unknown,1.0,0,
photospirit.ch,unknown,1.0,0,
rechtsanwaelte-hsh.de,unknown,1.0,0,
nlwkn.niedersachsen.de,unknown,1.0,0,
sms.sachsen.de,unknown,1.0,0,
hsbund-nd.de,Germany,2.0,Hochschule des Bundes für öffentliche Verwaltung,
phienchen.de,unknown,1.0,0,
eh-communication.de,unknown,1.0,0,
autohausbender.com,unknown,1.0,0,
hs-results.com,unknown,1.0,0,
xu-university.de,Germany,2.0,XU Exponential University of Applied Sciences,
msg-landau.education,unknown,1.0,0,
phiga.de,unknown,1.0,0,
vhs-sha.de,unknown,1.0,0,
medical-contact.de,unknown,1.0,0,
ifro.edu.br,unknown,1.0,0,
privatschulen-sachsen-thueringen.de,unknown,1.0,0,
alumn.incae.edu,unknown,1.0,0,
michaelfuchs.de,unknown,1.0,0,
union-investment.de,unknown,1.0,0,
virtualeducation.group,unknown,1.0,0,
univ-cotedazur.fr,France,2.0,Universität Nizza Sophia-Antipolis,
hsu.hamburg,Germany,2.0,Helmut-Schmidt-Universität Hamburg,
schmitz-medical.com,unknown,1.0,0,
rockitdigital.de,unknown,1.0,0,
univere.de,unknown,1.0,0,
ihu.edu.tr,Turkey,2.0,Ibn Haldun University,
ph-tirol.ac.at,Austria,2.0,Pädagogische Hochschule Tirol,
unilever.com,unknown,1.0,0,
unidigital.news,unknown,1.0,0,
lukasschule.de,unknown,1.0,0,
lsb-niedersachsen.de,unknown,1.0,0,
sport-fuer-sachsen.de,unknown,1.0,0,
hephata-mg.de,unknown,1.0,0,
hsbund-fbbwv.de,Germany,2.0,Hochschule des Bundes für öffentliche Verwaltung,
hsi-unternehmensberatung.com,unknown,1.0,0,
grollmuss.de,unknown,1.0,0,
dfh-ufa.org,unknown,1.0,0,
stud.phgr.ch,Switzerland,2.0,Pädagogische Hochschule Graubünden,
fuchsworkx.de,unknown,1.0,0,
hso.ch,unknown,1.0,0,
lfd.sachsen-anhalt.de,unknown,1.0,0,
bhos.edu.az,Azerbaijan,2.0,Baku Higher Oil School,
kommunikat-design.de,unknown,1.0,0,
vhs-landshut.de,unknown,1.0,0,
thywissen-unternehmenskommunikation.de,unknown,1.0,0,
innenausbau-seitz.de,unknown,1.0,0,
tourismusniedersachsen.de,unknown,1.0,0,
ihss.de,unknown,1.0,0,
cs.toronto.edu,Canada,2.0,University of Toronto,
phineo.org,unknown,1.0,0,
unifesp.br,Brazil,2.0,Federal University of São Paulo,
harutunian.de,unknown,1.0,0,
phvs.ch,Switzerland,2.0,Pädagogische Hochschule Wallis,
unicredit.de,unknown,1.0,0,
unitc.de,unknown,1.0,0,
ph-burgenland.at,Austria,2.0,Private Pädagogische Hochschule Burgenland,
fh-ooe.at,Austria,2.0,FH Oberösterreich,
vernetzt-wachsen.de,unknown,1.0,0,
virtuelle-ph.at,unknown,1.0,0,
kommunalcampus.de,Germany,1.0,Kommunal Campus,
elisabeth-karr.de,unknown,1.0,0,
uni-dortmund.de,Germany,2.0,TU Dortmund,
fhgooe.ac.at,Austria,2.0,FH Gesundheitsberufe OÖ,
univ-lille.fr,France,2.0,University of Lille,
mainsphere-systems.de,unknown,1.0,0,
leon.fuchs.contact,unknown,1.0,0,
phonoschrank.com,unknown,1.0,0,
derbacher-communications.de,unknown,1.0,0,
stahr.education,unknown,1.0,0,
phobricks.ch,unknown,1.0,0,
vetmeduni.ac.at,Austria,2.0,Veterinärmedizinische Universität Wien,
uv.rub.de,Germany,2.0,Ruhr-Uni Bochum,
tomhellmuth.com,unknown,1.0,0,
germanistik.uni-muenchen.de,Germany,2.0,Universität München,
lit.justiz.sachsen.de,unknown,1.0,0,
moskito.de,unknown,1.0,0,
mit.edu,United States,2.0,Massachusetts Institute of Technology,
fh-kiel-gmbh.de,unknown,1.0,0,
isb.edu,India,2.0,Indian School of Business,
rubner.com,unknown,1.0,0,
itlp.edu.mx,Mexico,2.0,Instituto Tecnológico de La Paz,
adypu.edu.in,India,2.0,Ajeenkya DY Patil University,
cuisahiwal.edu.pk,Pakistan,2.0,COMSATS University Islamabad,
phoenix-projekte.de,unknown,1.0,0,
stephanbuecker.com,unknown,1.0,0,
lukasbischof.eu,unknown,1.0,0,
gm.uit.edu.vn,Vietnam,2.0,Vietnam National University HCMC,
mg-niedersachsen.de,unknown,1.0,0,
lwk-niedersachsen.de,unknown,1.0,0,
stud.medunigraz.at,Austria,2.0,Medizinische Universität Graz,
stephan-frank.com,unknown,1.0,0,
ozu.edu.tr,Turkey,2.0,Özyegin University,
ms.niedersachsen.de,unknown,1.0,0,
hph.kirche.org,unknown,1.0,0,
essec.edu,France,2.0,ESSEC Business School,
arhs-cube.com,unknown,1.0,0,
nctu.edu.tw,Taiwan,2.0,National Yang Ming Chiao Tung University,
silomails.com,unknown,1.0,0,
we-grow.community,unknown,1.0,0,
alpha-ambulantepflege.de,unknown,1.0,0,
vhs-nds.de,unknown,1.0,0,
phoenixcontact.com,unknown,1.0,0,
universal-investment.com,unknown,1.0,0,
darmstadt-vhs.de,unknown,1.0,0,
asg-crailsheim.de,unknown,1.0,0,
newschool.edu,United States,2.0,The New School,
schueler-chs-wob.de,unknown,1.0,0,
uniplan.com,unknown,1.0,0,
helmut-bornschein.de,unknown,1.0,0,
hochsauerlandkreis.de,unknown,1.0,0,
ph-schwarz.de,unknown,1.0,0,
hs-weingarten.de,Germany,2.0,Hochschule Ravensburg-Weingarten,
uphoff-tech.eu,unknown,1.0,0,
christoph-thetard.de,unknown,1.0,0,
nilsmacke.de,unknown,1.0,0,
mi.sachsen-anhalt.de,unknown,1.0,0,
heinrichsturm.de,unknown,1.0,0,
maastrichtuniversity.nl,Netherlands,2.0,Maastricht University,
lamedusastore.com,unknown,1.0,0,
drkunder.de,unknown,1.0,0,
sportmed.upb.de,Germany,2.0,Universität Paderborn,
dena-education.com,unknown,1.0,0,
philips.com,unknown,1.0,0,
tilburguniversity.edu,Netherlands,2.0,Tilburg University,
ris.uni-due.de,Germany,2.0,Universität Duisburg-Essen,
koerber-pharma.com,unknown,1.0,0,
bechstein.de,unknown,1.0,0,
unir.net,unknown,1.0,0,
vhs-dinslaken.de,unknown,1.0,0,
jamnig-stellmach.de,unknown,1.0,0,
vhs-bayern.de,unknown,1.0,0,
vhs-wolfsburg.de,unknown,1.0,0,
cchs.chc.edu.tw,unknown,1.0,0,
ucu.edu.ua,Ukraine,2.0,Ukrainian Catholic University,
polizei.sachsen.de,Germany,1.0,Polizei Sachsen,
uni-tuebingen.online,Germany,2.0,Universität Tübingen,
htw-aalen.de,Germany,2.0,Hochschule Aalen,
dp-uni.eu,Austria,2.0,Danube Private University,
students.kiron.ngo,unknown,1.0,0,
ghse.de,unknown,1.0,0,
judithschmitt.de,unknown,1.0,0,
voicesunitedev.de,unknown,1.0,0,
aims.edu.gh,unknown,1.0,0,
binaer-universum.de,unknown,1.0,0,
bsp-campus-hamburg.de,Germany,2.0,BSP Business and Law School,
christophkilian.de,unknown,1.0,0,
proedu.ch,unknown,1.0,0,
mi.niedersachsen.de,unknown,1.0,0,
hst.net,unknown,1.0,0,
d-education.de,unknown,1.0,0,
nilslenfers.de,unknown,1.0,0,
kepleruniklinikum.at,Austria,2.0,Kepler Universitätsklinikum,
dci-student.org,unknown,1.0,0,
studmail.htw-aalen.de,Germany,2.0,Hochschule Aalen,
dksbthueringen.de,unknown,1.0,0,
ulla-ruths.de,unknown,1.0,0,
cheplapharm.com,unknown,1.0,0,
deutschehochschule.de,Germany,2.0,Deutsche Hochschule für angewandte Wissenschaften,
chs-hn.de,unknown,1.0,0,
sorbonne-universite.fr,France,2.0,Sorbonne University,
gerlachs.eu,unknown,1.0,0,
hni.upb.de,Germany,2.0,Universität Paderborn,
zv.upb.de,Germany,2.0,Universität Paderborn,
hs-karlsruhe.de,Germany,2.0,Hochschule Karlsruhe,
focuskunde.de,unknown,1.0,0,
inf.bi.rub.de,Germany,2.0,Ruhr-Uni Bochum,
wph.com.sg,unknown,1.0,0,
constructor.university,Germany,2.0,Constructor University,
hftl.de,Germany,2.0,Hochschule für Telekommunikation Leipzig,
schwarzlmueller.de,unknown,1.0,0,
gess.edu.sg,unknown,1.0,0,
concludio.education,unknown,1.0,0,
stud.hochschule-heidelberg.de,Germany,2.0,SRH Hochschule,
vhs-osland.de,unknown,1.0,0,
hsm.hessen.de,unknown,1.0,0,
vhs-bingen.de,unknown,1.0,0,
polytechnique.edu,France,2.0,École polytechnique,
eng.bau.edu.tr,Turkey,2.0,Bogazici University,
student.fhws.de,Germany,2.0,TH Würzburg-Schweinfurt,
ahskoeflach.at,unknown,1.0,0,
hsnr.de,Germany,2.0,Hochschule Niederrhein,
michaela-benkitsch.com,unknown,1.0,0,
ehsani.de,unknown,1.0,0,
sbg-bruchsal.de,unknown,1.0,0,
josephstift-dresden.de,unknown,1.0,0,
fhg-radolfzell.de,unknown,1.0,0,
phsh.ch,Switzerland,2.0,Pädagogische Hochschule Schaffhausen,
hochschulstart.de,unknown,1.0,0,
stemmaadi.moe.edu.eg,unknown,1.0,0,
linkenheim-hochstetten.de,unknown,1.0,0,
stephan-schiffner.de,unknown,1.0,0,
hsbi.de,Germany,2.0,FH Bielefeld,
ph-linz.at,Austria,2.0,Private Pädagogische Hochschule der Diözese Linz,
dsmedellin.edu.co,unknown,1.0,0,
rfh-campus.de,Germany,2.0,Rheinische FH Köln,
stud.fh-sm.de,Germany,2.0,Hochschule Schmalkalden,
hochschulentwicklung.eu,unknown,1.0,0,
mpz-mittelsachsen.de,unknown,1.0,0,
vhs-aktuellesforum.de,unknown,1.0,0,
vhs-wiesental.de,unknown,1.0,0,
qbc.wa.edu.au,unknown,1.0,0,
teamwerk.education,unknown,1.0,0,
epha.berlin,unknown,1.0,0,
student.bsp-campus-hamburg.de,Germany,2.0,BSP Business and Law School,
student.wb-hochschule.com,Germany,2.0,Wilhelm Büchner Hochschule Darmstadt,
freie-schule-anne-sophie.de,unknown,1.0,0,
thomas-hellmuth.com,unknown,1.0,0,
vhs-mtk.de,unknown,1.0,0,
palmbeachschools.org,unknown,1.0,0,
niphba.de,unknown,1.0,0,
adeunis.com,unknown,1.0,0,
campus.hamburger-fh.de,Germany,2.0,HFH Hamburger Fern-Hochschule,
stephaniesommer.com,unknown,1.0,0,
highspeed.li,unknown,1.0,0,
hsg-berlin.eu,unknown,1.0,0,
munichre.com,unknown,1.0,0,
diakonie-katastrophenhilfe.de,unknown,1.0,0,
pk-pharmakommunikation.de,unknown,1.0,0,
vitstudent.ac.in,India,2.0,Vellore Institute of Technology,
pham-online.eu,unknown,1.0,0,
hsz-bw.de,unknown,1.0,0,
immo-hilss.de,unknown,1.0,0,
pilslpartner.de,unknown,1.0,0,
smith-nephew.com,unknown,1.0,0,
apostrophgroup.de,unknown,1.0,0,
iponphoto.com,unknown,1.0,0,
stephanhaller.de,unknown,1.0,0,
jp-kommunikationsprojekte.de,unknown,1.0,0,
student.42heilbronn.de,unknown,1.0,0,
colegioelbuenpastor.edu.pa,unknown,1.0,0,
hse.com,unknown,1.0,0,
netcommunic.de,unknown,1.0,0,
dci.education,unknown,1.0,0,
smk.sachsen.de,unknown,1.0,0,
students.iitmandi.ac.in,India,2.0,Indian Institute of Technology Mandi,
vhs-brandenburg.de,unknown,1.0,0,
briefhansa.de,unknown,1.0,0,
physiopraxis-hasselberg-berlin.de,unknown,1.0,0,
shs-viveon.com,unknown,1.0,0,
drausbuettel.de,unknown,1.0,0,
uka.se,unknown,1.0,0,
luetzelbachschule.de,unknown,1.0,0,
wiebke-ilsitz.de,unknown,1.0,0,
sachsonline.biz,unknown,1.0,0,
fh-linz.at,Austria,2.0,FH Oberösterreich,
pim.uni-due.de,Germany,2.0,Universität Duisburg-Essen,
nlq.niedersachsen.de,unknown,1.0,0,
vhs-heidekreis.de,unknown,1.0,0,
stbk-niedersachsen.de,unknown,1.0,0,
sachsen-anhalt.de,unknown,1.0,0,
unibayern.de,unknown,1.0,0,
christoph-siegert.com,unknown,1.0,0,
fukaru.com,unknown,1.0,0,
hafner-philipp.de,unknown,1.0,0,
bayhsta.bayern.de,unknown,1.0,0,
ausbildungsbetreuung.de,unknown,1.0,0,
bauphysik-kruse.de,unknown,1.0,0,
vhs.bremerhaven.de,unknown,1.0,0,
student-hfr.de,Germany,2.0,Hochschule für Forstwirtschaft Rottenburg,
uniflux.org,unknown,1.0,0,
munich-airport.de,unknown,1.0,0,
bhs-world.com,unknown,1.0,0,
vhs-unteres-remstal.de,unknown,1.0,0,
stud.srh-campus-berlin.de,Germany,2.0,SRH Hochschule,
itg.uni-muenchen.de,Germany,2.0,Universität München,
gymn.wtkedu.de,unknown,1.0,0,
pm-kundenberatung.de,unknown,1.0,0,
ths-rt.de,unknown,1.0,0,
tuni.fi,Finland,2.0,Tampere University,
digitales-chemnitz.de,unknown,1.0,0,
landgrafenschule-edu.de,unknown,1.0,0,
curvymaths.xyz,unknown,1.0,0,
hbehs.com,unknown,1.0,0,
kalfhues.com,unknown,1.0,0,
sarahstemmler.de,unknown,1.0,0,
colegioandino.edu.co,unknown,1.0,0,
dp-uni.ac.at,Austria,2.0,Danube Private University,
contractoralefeducation.com,unknown,1.0,0,
massephase-berlin.de,unknown,1.0,0,
medicalvalues.de,unknown,1.0,0,
kalaidos-fh.ch,Switzerland,2.0,Kalaidos Fachhochschule Schweiz,
lsb-sachsen-anhalt.de,unknown,1.0,0,
proalpha.com,unknown,1.0,0,
ms.sachsen-anhalt.de,unknown,1.0,0,
etu.univ-cotedazur.fr,France,2.0,Universität Nizza Sophia-Antipolis,
unicontrol.de,unknown,1.0,0,
christophervila.de,unknown,1.0,0,
klh.edu.in,India,2.0,KLH University,
physik.uni-muenchen.de,Germany,2.0,Universität München,
qualitaet-kita.de,unknown,1.0,0,
noisemails.com,unknown,1.0,0,
helmholtz-munich.de,unknown,1.0,0,
medienkita.de,unknown,1.0,0,
kuniswelt.de,unknown,1.0,0,
feut.edu.al,Albania,2.0,University of Tirana,
adg-campus.de,Germany,2.0,ADG Business School,
christoph-hesse.de,unknown,1.0,0,
alphagate.eu,unknown,1.0,0,
radiologie-filstal.de,unknown,1.0,0,
s-communication.de,unknown,1.0,0,
nilswommelsdorf.de,unknown,1.0,0,
ifc.edu.br,Brazil,2.0,Instituto Federal Catarinense,
vhs-langenhagen.de,unknown,1.0,0,
philleserv.de,unknown,1.0,0,
kunden-perspektive.de,unknown,1.0,0,
christopher-stremmel.de,unknown,1.0,0,
ihs.ac.at,Austria,1.0,Institute for Advanced Studies,
dumnissus20.de,unknown,1.0,0,
ostwest-kommunikation.de,unknown,1.0,0,
gropiusbau.de,unknown,1.0,0,
photograephin.de,unknown,1.0,0,
ut.edu.vn,Vietnam,2.0,Ho Chi Minh City University of Transport,
kukalaj.de,unknown,1.0,0,
ibe.med.uni-muenchen.de,Germany,2.0,Universität München,
finkfuchs.de,unknown,1.0,0,
vsm.eduu.ch,unknown,1.0,0,
threedy.io,,1.0,0,
riess.de,,1.0,0,
muuuh.de,,1.0,0,
mpie.de,,1.0,0,
fairdigital24-7.com,,1.0,0,
gfz.de,,1.0,0,
tiq-solutions.de,,1.0,0,
itk-rheinland.de,,1.0,0,
ks-ldk.de,,1.0,0,
kreis-gr.de,,1.0,0,
wow-portal.com,,1.0,0,
stiwl.de,,1.0,0,
ifw-dresden.de,,1.0,0,
graftlab.com,,1.0,0,
doganpfahler.de,,1.0,0,
staedteregion-aachen.de,,1.0,0,
riedel-immobilien.de,,1.0,0,
vbv.bwl.de,,1.0,0,
vitafluence.ai,,1.0,0,
putzmeister.com,,1.0,0,
era.int,,1.0,0,
requisimus.com,,1.0,0,
fega-schmitt.de,,1.0,0,
bmlv.gv.at,,1.0,0,
wko.at,,1.0,0,
acib.at,,1.0,0,
bolzhauser.de,,1.0,0,
we-online.de,,0.0,0.0,
check24.de,,1.0,0,
by.aok.de,,1.0,0,
filminstitut.at,,1.0,0,
circula.com,,1.0,0,
zoll.bund.de,,1.0,0,
amf.de,,1.0,0,
saarbruecken.de,,1.0,0,
drei.at,,1.0,0,
rosendahl.de,,1.0,0,
atesteo.com,,1.0,0,
luedenscheid.de,,1.0,0,
diebuchingers.at,,1.0,0,
kwb.de,,1.0,0,
ggaweb.ch,,1.0,0,
hogenfeld.com,,1.0,0,
kdo.de,,1.0,0,
platomics.com,,1.0,0,
koerber.com,,1.0,0,
panther-batterien.de,,1.0,0,
landkreis-aurich.de,,1.0,0,
eom.de,,1.0,0,
pannier-schulungen.de,,1.0,0,
loom.de,,1.0,0,
v-und-s.de,,1.0,0,
vallee-unger.de,,1.0,0,
spielmobile.de,,1.0,0,
klinger.co.at,,1.0,0,
bplusr.de,,1.0,0,
deatech-consulting.de,,1.0,0,
knappschaft-kliniken.de,,1.0,0,
von-eicken.com,,1.0,0,
hmf-germany.com,,1.0,0,
noerr.com,,1.0,0,
webasto.com,,1.0,0,
ziehl-abegg.de,,1.0,0,
lavg.brandenburg.de,,1.0,0,
borisgloger.com,,1.0,0,
kreis-wesel.de,,1.0,0,
zukunft-digitale-bildung.de,,1.0,0,
haftpflichtexperten.de,,1.0,0,
wuerth-egh.de,,1.0,0,
kdu.nrw,,1.0,0,
evomotiv.de,,1.0,0,
kefb.de,,1.0,0,
mindsquare.de,,1.0,0,
hfjs.eu,Germany,2.0,HFJS Heidelberg,
zgb.uni-bonn.de,Germany,2.0,Universität Bonn,
wsv.bund.de,,1.0,0,
greeninvestberlin.de,,1.0,0,
moellergroup.com,,1.0,0,
steinburg.de,,1.0,0,
hrmony.de,,1.0,0,
lbv.bwl.de,,1.0,0,
l-bank.de,,1.0,0,
oose.de,,1.0,0,
e-uvt.ro,Romania,2.0,West University of Timisoara,
schueller.de,,1.0,0,
aisencia.de,,1.0,0,
matrix-gruppe.de,,1.0,0,
finken.eu,,1.0,0,
hwkno.de,,1.0,0,
midland-it.de,,1.0,0,
kertos.io,,1.0,0,
kumihealth.de,,1.0,0,
ids-imaging.de,,1.0,0,
rathaus.potsdam.de,,1.0,0,
vend-consulting.de,,1.0,0,
gpe-rlp.de,,1.0,0,
ofenakademie.de,,1.0,0,
mein-gsm.de,,1.0,0,
mhb-fontane.de,Germany,2.0,Medizinische Hochschule Brandenburg,
witeno.de,,1.0,0,
dotdefine.com,,1.0,0,
fos-bamberg.de,,1.0,0,
laborschule.de,,1.0,0,
authenticoach.de,,1.0,0,
steffenschuster.de,,1.0,0,
egs-plan.de,,1.0,0,
kloeckner.com,,1.0,0,
werner.biz,,1.0,0,
oc-orthochirurgie.com,,1.0,0,
schwarzconsulting.de,,1.0,0,
hoerstel.de,,1.0,0,
doctoroo.org,,1.0,0,
antony.ch,,1.0,0,
stud.esa.dhge.de,Germany,2.0,Duale Hochschule Gera-Eisenach,
alpen-rhein.ch,,1.0,0,
annamatthias.de,,1.0,0,
it-haus.com,,1.0,0,
znf.uni-heidelberg.de,Germany,2.0,Universität Heidelberg,
ptj.de,,1.0,0,
gp-ruesselsheim.de,,1.0,0,
atek.de,,1.0,0,
innomea.de,,1.0,0,
schwerte.de,,1.0,0,
lehrkompetenz.de,,1.0,0,
ampega.com,,1.0,0,
gominga.com,,1.0,0,
robertkoetter.de,,1.0,0,
exaclair.eu,,1.0,0,
arctron.de,,1.0,0,
ralfbrink.de,,1.0,0,
ringeisen-gymnasium.de,,1.0,0,
dr-mehnert.de,,1.0,0,
darstellende-kuenste.de,,1.0,0,
citizens-of-mars.com,,1.0,0,
labors.at,,1.0,0,
bhose.de,,1.0,0,
schwaben.ihk.de,,1.0,0,
caritas-haus-feldberg.de,,1.0,0,
leonhard-weiss.com,,1.0,0,
nevm.de,,1.0,0,
jurgelucks.de,,1.0,0,
pink-es.de,,1.0,0,
ls.ofs.schule,,1.0,0,
schmersal.com,,1.0,0,
aprentas.com,,1.0,0,
rudishome.de,,1.0,0,
sinabayer.de,,1.0,0,
eschbach.com,,1.0,0,
kjf-regensburg.de,,1.0,0,
immobilien.bremen.de,,1.0,0,
jawdigital.at,,1.0,0,
gss-melsungen.de,,1.0,0,
metso.com,,1.0,0,
urologie-tegernsee.com,,1.0,0,
nunziata.eu,,1.0,0,
elkasmi.de,,1.0,0,
lanotec.de,,1.0,0,
mjr.gmbh,,1.0,0,
maxwild.com,,1.0,0,
niwes.de,,1.0,0,
4-cl.net,,1.0,0,
premifair.de,,1.0,0,
hama.de,,1.0,0,
gdw-berlin.de,,1.0,0,
lipsdorf.com,,1.0,0,
jaga.email,,1.0,0,
familiewehner.de,,1.0,0,
sos-kd.org,,1.0,0,
nicola-moell.de,,1.0,0,
mvi-group.com,,1.0,0,
d2030.de,,1.0,0,
denic.de,,1.0,0,
neflor.com,,1.0,0,
gtw-mc.com,,1.0,0,
gymnasium-trudering.de,,1.0,0,
infora.de,,1.0,0,
erminas.de,,1.0,0,
uncu.de,,1.0,0,
stud.mediadesign.de,Germany,2.0,Mediadesign Hochschule,
kuhrke.com,,1.0,0,
hb-capital.de,,1.0,0,
calmpros.com,,1.0,0,
hero-software.de,,1.0,0,
danielstoetzer.de,,1.0,0,
cosmacon.de,,1.0,0,
daniela-lohmann.de,,1.0,0,
gma.biz,,1.0,0,
henschke-partner.de,,1.0,0,
dalitz.net,,1.0,0,
gregoreiling.de,,1.0,0,
srk-sg.ch,,1.0,0,
ed.ac.uk,United Kingdom,2.0,University of Edinburgh,
stud.hs-esslingen.de,Germany,2.0,Hochschule Esslingen,
musikakademie-alteglofsheim.de,,1.0,0,
socura.de,,1.0,0,
gemdud.de,,1.0,0,
vanbaars.de,,1.0,0,
verbraucher.org,,1.0,0,
my-facius.de,,1.0,0,
gymnasium-kreuzau.de,,1.0,0,
ags.at,,1.0,0,
koenen-bonn.de,,1.0,0,
quirinprivatbank.de,,1.0,0,
corn.holio.day,,1.0,0,
elaboratum.de,Germany,2.0,TU München,
steinbeis.de,,1.0,0,
dsconnection.de,,1.0,0,
space-web.info,,1.0,0,
azubinet.info,,1.0,0,
saarcoach.com,,1.0,0,
mind-systems.de,,1.0,0,
pukzh.ch,,1.0,0,
bholusaria.com,,1.0,0,
sick.ch,,1.0,0,
alexander-venn.de,,1.0,0,
gym-allee.de,,1.0,0,
sven-lilienstroem.de,,1.0,0,
neuefische.de,,1.0,0,
turck.com,,1.0,0,
ekhn.de,,1.0,0,
data-security.ch,,1.0,0,
primetals.com,,1.0,0,
kanzlei-schimmel.de,,1.0,0,
bkh-guenzburg.de,,1.0,0,
aulmann-resilienz.de,,1.0,0,
greving.de,,1.0,0,
fehrmann.tech,,1.0,0,
loop.de,,1.0,0,
iii.org.tw,,1.0,0,
supermoot.com,,1.0,0,
nfec.de,,1.0,0,
medialepfade.org,,1.0,0,
olympus.com,,1.0,0,
auslandsdienst.at,,1.0,0,
familiejonas.de,,1.0,0,
rifs-potsdam.de,,1.0,0,
fleischer-restaurantbedarf.de,,1.0,0,
ehrenwert-agentur.de,,1.0,0,
hppyppl.de,,1.0,0,
hdiefenbach.de,,1.0,0,
gws.ms,,1.0,0,
agv-bs.de,,1.0,0,
lilalo.aleeas.com,,1.0,0,
wlgore.com,,1.0,0,
cubuzz.de,,1.0,0,
balinzauhof.at,,1.0,0,
konitzer-training.de,,1.0,0,
awguetze.de,,1.0,0,
depitpro.de,,1.0,0,
paed.psych.uni-frankfurt.de,Germany,2.0,Universität Frankfurt,
leue.de,,1.0,0,
ingenics.com,,1.0,0,
prof-wre.de,,1.0,0,
konmatik.de,,1.0,0,
landkreis-heidenheim.de,,1.0,0,
prezero.com,,1.0,0,
kreye.me,,1.0,0,
vasen.de,,1.0,0,
dubnow.de,,1.0,0,
rshw.de,,1.0,0,
consulting-jm.com,,1.0,0,
finanzen.saarland.de,,1.0,0,
schuermann.family,,1.0,0,
itconsulting-ulm.de,,1.0,0,
lbglobl.com,,1.0,0,
bu-st.de,,1.0,0,
adminz.de,,1.0,0,
talentwirtschaft.de,,1.0,0,
nafaxles.com,,1.0,0,
go-institut.com,,1.0,0,
daw.de,,1.0,0,
compleet.com,,1.0,0,
pitten-privat.de,,1.0,0,
p0gram3r.it,,1.0,0,
floetzinger.de,,1.0,0,
osz-gastgewerbe.de,,1.0,0,
planundimpuls.de,,1.0,0,
inecos.eu,,1.0,0,
geekmail.de,,0.0,0.0,
sprint.de,,1.0,0,
zib-training.at,,1.0,0,
thomasclausen.eu,,1.0,0,
dvr.de,,1.0,0,
wuerth-management.com,,1.0,0,
stieglbauer.de,,1.0,0,
kja.de,,1.0,0,
ejsa-bayern.de,,1.0,0,
vistac.de,,1.0,0,
hvs-schule-berlin.de,,1.0,0,
calhelp.de,,1.0,0,
timera.de,,1.0,0,
stud.kh-freiburg.de,Germany,2.0,Kath. Hochschule Freiburg,
if.de,,1.0,0,
talking-spirits.de,,1.0,0,
juliartb.de,,1.0,0,
germanrainbow.com,,1.0,0,
lwg-hh.de,,1.0,0,
muenstermann-marketing.com,,1.0,0,
walhalla.de,,1.0,0,
smarketing-akademie.de,,1.0,0,
roland-rechtsschutz.de,,1.0,0,
sevdesk.de,,1.0,0,
stooss-abluftconsulting.de,,1.0,0,
spindler-formenbau.de,,1.0,0,
torsten-hohe.com,,1.0,0,
hoesch-partner.de,,1.0,0,
schaefer-shop.de,,1.0,0,
richardharzer.de,,1.0,0,
emailn.de,,1.0,0,
schlotmann.com,,1.0,0,
heinz-georg-otte.de,,1.0,0,
intercept-it.de,,1.0,0,
raum18.de,,1.0,0,
ver.de,,1.0,0,
hattingen.de,,1.0,0,
medienlotsin.de,,1.0,0,
mailintern.de,,1.0,0,
thts.de,,1.0,0,
amersports.com,,1.0,0,
halvotec.de,,1.0,0,
intergeo.com,,1.0,0,
sabrinamertens.com,,1.0,0,
fabiancelik.com,,1.0,0,
bfi-sbg.at,,1.0,0,
mathematik.uni-wuerzburg.de,Germany,2.0,Universität Würzburg,
prolan.io,,1.0,0,
sauter-gruppe.de,,1.0,0,
public-files.de,,0.0,0.0,
knoedler.name,,1.0,0,
erlebnis-zoo.de,,1.0,0,
wirtschaft.saarland.de,,1.0,0,
innovationscoach.com,,1.0,0,
deprotectai.de,,1.0,0,
ekvw.de,,1.0,0,
christian-hensch.de,,1.0,0,
learndynamics.de,,1.0,0,
zlb.tu-chemnitz.de,Germany,2.0,TU Chemnitz,
bbmc.de,,1.0,0,
evosoft.com,,1.0,0,
orange-cube.de,,1.0,0,
traupel.net,,1.0,0,
intersoft-consulting.de,,1.0,0,
lssh.de,,1.0,0,
tecnovy.com,,1.0,0,
smg-cloud.de,,1.0,0,
professore.de,,1.0,0,
buedinger.name,,1.0,0,
gesamtschule-brueggen.nrw.schule,,1.0,0,
bistum-trier.de,,1.0,0,
netzand.work,,1.0,0,
acm.org,,1.0,0,
proserwo.com,,1.0,0,
annechristinwagner.de,,1.0,0,
ewaldfamily.com,,1.0,0,
leucht.de,,1.0,0,
d-fine.com,,1.0,0,
allego.io,,1.0,0,
rinkewitz.org,,1.0,0,
berberich.de,,1.0,0,
juristiq.ch,,1.0,0,
rios-solutions.de,,1.0,0,
kreis-fs.de,,1.0,0,
floppy-ai.de,,1.0,0,
kmp.schulerzbistum.de,Germany,2.0,TU München,
freiwillig-im-erzgebirge.de,,1.0,0,
mueckeimnetz.de,,1.0,0,
wargener.com,,1.0,0,
paulette-feller.com,,1.0,0,
stauff.com,,1.0,0,
chuebaechi.ch,,1.0,0,
beat81.com,,1.0,0,
stegmann-mode.de,,1.0,0,
bundb.de,,1.0,0,
schneider-schirme.com,,0.0,0.0,
sterners.de,,1.0,0,
peterjohann-consulting.de,,1.0,0,
bactiva.de,,1.0,0,
karadag.de,,1.0,0,
fenix.video,,1.0,0,
math.uni-koeln.de,Germany,2.0,Universität Köln,
med-x-press.de,,1.0,0,
vischer.com,,1.0,0,
buero-helmert.de,,1.0,0,
evia.de,,1.0,0,
bfw-muenchen.de,,1.0,0,
ffgleo.net,,1.0,0,
nu-agrar.de,,1.0,0,
walter-artefact.de,,1.0,0,
marius-schaefer.de,,1.0,0,
wvlaw.ch,,1.0,0,
metamo.at,,1.0,0,
sicp.de,,1.0,0,
psychologie.uni-heidelberg.de,Germany,2.0,Universität Heidelberg,
ronnypuschmann.de,,1.0,0,
zoediehl.de,,1.0,0,
czink.net,,1.0,0,
visible-marketing.de,,1.0,0,
rvz.de,,1.0,0,
romanistik.uni-freiburg.de,Germany,2.0,Universität Freiburg,
holzbau-online.de,,0.0,0.0,
soziales.saarland.de,,1.0,0,
pfst-nrw.de,,1.0,0,
jaw5.de,,1.0,0,
bedamed.de,,1.0,0,
iftp-wf.de,,1.0,0,
kaempfert.eu,,1.0,0,
rheinspringen.ch,,1.0,0,
zev-consulting.de,,1.0,0,
ego-saar.de,,1.0,0,
ulrichklotzsche.de,,1.0,0,
creatures.digital,,1.0,0,
alta-lingua.de,,1.0,0,
rambler.ru,,0.0,0.0,
ikmail.com,,1.0,0,
holon-consulting.com,,1.0,0,
schuechtle.info,,1.0,0,
kel.pe,,1.0,0,
deutschland.immobilien,,1.0,0,
ujcik.com,,1.0,0,
lucia-zimmermann.ch,,1.0,0,
kurtpetzuch.de,,1.0,0,
inmarketing.ch,,1.0,0,
vastdata.com,,1.0,0,
stud.ph-karlsruhe.de,Germany,2.0,PH Karlsruhe,
jmberlin.de,,1.0,0,
gft.com,,1.0,0,
360servicegmbh.de,,1.0,0,
lamane.de,,1.0,0,
kkn.ch,,1.0,0,
bistum-os.de,,1.0,0,
mauricepreidel.de,,1.0,0,
medienzentrum-berlin.de,,1.0,0,
human-impact-consulting.org,,1.0,0,
dorries.de,,1.0,0,
ukbb.ch,,1.0,0,
pekerman.ch,,1.0,0,
etomer.com,,1.0,0,
minot.de,,1.0,0,
engrotec.de,,1.0,0,
secnote.de,,1.0,0,
ub.uzh.ch,Switzerland,2.0,Universität Zürich,
knowles-it.de,,1.0,0,
lsk-gmbh.de,,1.0,0,
mediactive.de,,1.0,0,
llv.li,,1.0,0,
bundschuh-online.de,,0.0,0.0,
familie-maierhofer.de,,1.0,0,
fritzmeier.com,,1.0,0,
shapefruit.de,,1.0,0,
vonproeck.com,,1.0,0,
fam-kassner.koeln,,1.0,0,
balance4.work,,1.0,0,
net216.de,,1.0,0,
vvr-bank.de,,1.0,0,
schule-hilzingen.de,,1.0,0,
dasateam.com,,1.0,0,
purplebirdtechnology.com,,1.0,0,
nw.ch,,1.0,0,
setreo.de,,1.0,0,
truma.com,,1.0,0,
klahro.de,,1.0,0,
abenze.de,,1.0,0,
mowinski.de,,1.0,0,
ewde.de,,1.0,0,
gisny.wwschool.de,,1.0,0,
tmbwk.thueringen.de,,1.0,0,
ast.or.at,,1.0,0,
cas-data.de,,1.0,0,
nrd.de,,1.0,0,
gyden.io,,1.0,0,
external.stellantis.com,,1.0,0,
khb-wohnbau.de,,1.0,0,
postwendend.net,,1.0,0,
fenotec.eu,,1.0,0,
zehentmeier.de,,1.0,0,
expertizeyou.com,,1.0,0,
pegelow.de,,1.0,0,
schloss-schule-online.de,,0.0,0.0,
bitflirt.com,,1.0,0,
ida.me,,1.0,0,
gsr-mannheim.de,,1.0,0,
aarau.ch,,1.0,0,
hintemann.de,,1.0,0,
poonawalla.de,,1.0,0,
rsheubach.de,,1.0,0,
stk.nrw.de,,1.0,0,
curmed.de,,1.0,0,
ralf-moormann.de,,1.0,0,
dennis-schmidt.info,,1.0,0,
ah-frankfurt.de,,1.0,0,
rheingau-taunus.de,,1.0,0,
btz-rohr.de,,1.0,0,
bge.de,,1.0,0,
konrad-lischka.de,,1.0,0,
ibu-europe.de,,1.0,0,
gut-cert.de,,1.0,0,
angela-mohr.de,,1.0,0,
uwegehlert.de,,1.0,0,
enas.fraunhofer.de,,1.0,0,
kill.de,,1.0,0,
medicruiter.com,,1.0,0,
sg-pf.de,,1.0,0,
cse.ruhr,,1.0,0,
tennet.eu,,1.0,0,
vdmi.net,,1.0,0,
rik.ms.de,,1.0,0,
fm.bwl.de,,1.0,0,
ooelfv.at,,1.0,0,
lisa-mar.de,,1.0,0,
move-vm.de,,1.0,0,
johner-institut.de,,1.0,0,
envocean.de,,1.0,0,
dj-hille.de,,1.0,0,
zellmer-maschinen.de,,1.0,0,
truemper.cc,,1.0,0,
familie-mast.de,,1.0,0,
forstbw.de,,1.0,0,
itascon.de,,1.0,0,
aramea-ag.de,,1.0,0,
g-f-h.de,,1.0,0,
2ig.de,,1.0,0,
dak.de,,1.0,0,
rinab.de,,1.0,0,
undtscherne.com,,1.0,0,
edupro-group.com,,1.0,0,
idd.uni-hannover.de,Germany,2.0,Universität Hannover,
aruca.de,,1.0,0,
ostermeier.de,,1.0,0,
flessabank.de,,1.0,0,
ibs-thueringen.de,,1.0,0,
rockoff.de,,1.0,0,
idskg.de,,1.0,0,
ibs-bildung.org,,1.0,0,
xovis.com,,1.0,0,
star-cooperation.com,,1.0,0,
dechema.de,,1.0,0,
ki-kompetenz-academy.com,,1.0,0,
wilken.de,,1.0,0,
stadt.mainz.de,,1.0,0,
christine-schickinger.de,,1.0,0,
liv-ev.org,,1.0,0,
uva.nl,Netherlands,2.0,University of Amsterdam,
suder.me,,1.0,0,
erdag.eu,,1.0,0,
holidu.com,,1.0,0,
audiotranskription.de,,1.0,0,
dahmen-netze.de,,1.0,0,
fimi.landsh.de,,1.0,0,
inoex.de,,1.0,0,
gb-info.de,,1.0,0,
zar-ms.de,,1.0,0,
eswe-verkehr.de,,1.0,0,
aura-gmbh.de,,1.0,0,
prospektiv.de,,1.0,0,
blm.de,,1.0,0,
network-partners.de,,1.0,0,
brillux.de,,1.0,0,
konecny.de,,1.0,0,
meesenburg.de,,1.0,0,
schlagenhauf.expert.de,,1.0,0,
gegensprechverzeichnis.net,,1.0,0,
ihk-projekt.de,,1.0,0,
valentini.org,,1.0,0,
mountain.legal,,1.0,0,
dr-bek.de,,1.0,0,
kc-ub.de,,1.0,0,
cynapsis.de,,1.0,0,
famgruenzinger.de,,1.0,0,
evb-automation.de,,1.0,0,
mentor-dortmund.de,,1.0,0,
martin-ploetz.de,,1.0,0,
wpress-mechanikerin.de,,1.0,0,
tsk-bw-tgd.de,,1.0,0,
head-acoustics.com,,1.0,0,
wiese4u.de,,1.0,0,
bigrep.com,,1.0,0,
vahle.com,,1.0,0,
getml.com,,1.0,0,
senag.us,,1.0,0,
grevesmuehl.de,,1.0,0,
brinkmann.team,,1.0,0,
solingen.de,,1.0,0,
westnetz.de,,1.0,0,
lebensstildoc.de,,1.0,0,
dr-fritsch.de,,1.0,0,
auf-den-punkt.marketing,,1.0,0,
vw.hcu-hamburg.de,Germany,2.0,Hafencity Universität Hamburg,
unternehmen-frische.de,,1.0,0,
kompetenzmagnet.de,,1.0,0,
mellon-gesellschaft.de,,1.0,0,
planet-vuw.de,,1.0,0,
mdi.rlp.de,,1.0,0,
freudensprungtrainings.de,,1.0,0,
grn.de,,1.0,0,
simone-wolf.com,,1.0,0,
sbk.org,,1.0,0,
nufirt.com,,1.0,0,
cit.fra-uas.de,,1.0,0,
efb-friwhv.de,,1.0,0,
flektel.com,,1.0,0,
schlossheuriger.com,,1.0,0,
alumni.ucl.ac.uk,United Kingdom,2.0,"University College London, University of London",
pm-experten.de,,1.0,0,
glameyer-coaching.de,,1.0,0,
ganz-schoen-anders.org,,1.0,0,
icscentre.org,,1.0,0,
sti-consulting.com,,1.0,0,
citex-group.de,,1.0,0,
btc-havelland.de,,1.0,0,
laepple-automotive.de,,1.0,0,
derwilkens.de,,1.0,0,
ewaldsolutions.de,,1.0,0,
thomasweber.de,,1.0,0,
tgbw.de,,1.0,0,
lenser-gp.de,,1.0,0,
personalamt.hamburg.de,,1.0,0,
daniel-boeni.at,,1.0,0,
smartfox-media.de,,1.0,0,
westfalia.de,,1.0,0,
lesen-schreiben-schweiz.ch,,1.0,0,
konradmartin.de,,1.0,0,
kajach.de,,1.0,0,
fsn.de,,1.0,0,
gudella.eu,,1.0,0,
strathmore.edu,Kenya,2.0,Strathmore University,
beatehensel.de,,1.0,0,
gerl-dental.de,,1.0,0,
bdhont.net,,1.0,0,
castringius.de,,1.0,0,
isf-muenchen.de,,1.0,0,
nexflowc.ai,,1.0,0,
vantage.ch,,1.0,0,
kleiniges.de,,1.0,0,
snd-it.de,,1.0,0,
schott-group.de,,1.0,0,
ueberleben.org,,1.0,0,
pacik.at,,1.0,0,
lehrerbildung-bsb.de,,1.0,0,
coalignit.com,,1.0,0,
pro-b.de,,1.0,0,
rs-consulting.de,,1.0,0,
eab-waltershausen.de,,1.0,0,
voges-marketing.de,,1.0,0,
harras.biz,,1.0,0,
abele-optik.de,,1.0,0,
zukunft-zwei.de,,1.0,0,
aeroguido.com,,1.0,0,
wind-line.de,,1.0,0,
excelitas.com,,1.0,0,
inspirezz.de,,1.0,0,
teachforaustria.at,,1.0,0,
jilch.at,,1.0,0,
laboraerzte-sifi.de,,1.0,0,
karin-leven.de,,1.0,0,
thomasdavid.net,,1.0,0,
meinestadt.de,,1.0,0,
university-of-labour.de,Germany,2.0,University of Labour,
grawinkel.de,,1.0,0,
wi.thm.de,Germany,2.0,Technische Hochschule Mittelhessen,
wik.org,,1.0,0,
lse.thm.de,Germany,2.0,Technische Hochschule Mittelhessen,
s-payment.com,,1.0,0,
wuerth.at,,1.0,0,
drwalter.de,,1.0,0,
ccmeyer.de,,1.0,0,
forschundwild.com,,1.0,0,
companica.de,,1.0,0,
stadt.ahlen.de,,1.0,0,
kvb.de,,1.0,0,
vlg-stade.de,,1.0,0,
hammersens.com,,1.0,0,
arthur-klink.de,,1.0,0,
migrosaare.ch,,1.0,0,
mt.com,,1.0,0,
staysafeandbrave.com,,1.0,0,
fit.fra-uas.de,,1.0,0,
ellest.co,,1.0,0,
elkebrodbeck.ch,,1.0,0,
standby-profis.de,,1.0,0,
hengvoss.de,,1.0,0,
herre-online.de,,0.0,0.0,
seitzf.de,,1.0,0,
jensammermann.com,,1.0,0,
4-advice.net,,1.0,0,
ifak-bochum.de,,1.0,0,
cyberforum.de,,1.0,0,
innklinikum.de,,1.0,0,
bluetuple.ai,,1.0,0,
xing.com,,1.0,0,
cs.rptu.de,Germany,2.0,TU Kaiserslautern,
eraneos.com,,1.0,0,
rfressle.de,,1.0,0,
dvf.de,,1.0,0,
corenexio.net,,1.0,0,
enter.de,,1.0,0,
gebhardt.tk,,1.0,0,
alexander-polster.de,,1.0,0,
stryker.com,,1.0,0,
dr-hoermann.de,,1.0,0,
matratzen-concord.de,,1.0,0,
kubeops.net,,1.0,0,
societyofmind.de,,1.0,0,
bs-schramberg.de,,1.0,0,
hornbach.com,,1.0,0,
barodis.com,,1.0,0,
robatherm.com,,1.0,0,
weberweb.com,,1.0,0,
iniationware.com,,1.0,0,
digital-working.coach,,1.0,0,
volkerlemcke.de,,1.0,0,
rhein-umschlag.de,,1.0,0,
outletcity.com,,1.0,0,
b-teck.de,,1.0,0,
stirzel.de,,1.0,0,
kemper.eu,,1.0,0,
meyerle.com,,1.0,0,
xempus.com,,1.0,0,
vistec-semi.com,,1.0,0,
rscf.de,,1.0,0,
elly-hn.de,,1.0,0,
dialego.de,,1.0,0,
bocholt.de,,1.0,0,
bvpraevention.de,,1.0,0,
brickenkamp.de,,1.0,0,
vbk.karlsruhe.de,,1.0,0,
bibliothek.uni-kassel.de,Germany,2.0,Universität Kassel,
andvo.de,,1.0,0,
ryu-gu.de,,1.0,0,
hausarztpraxis-emi.de,,1.0,0,
bbrz.at,,1.0,0,
zfp-zentrum.de,,1.0,0,
onpoint.at,,1.0,0,
lexdata.de,,1.0,0,
praxis-eisele.de,,1.0,0,
lachenmayer.com,,1.0,0,
radeleff.de,,1.0,0,
hypercampus.de,,1.0,0,
stbk-sh.de,,1.0,0,
elschukom.com,,1.0,0,
soest.de,,1.0,0,
missing-link-software.de,,1.0,0,
sij.fh-aachen.de,Germany,2.0,FH Aachen,
mkuehn.net,,1.0,0,
quecc.de,,1.0,0,
cyberpromote.com,,1.0,0,
kmv.berlin.de,,1.0,0,
womentor.at,,1.0,0,
erfolgslabor.com,,1.0,0,
andy-baumgartl.de,,1.0,0,
woiwode.net,,1.0,0,
zentis.de,,1.0,0,
hucke-media.de,,1.0,0,
zvoove.com,,1.0,0,
pier-online.de,,0.0,0.0,
it-klett.de,,1.0,0,
vpv.de,,1.0,0,
vierck.de,,1.0,0,
arthotel.de,,1.0,0,
markus-willner.de,,1.0,0,
zuhlke.com,,1.0,0,
scherdel.com,,1.0,0,
bpc.uni-frankfurt.de,Germany,2.0,Universität Frankfurt,
jaus-bakery.de,,1.0,0,
mueller-berghaupten.de,,1.0,0,
fanicle.com,,1.0,0,
baechleundspree.de,,1.0,0,
lehre.mosbach.dhbw.de,Germany,2.0,Duale Hochschule Baden-Württemberg,
rdg-online.de,,0.0,0.0,
rag.de,,1.0,0,
pio-com.de,,1.0,0,
satznachbarn.de,,1.0,0,
zerner-online.de,,0.0,0.0,
hff-muc.de,,1.0,0,
just007.de,,1.0,0,
ruv.de,,1.0,0,
weck-edv.de,,1.0,0,
rps.bwl.de,,1.0,0,
eye-level-consulting.de,,1.0,0,
villwockweb.de,,0.0,0.0,
roziha.eu,,1.0,0,
dr-med-ritter.de,,1.0,0,
christian-schwalbe.de,,1.0,0,
maibornwolff.de,,1.0,0,
binaryaffairs.de,,1.0,0,
auxiliumgruppe.de,,1.0,0,
farmers-snack.de,,1.0,0,
szu-beratung.com,,1.0,0,
zdh.de,,1.0,0,
childrensparliament.org.uk,,1.0,0,
beckerholger.de,,1.0,0,
mgs.brandenburg.de,,1.0,0,
belenus-consulting.de,,1.0,0,
ls.brandenburg.de,,1.0,0,
catrinsieber.de,,1.0,0,
arena2036.de,,1.0,0,
dexion.de,,1.0,0,
kirche-koeln.de,,1.0,0,
iftp-institut.de,,1.0,0,
pima.de,,1.0,0,
oracle.com,,1.0,0,
noomlocs.com,,1.0,0,
autocon.eu,,1.0,0,
btc-it-services.com,,1.0,0,
klinikverbund-suedwest.de,,1.0,0,
hummelprinz.de,,1.0,0,
projekte-pro.com,,1.0,0,
volk-eisemann.de,,1.0,0,
solana-research.com,,1.0,0,
asta-akademie.de,,1.0,0,
antrago.de,,1.0,0,
hvzg-murrhardt.de,,1.0,0,
upj.de,,1.0,0,
norrenbrock-consulting.de,,1.0,0,
schickle.net,,1.0,0,
schinz.net,,1.0,0,
fuge.net,,1.0,0,
kalotta.com,,1.0,0,
digitalagentur.berlin,,1.0,0,
mawi-spiele.de,,1.0,0,
univ-orleans.fr,France,2.0,Université d'Orléans,
voestalpine.com,,1.0,0,
bertelsmann-stiftung.de,,1.0,0,
regine-fischer.com,,1.0,0,
timeless-systems.com,,1.0,0,
04118187.schule.bwl.de,,1.0,0,
prom.ph-ludwigsburg.de,Germany,2.0,PH Ludwigsburg,
zsl-rska.de,,1.0,0,
herder-minden.de,,1.0,0,
syr.de,,1.0,0,
freiburg.de,,1.0,0,
ctg-consulting.com,,1.0,0,
ziegler.global,,1.0,0,
h-och.ch,,1.0,0,
fccdataprivacy.com,,1.0,0,
genui.de,,1.0,0,
landkreis-goslar.de,,1.0,0,
christiane-muenster.de,,1.0,0,
sheetstyle.de,,1.0,0,
intradaten.ch,,1.0,0,
ceschweig.com,,1.0,0,
hfph.de,Germany,2.0,Hochschule für Philosophie München,
shkhan.de,,1.0,0,
kag-erding.de,,1.0,0,
bananascript.io,,1.0,0,
andreaskluth.com,,1.0,0,
loehe-schule.de,,1.0,0,
transdev.de,,1.0,0,
snowflys.com,,1.0,0,
lsh-wiesentheid.de,,1.0,0,
ibc-baur.ch,,1.0,0,
acocon.de,,1.0,0,
brechlin.net,,1.0,0,
wilhelm-nagold.de,,1.0,0,
ib-hochschule.de,Germany,2.0,IB Hochschule,
stadtselm.de,,1.0,0,
campus-di-monaco.de,,1.0,0,
blacha.land,,1.0,0,
impp.de,,1.0,0,
bdvm.de,,1.0,0,
cjt-gym-lauf.de,,1.0,0,
tlv.thueringen.de,,1.0,0,
agro.eu,,1.0,0,
74gsdd.lernsax.de,,1.0,0,
ion.lernsax.de,,1.0,0,
hdgoe.at,,1.0,0,
gf-world.de,,1.0,0,
validaid.de,,1.0,0,
g-i-m.com,,1.0,0,
iunworld.com,,1.0,0,
conscious-change.net,,1.0,0,
leonardo.rwth-aachen.de,Germany,2.0,RWTH Aachen,
dierigen.de,,1.0,0,
lapp.com,,1.0,0,
oanacalugar.com,,1.0,0,
dpfa.de,,1.0,0,
badischer-sportbund.de,,1.0,0,
datenstrom.net,,1.0,0,
fuu.de,,1.0,0,
lba.de,,1.0,0,
konicaminolta.de,,1.0,0,
creativeplanner-kd.de,,1.0,0,
4koenig.net,,1.0,0,
gender-nrw.de,,1.0,0,
kuk.de,,1.0,0,
ipdienste.net,,1.0,0,
zo.uni-heidelberg.de,Germany,2.0,Universität Heidelberg,
geiger24.net,,1.0,0,
merckgroup.com,,1.0,0,
czichy.eu,,1.0,0,
balluff.de,,1.0,0,
mer.eco,,1.0,0,
evantis.ch,,1.0,0,
change-yourmindset.info,,1.0,0,
bbswildeshausen.de,,1.0,0,
stalumm.mv-regierung.de,,1.0,0,
semler-berlin.de,,1.0,0,
kugellagertechnik.de,,1.0,0,
linzmann.de,,1.0,0,
ibb-d.de,,1.0,0,
jevv.de,,1.0,0,
lbsnacks.com,,1.0,0,
yetnet.ch,,1.0,0,
eh-freiburg.de,Germany,2.0,Evang. Hochschule Freiburg,
wubv.de,,1.0,0,
bauverbaende.nrw,,1.0,0,
michaelmarquardt.org,,1.0,0,
econn-social.org,,1.0,0,
frasec.de,,1.0,0,
arminreinen.de,,1.0,0,
ihre-pvs.de,,1.0,0,
permcon.com,,1.0,0,
gnh.net,,1.0,0,
ksa-r.de,,1.0,0,
tcagchur.ch,,1.0,0,
malkus.de,,1.0,0,
flugfisch.com,,1.0,0,
emmi.com,,1.0,0,
climate-couching.com,,1.0,0,
sr-service-gmbh.de,,1.0,0,
idl-plan.de,,1.0,0,
innoq.com,,1.0,0,
ars.at,,1.0,0,
haltungsstark.com,,1.0,0,
sebastian-lastinger.de,,1.0,0,
wlc-online.com,,1.0,0,
galhofer.de,,1.0,0,
ks-goeppingen.de,,1.0,0,
kussnerus.de,,1.0,0,
diahara.de,,1.0,0,
schiffweiler.de,,1.0,0,
juwi.de,,1.0,0,
kapellmann.de,,1.0,0,
stmb.bayern.de,,1.0,0,
heckmann.com.de,,1.0,0,
claasmichelsen.de,,1.0,0,
danielkoch.eu,,1.0,0,
maze-beratung.de,,1.0,0,
bgv.de,,1.0,0,
fabelhaft.online,,1.0,0,
atsonline.de,,0.0,0.0,
drschifferdecker.de,,1.0,0,
kortenbach-ra.de,,1.0,0,
coroplast-group.com,,1.0,0,
sip.etat.lu,,1.0,0,
feedbackgmbh.com,,1.0,0,
olgaheismann.com,,1.0,0,
roquette.de,,1.0,0,
jls-hh.net,,1.0,0,
slg.eu,,1.0,0,
gategroup.com,,1.0,0,
tschabitscher.de,,1.0,0,
pelzer-czermak.de,,1.0,0,
ifw-kiel.de,,1.0,0,
verwaltung.uni-stuttgart.de,Germany,2.0,Universität Stuttgart,
linguaways.com,,1.0,0,
wackler-group.de,,1.0,0,
csp-beju.ch,,1.0,0,
petra-lahnstein.de,,1.0,0,
stm.bwl.de,,1.0,0,
pietzke.net,,1.0,0,
medizinrecht-putensen.de,,1.0,0,
helmag.com,,1.0,0,
vorsicht.de,,1.0,0,
grumf.de,,1.0,0,
amerikanistik.uni-halle.de,Germany,2.0,Universität Halle,
sonnenkinder.org,,0.0,0.0,
gruenewald-gmbh.de,,1.0,0,
anneweigel.net,,1.0,0,
hca-makler.de,,1.0,0,
no-bs.de,,1.0,0,
hno-schlaflabor-panis.de,,1.0,0,
medischulen.de,,1.0,0,
kontaktaufnahme.net,,1.0,0,
triljen.com,,1.0,0,
fsti.de,,1.0,0,
mur.at,,1.0,0,
derstadtbilderklaerer.de,,1.0,0,
pflegedienst-biehl.de,,1.0,0,
wss.de,,1.0,0,
veraneuhaus.com,,1.0,0,
tokses.de,,1.0,0,
genres-mv.de,,1.0,0,
slalom.com,,1.0,0,
go-bewegt.schule,,1.0,0,
syps.de,,1.0,0,
schnellecke.com,,1.0,0,
purs.com,,1.0,0,
landratsamt-karlsruhe.de,,1.0,0,
klasmann-deilmann.com,,1.0,0,
europe.com,,0.0,0.0,
port-neo.com,,1.0,0,
biw-online.net,,1.0,0,
renate-meissner.de,,1.0,0,
ostwuerttemberg.de,,1.0,0,
lumileds.com,,1.0,0,
scheer-school.com,,1.0,0,
lehmbau.de,,1.0,0,
paritaet-lsa.de,,1.0,0,
innovethic.at,,1.0,0,
deutscherskiverband.de,,1.0,0,
droste-huelshoff-realschule.de,,1.0,0,
grobwind.de,,1.0,0,
networcx.io,,1.0,0,
wackelpeter-service.com,,1.0,0,
sekundarschule-olpe-drolshagen.de,,1.0,0,
es.uzh.ch,Switzerland,2.0,Universität Zürich,
ltg.uni-frankfurt.de,Germany,2.0,Universität Frankfurt,
iuta.de,,1.0,0,
lauffer.de,,1.0,0,
neuroki.ch,,1.0,0,
panther-service.de,,1.0,0,
skyguide.ch,,1.0,0,
hmu-potsdam.de,,1.0,0,
hfpol-bw.de,Germany,2.0,HfPol Baden-Württemberg,
raugh.de,,1.0,0,
aserto.de,,1.0,0,
stadt.neuss.de,,1.0,0,
methodos.com,,1.0,0,
plansee-group.com,,1.0,0,
krause-ny.de,,1.0,0,
geoinformationsdienst.de,,1.0,0,
optoprim.de,,1.0,0,
oppenhoff.eu,,1.0,0,
cl.uni-heidelberg.de,Germany,2.0,Universität Heidelberg,
podo-deutschland.de,,1.0,0,
loewidesign.de,,1.0,0,
granzow.de,,1.0,0,
doc24.me,,1.0,0,
hamburg-messe.de,,1.0,0,
im.bwl.de,,1.0,0,
zero360.de,,1.0,0,
service-kh.de,,1.0,0,
bestpost.de,,1.0,0,
specht-training.de,,1.0,0,
bagusche.com,,1.0,0,
sanecum.io,,1.0,0,
kanzlei-hoeffner.de,,1.0,0,
frasch.de,,1.0,0,
ipdynamics.de,,1.0,0,
hwk-muenchen.de,,1.0,0,
vanselow.net,,1.0,0,
synaworks.com,,1.0,0,
trmc.de,,1.0,0,
udec.cl,Chile,2.0,Universidad de Concepcion,
netzfaden.de,,1.0,0,
kicherer-net.de,,1.0,0,
nawik.de,,1.0,0,
toomanygadgets.de,,1.0,0,
foev-speyer.de,,1.0,0,
rsnweb.ch,,1.0,0,
salvamind.de,,1.0,0,
gaudes.net,,1.0,0,
herole.de,,1.0,0,
yahoo.at,,0.0,0.0,
jura.uni-halle.de,Germany,2.0,Universität Halle,
bildung-und-begabung.de,,1.0,0,
jedrzej.de,,1.0,0,
lebensweg-stormarn.de,,1.0,0,
stadt.monschau.de,,1.0,0,
gtm-gastro.de,,1.0,0,
perspektive-institut.de,,1.0,0,
wiwi.uni-marburg.de,Germany,2.0,Universität Marburg,
scrmail.de,,0.0,0.0,
escha.net,,1.0,0,
buse.de,,1.0,0,
ezw.uni-freiburg.de,Germany,2.0,Universität Freiburg,
it-eckstein.de,,1.0,0,
sts-cux-ghrs.de,,1.0,0,
wirtschaft.uni-giessen.de,Germany,2.0,Universität Gießen,
cosic.de,,1.0,0,
bbs-brinkstrasse.de,,1.0,0,
sig.ac.in,,1.0,0,
eberhard.ch,,1.0,0,
dbv-network.com,,1.0,0,
landwirtschaft.hessen.de,,1.0,0,
ninareisinger.de,,1.0,0,
ic-network.de,,1.0,0,
gartenflora.de,,1.0,0,
osteopathie-viotto.ch,,1.0,0,
hansmaier.com,,1.0,0,
boll-bayern.de,,1.0,0,
berlinhyp.de,,1.0,0,
tans.de,,1.0,0,
taube-hamburg.de,,1.0,0,
lugmeier.de,,1.0,0,
zirp.de,,1.0,0,
bildungshaus-wolfsburg.de,,1.0,0,
hamburg-nord.hamburg.de,,1.0,0,
dr-eckel.de,,1.0,0,
dmgmori.com,,1.0,0,
eva-ritthaler.de,,1.0,0,
miltenyi.com,,1.0,0,
ebw-muenchen.de,,1.0,0,
post.ch,,1.0,0,
zveh.de,,1.0,0,
tig-gmbh.de,,1.0,0,
borad.de,,1.0,0,
coolershop.de,,1.0,0,
ipw-schulungen.de,,1.0,0,
algoright.de,,1.0,0,
noack-deutschland.de,,1.0,0,
db-eco.com,,1.0,0,
harburg.hamburg.de,,1.0,0,
kroke.me,,1.0,0,
mach3-werbeagentur.de,,1.0,0,
silberhorn-hof.de,,1.0,0,
schliederer.de,,1.0,0,
beymedia.de,,1.0,0,
joysonsafety.com,,1.0,0,
thelen-innovation.com,,1.0,0,
edition-quadtrivium.de,,1.0,0,
mebatron.de,,1.0,0,
lcs-gmbh.de,,1.0,0,
brenner.nrw,,1.0,0,
datenschutz-individuell.de,,1.0,0,
nexia.de,,1.0,0,
goeller-home.de,,1.0,0,
starke.de,,1.0,0,
qs-kornmann.de,,1.0,0,
ast-re.de,,1.0,0,
bfw-nuernberg.de,,1.0,0,
sotica.de,,1.0,0,
hlnug.hessen.de,,1.0,0,
qmbader.de,,1.0,0,
treutwein.de,,1.0,0,
novazoon.de,,1.0,0,
trense.info,,1.0,0,
bernmittelland.ch,,1.0,0,
r-m.de,,1.0,0,
enercon.de,,1.0,0,
ppi.de,,1.0,0,
proarbeit-kreis-of.de,,1.0,0,
knoepkeconsulting.de,,1.0,0,
microstaxx.de,,1.0,0,
narkose-office.de,,1.0,0,
sandra-dirks.de,,1.0,0,
schoewitz.org,,1.0,0,
westpfalz-praxen.de,,1.0,0,
niedermayr.de,,1.0,0,
claudialarcher.com,,1.0,0,
itb-pim.de,,1.0,0,
combine.rwth-aachen.de,Germany,2.0,RWTH Aachen,
innolearn.ch,,1.0,0,
strangerarea.de,,1.0,0,
vera-mund.de,,1.0,0,
thegreatflex.shop,,1.0,0,
travanto.de,,1.0,0,
schabert.com,,1.0,0,
verdon.de,,1.0,0,
stadtmuseum.de,,1.0,0,
metrofarm.net,,1.0,0,
berndkohler.com,,1.0,0,
goebel.vc,,1.0,0,
hochhuber.de,,1.0,0,
lff.rlp.de,,1.0,0,
jackisch-it.de,,1.0,0,
vision-possible.de,,1.0,0,
prostep.com,,1.0,0,
zeyers.de,,1.0,0,
zww.uni-augsburg.de,Germany,2.0,Universität Augsburg,
why.de,,1.0,0,
medizincontrolling.academy,,1.0,0,
metoba.de,,1.0,0,
gesamtschule-halle.de,,1.0,0,
keb-tuebingen.de,,1.0,0,
muellercoaching.org,,1.0,0,
asioso.com,,1.0,0,
agraap.eu,,1.0,0,
frankfurter-verband.de,,1.0,0,
dvfa.de,,1.0,0,
mb-gymnasien-ndb.org,,1.0,0,
sensitec.com,,1.0,0,
jgschule.de,,1.0,0,
svb-steuer.de,,1.0,0,
clye.app,,1.0,0,
kuentzer.de,,1.0,0,
luxm.de,,1.0,0,
m-s-a-t.de,,1.0,0,
solokarpfen.de,,1.0,0,
harney.de,,1.0,0,
wackholding.com,,1.0,0,
polizei.bremen.de,,1.0,0,
buben-zorweg.com,,1.0,0,
rhomberg.com,,1.0,0,
netkom-pbg.de,,1.0,0,
khoshoei.com,,1.0,0,
myyahoo.com,,0.0,0.0,
sinari.de,,1.0,0,
herr-mann.net,,1.0,0,
menschen-machen-wirtschaft.de,,1.0,0,
rep-it.tech,,1.0,0,
hoexter.de,,1.0,0,
infoteam.de,,1.0,0,
cannape.com,,1.0,0,
zsl-rsgd.de,,1.0,0,
2innovate.at,,1.0,0,
ib-teamplan.de,,1.0,0,
poberlies.de,,1.0,0,
mibema.de,,1.0,0,
schrack-seconet.com,,1.0,0,
khu.ac.kr,"Korea, Republic of",2.0,Kyung Hee University,
apm.de,,1.0,0,
bayziel.de,,1.0,0,
fogs-gmbh.de,,1.0,0,
dis-ag.com,,1.0,0,
bd.dns-cloud.net,,1.0,0,
nemetschek-innovationsstiftung.de,,1.0,0,
cujammu.ac.in,India,2.0,University of Mumbai,
aew.ch,,1.0,0,
emb-werte.com,,1.0,0,
medienzentrum-frankfurt.de,,1.0,0,
tudock.de,,1.0,0,
viersen.de,,1.0,0,
oliver-raecker.com,,0.0,0.0,
a-maun.com,,1.0,0,
celebrate.company,,1.0,0,
mcsberlin.de,,1.0,0,
magmasoft.de,,1.0,0,
hpg.nrw.schule,,1.0,0,
monsun-media.com,,1.0,0,
zdf.digital,,1.0,0,
kreis-oh.de,,1.0,0,
zewas.de,,1.0,0,
gossner.at,,1.0,0,
imtb.de,,1.0,0,
lehnhardt-stiftung.org,,1.0,0,
bilton.com,,1.0,0,
kreis-badkreuznach.de,,1.0,0,
viktor-bozhinov.de,,1.0,0,
hhva.de,,1.0,0,
ielev.k12.tr,,1.0,0,
anhaenel.de,,1.0,0,
greschner.eu,,1.0,0,
snpc.de,,1.0,0,
feedbacktime.org,,1.0,0,
klassik-stiftung.de,,1.0,0,
fairsicher.de,,1.0,0,
go4biz.de,,1.0,0,
outgoer.de,,1.0,0,
almeon.de,,1.0,0,
value-circle.de,,1.0,0,
lvtberlin.bwl.de,,1.0,0,
bluetomato.tech,,1.0,0,
tobiasreich.de,,1.0,0,
lkbh.de,,1.0,0,
edtech-consultant.com,,1.0,0,
uni-freiburg.de,Germany,2.0,Universität Freiburg,
h-solution.ch,,1.0,0,
stadtwerke-eutin.de,,1.0,0,
hinterding.de,,1.0,0,
juergenzecha.de,,1.0,0,
conhol.de,,1.0,0,
aircargoconcept.eu,,1.0,0,
stiftungsfonds.org,,1.0,0,
saleshax.de,,1.0,0,
carbovation.de,,1.0,0,
uhbs.ch,,1.0,0,
csg-systemhaus.de,,1.0,0,
tierpark-bochum.de,,1.0,0,
trainerakademie-koeln.de,,1.0,0,
mittelstand-denken.de,,1.0,0,
controlexpert.com,,1.0,0,
die-media.de,,1.0,0,
vincentz.net,,1.0,0,
hls-ol.de,,1.0,0,
saaris.saarland,,1.0,0,
klinikumdo.de,,1.0,0,
kirsch-heike.de,,1.0,0,
ro-online.de,,0.0,0.0,
wdc-cologne.com,,1.0,0,
hihi.lol,,1.0,0,
campus-rissen.de,,1.0,0,
sparkassebaden.at,,1.0,0,
personaldienstleister.de,,1.0,0,
bs26.hamburg.de,,1.0,0,
anjamueller-va.de,,1.0,0,
stud.macromedia.de,,1.0,0,
initiative-junge-forscher.de,,1.0,0,
aleman.edu.co,,1.0,0,
stadt-chemnitz.de,,1.0,0,
wifakunde.de,,1.0,0,
deepeye-medical.com,,1.0,0,
ahs-ostbelgien.be,Belgium,2.0,Autonome Hochschule Ostbelgien,
agbz.justiz.sachsen.de,,1.0,0,
hsm-stahl.de,,1.0,0,
stud.fh-campuswien.ac.at,Austria,2.0,FH Campus Wien,
vhs-minden.de,,1.0,0,
edu-ai.education,,1.0,0,
almundart.ch,,1.0,0,
vhs-os.de,,1.0,0,
rubenloos.de,,1.0,0,
susanne-taggruber.de,,1.0,0,
gastroenterologie-friedrichshain.de,,1.0,0,
smf.sachsen.de,,1.0,0,
geophon.de,,1.0,0,
ghs-elektrotechnik.at,,1.0,0,
philipp-wichmann.de,,1.0,0,
univ-constantine2.dz,Algeria,2.0,Abdelhamid Mehri University of Constantine,
eunoia-kommunikation.de,,1.0,0,
mycelia.education,,1.0,0,
innophore.com,,1.0,0,
r-pharm.com,,1.0,0,
usz.edu.pl,Poland,2.0,University of Szczecin,
cms-hs.com,,1.0,0,
mohs.de,,1.0,0,
alphatools.de,,1.0,0,
ohsieck.eu,,1.0,0,
eoe.university,,1.0,0,
rudolph-partner.net,,1.0,0,
statistik.sachsen.de,,1.0,0,
zfh.de,,1.0,0,
christoph-zabel.de,,1.0,0,
hommel-pharma.de,,1.0,0,
lsf.smf.sachsen.de,,1.0,0,
vhs-hamburg.de,,1.0,0,
orbach-yliruka.de,,1.0,0,
nbhs.de,,1.0,0,
hs-pm.de,,1.0,0,
swissuniversities.ch,,1.0,0,
vhs-rhein-erft.de,,1.0,0,
smwk.sachsen.de,,1.0,0,
iuk.lst.niedersachsen.de,,1.0,0,
ee.rub.de,Germany,2.0,Ruhr-Uni Bochum,
sid.sachsen.de,,1.0,0,
uni-ak.ac.at,Austria,2.0,Universität für angewandte Kunst Wien,
nexphase.at,,1.0,0,
lra-nordsachsen.de,,1.0,0,
schiller-vhs.de,,1.0,0,
hsgms.de,,1.0,0,
otto-fuchs.com,,1.0,0,
ub.uni-muenchen.de,Germany,2.0,Universität München,
smwa.sachsen.de,,1.0,0,
sk.sachsen.de,,1.0,0,
muehlbachschule.net,,1.0,0,
loitokitok.de,,1.0,0,
lfd-sachsen.de,,1.0,0,
unicoaching-berlin.de,,1.0,0,
baiosphere.org,,1.0,0,
saphirgmbh.de,,1.0,0,
stud.srh-university.de,Germany,2.0,SRH Hochschule,
karle-rubner.de,,1.0,0,
optibelt.com,,1.0,0,
technicraft-hs.de,,1.0,0,
friedrichshafen.de,,1.0,0,
natuerlich-zu-kunden.com,,1.0,0,
vhs-lw.de,,1.0,0,
tiph.vetmed.uni-muenchen.de,Germany,2.0,Universität München,
ochsenfeld.com,,1.0,0,
dsfh-media.de,,1.0,0,
camphill-seminar.de,,1.0,0,
vhs-schaumburg.de,,1.0,0,
pph-augustinum.at,Austria,2.0,Private Pädagogische Hochschule Augustinum,
vhsrt.de,,1.0,0,
unineukoelln.com,,1.0,0,
heunisch.eu,,1.0,0,
hs-immoinvest.de,,1.0,0,
lvkkwsachsen.de,,1.0,0,
michaelagrubeck.at,,1.0,0,
mis-munich.de,,1.0,0,
mediendesign-grabow.de,unknown,1.0,0,
stud.ph-gmuend.de,Germany,2.0,PH Schwäbisch Gmünd,
stud.hs-furtwangen.de,Germany,2.0,Hochschule Furtwangen,
gealan.de,unknown,1.0,0,
muthesius.de,unknown,1.0,0,
b2-fuerth.de,unknown,1.0,0,
leibniz-gwzo.de,unknown,1.0,0,
ferrarischule.at,unknown,1.0,0,
sz-bonn.de,unknown,1.0,0,
ub.uni-heidelberg.de,unknown,1.0,0,
big-direkt.de,unknown,1.0,0,
bayern.info,unknown,1.0,0,
dsgv.de,unknown,1.0,0,
void.uni-konstanz.de,unknown,1.0,0,
wdgpocking.de,unknown,1.0,0,
ehi.org,unknown,1.0,0,
hvbg.hessen.de,unknown,1.0,0,
gessmann.com,unknown,1.0,0,
wiwi.hu-berlin.de,unknown,1.0,0,
blg.de,unknown,1.0,0,
xpose360.de,unknown,1.0,0,
konrad-zuse-schule.de,unknown,1.0,0,
rathenoweroptik.de,unknown,1.0,0,
jku.at,unknown,1.0,0,
nordmetall-stiftung.de,unknown,1.0,0,
takeda.com,unknown,1.0,0,
gehealthcare.com,unknown,1.0,0,
gymstveit.at,unknown,1.0,0,
blaek.de,unknown,1.0,0,
dgbb.de,unknown,1.0,0,
rhg-krefeld.de,unknown,1.0,0,
prov.bz,unknown,1.0,0,
mwg-gz.de,unknown,1.0,0,
bast.de,unknown,1.0,0,
bk-siegburg.de,unknown,1.0,0,
bmdv.bund.de,unknown,1.0,0,
eon.com,unknown,1.0,0,
bav.bund.de,unknown,1.0,0,
tee.toshiba.de,unknown,1.0,0,
ipnuc.com,unknown,1.0,0,
it-p.de,unknown,1.0,0,
caritas-altenoythe.de,unknown,1.0,0,
vattenfall.de,unknown,1.0,0,
zsl.kv.bwl.de,unknown,1.0,0,
oszt.net,unknown,1.0,0,
wb-fernstudium.de,unknown,1.0,0,
unn.edu.ng,unknown,1.0,0,
f12-informatik.ch,unknown,1.0,0,
cds-fn.de,unknown,1.0,0,
gympur.at,unknown,1.0,0,
glumark.com,unknown,1.0,0,
cellpack.com,unknown,1.0,0,
agc.lernsax.de,unknown,1.0,0,
ub.uni-siegen.de,unknown,1.0,0,
semgym-karlsruhe.de,unknown,1.0,0,
runbox.com,unknown,1.0,0,
hwk-koeln.de,unknown,1.0,0,
scotiabank.com,unknown,1.0,0,
diz-bw.de,unknown,1.0,0,
vossloh.com,unknown,1.0,0,
heise.de,unknown,1.0,0,
me.thm.de,unknown,1.0,0,
dicorso.com,unknown,1.0,0,
oeffentliche.de,unknown,1.0,0,
gykl.lernsax.de,unknown,1.0,0,
edufr.ch,unknown,1.0,0,
uol.com.br,unknown,1.0,0,
gelsennet.de,unknown,1.0,0,
grafschaft.de,unknown,1.0,0,
schuleeins.de,unknown,1.0,0,
gib.nrw.de,unknown,1.0,0,
llh.hessen.de,unknown,1.0,0,
stud.plus.ac.at,unknown,1.0,0,
liv-bib.de,unknown,1.0,0,
gfai.de,unknown,1.0,0,
secunet.com,unknown,1.0,0,
media-central.com,unknown,1.0,0,
jks.berlin,unknown,1.0,0,
technikmuseum.berlin,unknown,1.0,0,
assecor.de,unknown,1.0,0,
stu.eh-berlin.de,unknown,1.0,0,
kruseteam.de,unknown,1.0,0,
zb.uzh.ch,unknown,1.0,0,
ehs-dresden.de,unknown,1.0,0,
schulen.zuerich.ch,unknown,1.0,0,
ebz-group.com,unknown,1.0,0,
bnt-trier.com,unknown,1.0,0,
vhs-offenburg.de,unknown,1.0,0,
schule-laubegg.ch,unknown,1.0,0,
ujs.vision,unknown,1.0,0,
sbb-si.de,unknown,1.0,0,
pfxplus.net,unknown,1.0,0,
framewerk.de,unknown,1.0,0,
schwabe-group.com,unknown,1.0,0,
sozialministerium.at,unknown,1.0,0,
digitale-chancen.de,unknown,1.0,0,
visualconcept.de,unknown,1.0,0,
whirlpool.com,unknown,1.0,0,
immocation.de,unknown,1.0,0,
wortverkauf.de,unknown,1.0,0,
bencard.com,unknown,1.0,0,
kjr-stormarn.de,unknown,1.0,0,
wertplus-solutions.de,unknown,1.0,0,
montafon.at,unknown,1.0,0,
bobenstetter.de,unknown,1.0,0,
eurosysteam.com,unknown,1.0,0,
lobster-experience.com,unknown,1.0,0,
carnea.de,unknown,1.0,0,
tedexa.de,unknown,1.0,0,
schuleburgdorf.ch,unknown,1.0,0,
gadv-eml.de,unknown,1.0,0,
schuldreich.de,unknown,1.0,0,
elektro-herrmann.de,unknown,1.0,0,
razzo.de,unknown,1.0,0,
isp.nl,unknown,1.0,0,
fcg-duesseldorf.de,unknown,1.0,0,
imc-institut.de,unknown,1.0,0,
ibo-city.de,unknown,1.0,0,
witelo.de,unknown,1.0,0,
carolina-guerra.de,unknown,1.0,0,
lachyoga-schwieberdingen.de,unknown,1.0,0,
menke-iprog.de,unknown,1.0,0,
guelpen.net,unknown,1.0,0,
eforp.com,unknown,1.0,0,
hansrenftle.de,unknown,1.0,0,
playamedia.com,unknown,1.0,0,
mdoc.one,unknown,1.0,0,
coreteam.ch,unknown,1.0,0,
hr-management.org,unknown,1.0,0,
brilili.de,unknown,1.0,0,
bvik.org,unknown,1.0,0,
hochvart.de,unknown,1.0,0,
jacob-gmbh.de,unknown,1.0,0,
salzburg.co.at,unknown,1.0,0,
mzhd.de,unknown,1.0,0,
jens-hahn.eu,unknown,1.0,0,
lwl.org,unknown,1.0,0,
scet.ac.in,unknown,1.0,0,
isios.de,unknown,1.0,0,
czuppon.com,unknown,1.0,0,
curagita.com,unknown,1.0,0,
luebbe.de,unknown,1.0,0,
hengemuehle.com,unknown,1.0,0,
massist.de,unknown,1.0,0,
gmg-bayreuth.net,unknown,1.0,0,
consens-dialog.de,unknown,1.0,0,
platz-hls.de,unknown,1.0,0,
dialex.de,unknown,1.0,0,
kruse-sicherheit.de,unknown,1.0,0,
mhs-mannheim.de,unknown,1.0,0,
ulrikezecher.de,unknown,1.0,0,
luedecke.de,unknown,1.0,0,
erstegroupservices.com,unknown,1.0,0,
epitech.eu,unknown,1.0,0,
labendanet.de,unknown,1.0,0,
jenseits-der-wellen.de,unknown,1.0,0,
freshbox.ch,unknown,1.0,0,
billo-pr.com,unknown,1.0,0,
oftex.es,unknown,1.0,0,
swdesign.de,unknown,1.0,0,
michael-loew.com,unknown,1.0,0,
feuerzwerge.de,unknown,1.0,0,
msvollmert.de,unknown,1.0,0,
odia.de,unknown,1.0,0,
schule-meggen.ch,unknown,1.0,0,
nilohoffice.com,unknown,1.0,0,
um.ac.id,unknown,1.0,0,
burda.com,unknown,1.0,0,
rebstock.com,unknown,1.0,0,
uhlmann.de,unknown,1.0,0,
next-mannheim.de,unknown,1.0,0,
dvag.de,unknown,1.0,0,
bensturm.com,unknown,1.0,0,
rehlegg.de,unknown,1.0,0,
ki-news.org,unknown,1.0,0,
daub-ihringen.de,unknown,1.0,0,
paw3.de,unknown,1.0,0,
tahhuber.digital,unknown,1.0,0,
prognost.com,unknown,1.0,0,
bimoso-consulting.de,unknown,1.0,0,
ikl.aau.dk,unknown,1.0,0,
schaubeck.de,unknown,1.0,0,
geoanalysis-engineering.de,unknown,1.0,0,
apfelkuchenwege.tk,unknown,1.0,0,
wemmel.info,unknown,1.0,0,
javalink.de,unknown,1.0,0,
ppom.simplelogin.com,unknown,1.0,0,
neures.de,unknown,1.0,0,
hakstpoelten.ac.at,unknown,1.0,0,
ub.uni-marburg.de,unknown,1.0,0,
ihk-nordwestfalen.de,unknown,1.0,0,
pebk-do.de,unknown,1.0,0,
michael-ehlers.com,unknown,1.0,0,
edu.grums.se,unknown,1.0,0,
baodwirt.de,unknown,1.0,0,
fjp-media.de,unknown,1.0,0,
goebber-inning.de,unknown,1.0,0,
knoll-mb.de,unknown,1.0,0,
cs-bodensee.de,unknown,1.0,0,
abrueck.de,unknown,1.0,0,
mascha-powalka.de,unknown,1.0,0,
splendid-akademie.de,unknown,1.0,0,
sikora.de,unknown,1.0,0,
h-p-consulting.de,unknown,1.0,0,
laessig.de,unknown,1.0,0,
romics.de,unknown,1.0,0,
grg3.at,unknown,1.0,0,
ifbq.hamburg.de,unknown,1.0,0,
gvb.hilden.de,unknown,1.0,0,
msupport.ch,unknown,1.0,0,
filmakademie.de,unknown,1.0,0,
volkerheinz.de,unknown,1.0,0,
kauko.de,unknown,1.0,0,
mangoblau.ai,unknown,1.0,0,
wfg-kreis-unna.de,unknown,1.0,0,
dardenne.de,unknown,1.0,0,
geschichte.hu-berlin.de,unknown,1.0,0,
elmhurst.edu,unknown,1.0,0,
meyer-familie.email,unknown,1.0,0,
frankfurt-oder.de,unknown,1.0,0,
sofatutor.com,unknown,1.0,0,
minimax.de,unknown,1.0,0,
mgo360.de,unknown,1.0,0,
akademie-burgenland.at,unknown,1.0,0,
steffens-hh.de,unknown,1.0,0,
hans-litten-schule.de,unknown,1.0,0,
student.khai.edu,unknown,1.0,0,
wiesbaden.de,unknown,1.0,0,
aquaflex.de,unknown,1.0,0,
metaberatung.com,unknown,1.0,0,
synaxon.de,unknown,1.0,0,
vitalmentoring.de,unknown,1.0,0,
ctie.etat.lu,unknown,1.0,0,
afsmol.de,unknown,1.0,0,
cindystuermer.com,unknown,1.0,0,
lsweb.de,unknown,1.0,0,
bain.com,unknown,1.0,0,
arbeitundlebenmv.de,unknown,1.0,0,
ivordi-berlin.de,unknown,1.0,0,
gluche.org,unknown,1.0,0,
guerch.com,unknown,1.0,0,
gehringit.de,unknown,1.0,0,
carolahug.de,unknown,1.0,0,
next-beacon.com,unknown,1.0,0,
overall.ch,unknown,1.0,0,
heiz.li,unknown,1.0,0,
nuernberg.ihk.de,unknown,1.0,0,
jaggomedia.de,unknown,1.0,0,
nettetal.de,unknown,1.0,0,
kassel.de,unknown,1.0,0,
dkv-mobility.com,unknown,1.0,0,
emteco.de,unknown,1.0,0,
europe.pall.com,unknown,1.0,0,
obs-verden.de,unknown,1.0,0,
csp.fraunhofer.de,unknown,1.0,0,
ttf-fahrschule.de,unknown,1.0,0,
ratsschule.net,unknown,1.0,0,
jv.bayern.de,unknown,1.0,0,
quickoil.at,unknown,1.0,0,
engsem.uni-hannover.de,unknown,1.0,0,
dr-schaab.de,unknown,1.0,0,
dnmx.org,unknown,1.0,0,
gomesma.de,unknown,1.0,0,
awo-duesseldorf.de,unknown,1.0,0,
trakyayatirim.com.tr,unknown,1.0,0,
lyons.de,unknown,1.0,0,
schule-bsbz.de,unknown,1.0,0,
asw-ggmbh.de,unknown,1.0,0,
transrion.com,unknown,1.0,0,
translation-concept.de,unknown,1.0,0,
ep-group.de,unknown,1.0,0,
psychotherapie-mavropoulos.de,unknown,1.0,0,
valiyev-gruppe.de,unknown,1.0,0,
e-fellows.net,unknown,1.0,0,
canyoo.de,unknown,1.0,0,
brunottekonzept.de,unknown,1.0,0,
stmi.bayern.de,unknown,1.0,0,
drwoessner.de,unknown,1.0,0,
paedagogik.uni-halle.de,unknown,1.0,0,
rinnert.info,unknown,1.0,0,
fit.ie,unknown,1.0,0,
kounadis.de,unknown,1.0,0,
tscharnerimmobilien.ch,unknown,1.0,0,
praxis-schreiter.de,unknown,1.0,0,
donchev.is,unknown,1.0,0,
beens.de,unknown,1.0,0,
space.net,unknown,1.0,0,
evgo.de,unknown,1.0,0,
eca.europa.eu,unknown,1.0,0,
joergschroedercoaching.de,unknown,1.0,0,
bellin.digital,unknown,1.0,0,
wur.nl,unknown,1.0,0,
lra-deg.bayern.de,unknown,1.0,0,
aesmtk.de,unknown,1.0,0,
recht.uni-giessen.de,unknown,1.0,0,
penske.de,unknown,1.0,0,
ziegelwanger-edv.at,unknown,1.0,0,
ba-spandau.berlin.de,unknown,1.0,0,
brandung.de,unknown,1.0,0,
haekelvilla.at,unknown,1.0,0,
amargo.de,unknown,1.0,0,
iliaca.de,unknown,1.0,0,
dimna.de,unknown,1.0,0,
bwfgb.hamburg.de,unknown,1.0,0,
alexander-foerster.de,unknown,1.0,0,
winnenbrock.com,unknown,1.0,0,
condero.com,unknown,1.0,0,
strabag-pfs.com,unknown,1.0,0,
uhi.ac.uk,unknown,1.0,0,
wohlfahrtswerk.de,unknown,1.0,0,
zitzmann-klimaschutz.de,unknown,1.0,0,
istec.de,unknown,1.0,0,
strange-consult.de,unknown,1.0,0,
netzfreude.de,unknown,1.0,0,
aldujaili.com,unknown,1.0,0,
blue-consult.de,unknown,1.0,0,
tds-immo.de,unknown,1.0,0,
lenick.de,unknown,1.0,0,
i-brockmann.com,unknown,1.0,0,
rzubler.ch,unknown,1.0,0,
hdi.de,unknown,1.0,0,
jung-kramer.de,unknown,1.0,0,
blomeier.de,unknown,1.0,0,
trendbeobachter.de,unknown,1.0,0,
olgamarose.com,unknown,1.0,0,
inonline.de,unknown,1.0,0,
goetz-holzbau.de,unknown,1.0,0,
kameke.info,unknown,1.0,0,
daence.org,unknown,1.0,0,
zkj.ch,unknown,1.0,0,
gym-leichlingen.de,unknown,1.0,0,
minidata.ch,unknown,1.0,0,
link.cuhk.edu.hk,unknown,1.0,0,
bbs-verden.de,unknown,1.0,0,
iw.uni-hannover.de,unknown,1.0,0,
hands-up.com,unknown,1.0,0,
lundbeck.com,unknown,1.0,0,
uesser.de,unknown,1.0,0,
tedic.de,unknown,1.0,0,
kisd.de,unknown,1.0,0,
schwiegelshon.com,unknown,1.0,0,
cellitinnen.de,unknown,1.0,0,
stein-gymnasium.eu,unknown,1.0,0,
talg-ltc.com,unknown,1.0,0,
mpz-erzgebirgskreis.de,unknown,1.0,0,
strittberg74.com,unknown,1.0,0,
simoneschwab.de,unknown,1.0,0,
landesvolksanwalt.at,unknown,1.0,0,
dieter-stolle.de,unknown,1.0,0,
land24.de,unknown,1.0,0,
modeschule-hallein.at,unknown,1.0,0,
coaching-mit-energie.de,unknown,1.0,0,
eccelerate.com,unknown,1.0,0,
bklm-ahaus.de,unknown,1.0,0,
hallein.schule,unknown,1.0,0,
sari24.de,unknown,1.0,0,
manuelwenzel.com,unknown,1.0,0,
carl-bantzer.schule,unknown,1.0,0,
iek.uni-hannover.de,unknown,1.0,0,
gmsobrigheim.de,unknown,1.0,0,
carlroth.de,unknown,1.0,0,
schule-jegenstorf.ch,unknown,1.0,0,
sebastian-faber.de,unknown,1.0,0,
neumann.net,unknown,1.0,0,
stbhahn.de,unknown,1.0,0,
michaelhofer.de,unknown,1.0,0,
now-gmbh.de,unknown,1.0,0,
nasher.com,unknown,1.0,0,
fleckenstein-rottgardt.de,unknown,1.0,0,
camex-germany.de,unknown,1.0,0,
gs-tuebingen.de,unknown,1.0,0,
am6366.de,unknown,1.0,0,
germanistik.uni-giessen.de,unknown,1.0,0,
lv1871.de,unknown,1.0,0,
bitcontrol.info,unknown,1.0,0,
eber.de,unknown,1.0,0,
interia.pl,unknown,1.0,0,
ritzkat.de,unknown,1.0,0,
janesha.de,unknown,1.0,0,
ibg-lahr.de,unknown,1.0,0,
ehrenberg-gymnasium.de,unknown,1.0,0,
estelzer.de,unknown,1.0,0,
m-marano.com,unknown,1.0,0,
clp-events.de,unknown,1.0,0,
sudern.de,unknown,1.0,0,
psychotherapie-lueneburg.com,unknown,1.0,0,
link11.com,unknown,1.0,0,
energieallianz.at,unknown,1.0,0,
sowibefo-regensburg.de,unknown,1.0,0,
boeijen.de,unknown,1.0,0,
thermo.cool,unknown,1.0,0,
hauptmann.law,unknown,1.0,0,
ratswd.de,unknown,1.0,0,
bbs-buchholz.de,unknown,1.0,0,
mts-gmbh.com,unknown,1.0,0,
michael-fritz.com,unknown,1.0,0,
videovoodoo.eu,unknown,1.0,0,
schulkontext.de,unknown,1.0,0,
evaluieren.de,unknown,1.0,0,
netuse.de,unknown,1.0,0,
hippokratesschule.de,unknown,1.0,0,
soapstore.ch,unknown,1.0,0,
fischer-netz.biz,unknown,1.0,0,
htl-bregenz.ac.at,unknown,1.0,0,
jaegermeister.de,unknown,1.0,0,
n-o-p.de,unknown,1.0,0,
mosblech.com,unknown,1.0,0,
bbf-bike.de,unknown,1.0,0,
eidendesign.de,unknown,1.0,0,
gym-meiendorf.de,unknown,1.0,0,
gmx.es,unknown,1.0,0,
fieg.co.at,unknown,1.0,0,
thielhelm-stb.de,unknown,1.0,0,
hfoed.bayern.de,unknown,1.0,0,
mf-es.de,unknown,1.0,0,
debbieundflo.de,unknown,1.0,0,
rs-althengstett.de,unknown,1.0,0,
schnermann.net,unknown,1.0,0,
entkam.de,unknown,1.0,0,
binderas.de,unknown,1.0,0,
lwl-focus-schule.de,unknown,1.0,0,
kontra.eu,unknown,1.0,0,
lehrbeauftragte.h-brs.de,unknown,1.0,0,
falk-stolzenberg.de,unknown,1.0,0,
otto-hahn-schule.hanau.de,unknown,1.0,0,
hulg.de,unknown,1.0,0,
lauer.biz,unknown,1.0,0,
mggm.de,unknown,1.0,0,
renew-sources.de,unknown,1.0,0,
brandschutz-services.de,unknown,1.0,0,
ziggo.nl,unknown,1.0,0,
zebitz-heyden.de,unknown,1.0,0,
secumba.de,unknown,1.0,0,
steinerclan.de,unknown,1.0,0,
netplus.ch,unknown,1.0,0,
zbw.ch,unknown,1.0,0,
kinlechner.de,unknown,1.0,0,
maxupport.de,unknown,1.0,0,
duenneisen.ch,unknown,1.0,0,
jks-pankow.de,unknown,1.0,0,
linked-up.de,unknown,1.0,0,
vbd-beratung.de,unknown,1.0,0,
bswbl.de,unknown,1.0,0,
medrisch.com,unknown,1.0,0,
stud.th-rosenheim.de,Germany,2.0,TH Rosenheim,
ihk-akademie.de,unknown,1.0,0,
augsburger-allgemeine.de,unknown,1.0,0,
engenharia.ufjf.br,unknown,1.0,0,
arzt-fuer-naturheilverfahren.de,unknown,1.0,0,
kanzleilotz.de,unknown,1.0,0,
schule.ar.ch,unknown,1.0,0,
bungeesports.de,unknown,1.0,0,
seelen.theater,unknown,1.0,0,
itr.tu-clausthal.de,unknown,1.0,0,
traforce-rlp.de,unknown,1.0,0,
kuhn-im-netz.de,unknown,1.0,0,
0815-atelier.de,unknown,1.0,0,
lachner-net.de,unknown,1.0,0,
sdu.dk,unknown,1.0,0,
eta-siemer.de,unknown,1.0,0,
all4info.ch,unknown,1.0,0,
raber-sv.de,unknown,1.0,0,
mmfoto.de,unknown,1.0,0,
hoeher-akademie.de,unknown,1.0,0,
mandalila-design.de,unknown,1.0,0,
gymnasium-mariastern.de,unknown,1.0,0,
monoki.de,unknown,1.0,0,
skole.co.za,unknown,1.0,0,
netfonds.de,unknown,1.0,0,
wagner.de,unknown,1.0,0,
bad-nauheim.de,unknown,1.0,0,
karlstorz.com,unknown,1.0,0,
gym-augustum-anne.goerlitz.de,unknown,1.0,0,
blackhoo.de,unknown,1.0,0,
dost24.de,unknown,1.0,0,
agilegravity.com,unknown,1.0,0,
innovationsmanagement.at,unknown,1.0,0,
angroup.ch,unknown,1.0,0,
vnp.de,unknown,1.0,0,
alexanderruf.onmicrosoft.com,unknown,1.0,0,
forumbd.de,unknown,1.0,0,
caritas-heilbronn-hohenlohe.de,unknown,1.0,0,
unternehmerlotsen.bayern,unknown,1.0,0,
brk.nrw.de,unknown,1.0,0,
niendorf.net,unknown,1.0,0,
helmholtzschule-ffm.net,unknown,1.0,0,
lernen-bohlscheid.de,unknown,1.0,0,
manuela-hartmann-isleb.de,unknown,1.0,0,
edualto.com,unknown,1.0,0,
martinkaemper.de,unknown,1.0,0,
hofmann-sha.de,unknown,1.0,0,
juliabaier.de,unknown,1.0,0,
bfw-hamm.org,unknown,1.0,0,
openstorage.de,unknown,1.0,0,
koelnmesse.de,unknown,1.0,0,
orthopaeden-zentrum.de,unknown,1.0,0,
commhaconsulting.com,unknown,1.0,0,
mmbbs.de,unknown,1.0,0,
ottogroup.com,unknown,1.0,0,
avucon.com,unknown,1.0,0,
v-ca.eu,unknown,1.0,0,
rsm.bayern,unknown,1.0,0,
gufum.com,unknown,1.0,0,
greune.com,unknown,1.0,0,
tobiaswissmann.de,unknown,1.0,0,
kerstinschomburg.de,unknown,1.0,0,
krahnefeld.org,unknown,1.0,0,
trendy-stores.de,unknown,1.0,0,
vorwerk.de,unknown,1.0,0,
landtag-mv.de,unknown,1.0,0,
frommherz-it.ch,unknown,1.0,0,
kapiva.org,unknown,1.0,0,
joinhandshake.com,unknown,1.0,0,
bnn.de,unknown,1.0,0,
wiesche.com,unknown,1.0,0,
bktlegal.com,unknown,1.0,0,
inoue.de,unknown,1.0,0,
ev-schule-zentrum.de,unknown,1.0,0,
partyheld.de,unknown,1.0,0,
jpr.de,unknown,1.0,0,
die-lautmaler.de,unknown,1.0,0,
das-ee.com,unknown,1.0,0,
minor-kontor.de,unknown,1.0,0,
dowald.de,unknown,1.0,0,
objectcode.de,unknown,1.0,0,
kvix.de,unknown,1.0,0,
equestrian-center-opfenbach.de,unknown,1.0,0,
cornerstonelc.com,unknown,1.0,0,
gso.schule.koeln,unknown,1.0,0,
logserv.at,unknown,1.0,0,
smapone.com,unknown,1.0,0,
mc4pm.de,unknown,1.0,0,
kina.de,unknown,1.0,0,
students.bfh.ch,unknown,1.0,0,
hugething.vc,unknown,1.0,0,
wallmeyer.com,unknown,1.0,0,
stoerkens.de,unknown,1.0,0,
agh.edu.pl,unknown,1.0,0,
nowak-online.de,unknown,1.0,0,
marketing-centrum.com,unknown,1.0,0,
betreuungsbuero-fischer.de,unknown,1.0,0,
lvbi.de,unknown,1.0,0,
uchicago.edu,unknown,1.0,0,
swica.ch,unknown,1.0,0,
bbs-hns-hildesheim.de,unknown,1.0,0,
sg-con.net,unknown,1.0,0,
helvetas.org,unknown,1.0,0,
krisch.info,unknown,1.0,0,
recotrain.de,unknown,1.0,0,
edumedag.com,unknown,1.0,0,
mein-rosengarten.de,unknown,1.0,0,
student.hnu.de,unknown,1.0,0,
cs.uni-frankfurt.de,Germany,2.0,Universität Frankfurt,
gym-ntz.de,unknown,1.0,0,
berger.global,unknown,1.0,0,
faist.de,unknown,1.0,0,
hi10x.com,unknown,1.0,0,
stadt-kehl.de,unknown,1.0,0,
rcsi.com,unknown,1.0,0,
digitaleheimat.de,unknown,1.0,0,
klimatechnik-debusmann.de,unknown,1.0,0,
klinnert-gmbh.de,unknown,1.0,0,
kerbl.com,unknown,1.0,0,
vanderloo.ch,unknown,1.0,0,
gmos.ch,unknown,1.0,0,
boesenthal.de,unknown,1.0,0,
dennisyenmez.de,unknown,1.0,0,
nms.pasching.at,unknown,1.0,0,
inda-gymnasium.de,unknown,1.0,0,
akros.ch,unknown,1.0,0,
centrotec.de,unknown,1.0,0,
efriedrich.de,unknown,1.0,0,
bardt.eu,unknown,1.0,0,
baecker-info.de,unknown,1.0,0,
yttrium.com,unknown,1.0,0,
gym.bize.de,unknown,1.0,0,
health-and-medical-university.de,unknown,1.0,0,
bernalte.de,unknown,1.0,0,
comhard.de,unknown,1.0,0,
august.at,unknown,1.0,0,
scaleworks.com,unknown,1.0,0,
wescaleit.com,unknown,1.0,0,
berndmschell.com,unknown,1.0,0,
gcp-hoffbauer.de,unknown,1.0,0,
n4.de,unknown,1.0,0,
sz-seesen.de,unknown,1.0,0,
hoev-rlp.de,unknown,1.0,0,
sternbauer.com,unknown,1.0,0,
msb.nrw.de,unknown,1.0,0,
cadrage.de,unknown,1.0,0,
ravtscheev.com,unknown,1.0,0,
inworks.at,unknown,1.0,0,
bs18.de,unknown,1.0,0,
haasfreiburg.de,unknown,1.0,0,
joachimstahl.com,unknown,1.0,0,
bio.nrw.de,unknown,1.0,0,
contentmanagement.de,unknown,1.0,0,
dms-komplett.de,unknown,1.0,0,
i40.de,unknown,1.0,0,
komossa.de,unknown,1.0,0,
halfar-online.de,unknown,1.0,0,
sneo.io,unknown,1.0,0,
harych.de,unknown,1.0,0,
therapon24.de,unknown,1.0,0,
xray-lab.com,unknown,1.0,0,
itwm.fraunhofer.de,unknown,1.0,0,
fgst.de,unknown,1.0,0,
edd-holding.com,unknown,1.0,0,
franz.science,unknown,1.0,0,
nu.edu.kz,unknown,1.0,0,
2811.cl,unknown,1.0,0,
dhh-trier.de,unknown,1.0,0,
gevko.de,unknown,1.0,0,
2winter.de,unknown,1.0,0,
bbz-kleve.de,unknown,1.0,0,
emeneo.com,unknown,1.0,0,
chinadin.de,unknown,1.0,0,
eng4digi.de,unknown,1.0,0,
deroux.info,unknown,1.0,0,
klingers.de,unknown,1.0,0,
schwarz-marburg.de,unknown,1.0,0,
ostschule.de,unknown,1.0,0,
post.pl,unknown,1.0,0,
insidescan.de,unknown,1.0,0,
imago-dortmund.de,unknown,1.0,0,
zbt.de,unknown,1.0,0,
htv-conservation.com,unknown,1.0,0,
glatzner.at,unknown,1.0,0,
agr.de,unknown,1.0,0,
scherffig.de,unknown,1.0,0,
w-w.studio,unknown,1.0,0,
niere-sb.de,unknown,1.0,0,
zimmes.de,unknown,1.0,0,
ms.etat.lu,unknown,1.0,0,
cdu.edu.au,unknown,1.0,0,
email.arizona.edu,unknown,1.0,0,
law.sc.edu,unknown,1.0,0,
hahubo.net,unknown,1.0,0,
lutzebaeck.net,unknown,1.0,0,
timokox.de,unknown,1.0,0,
shariquejavaid.com,unknown,1.0,0,
wellnitz-alex.de,unknown,1.0,0,
pathologie-richter.de,unknown,1.0,0,
radermacher.de,unknown,1.0,0,
stadt.salzgitter.de,unknown,1.0,0,
tcw-donau-ries.de,unknown,1.0,0,
matelso.com,unknown,1.0,0,
local.yoga,unknown,1.0,0,
m.titech.ac.jp,unknown,1.0,0,
bonprix.net,unknown,1.0,0,
schellscheidt.com,unknown,1.0,0,
gutzmannschule.de,unknown,1.0,0,
hkw-weiss.de,unknown,1.0,0,
unternehmer-berater.de,unknown,1.0,0,
htl-braunau.at,unknown,1.0,0,
schwarz-stellmach.de,unknown,1.0,0,
floriansarbacher.de,unknown,1.0,0,
achim-bernhard.de,unknown,1.0,0,
bhakwien10.at,unknown,1.0,0,
erka.org,unknown,1.0,0,
gimedia.de,unknown,1.0,0,
magz-medien.de,unknown,1.0,0,
it-stratmann.de,unknown,1.0,0,
devdave.de,unknown,1.0,0,
michaelkoop.de,unknown,1.0,0,
michaelbeilmann.de,unknown,1.0,0,
ifsen.de,unknown,1.0,0,
kurtzersa.de,unknown,1.0,0,
sustainnovation.de,unknown,1.0,0,
ikt-agder.no,unknown,1.0,0,
kpnb.de,unknown,1.0,0,
women-at-work.org,unknown,1.0,0,
samariterstiftung.de,unknown,1.0,0,
betonwerk-mil.de,unknown,1.0,0,
olli-voigt.de,unknown,1.0,0,
psy.unibe.ch,unknown,1.0,0,
badenova.de,unknown,1.0,0,
wittenberg.de,unknown,1.0,0,
hema.to,unknown,1.0,0,
goldmail.de,unknown,1.0,0,
redeker.de,unknown,1.0,0,
astriol.de,unknown,1.0,0,
darc.de,unknown,1.0,0,
bayernhafen.de,unknown,1.0,0,
woodel.de,unknown,1.0,0,
sellmaiernet.de,unknown,1.0,0,
pixelpitch.tv,unknown,1.0,0,
ppg.lernen.barnim.de,unknown,1.0,0,
stc-r.nl,unknown,1.0,0,
krotzmann.de,unknown,1.0,0,
leibniz-fh.de,unknown,1.0,0,
arbeitundleben-thueringen.de,unknown,1.0,0,
cendiq.com,unknown,1.0,0,
lindt.com,unknown,1.0,0,
letzer.online,unknown,1.0,0,
ufg.at,unknown,1.0,0,
clbt.de,unknown,1.0,0,
interactions.com,unknown,1.0,0,
bsh.de,unknown,1.0,0,
rs-horkesgath.de,unknown,1.0,0,
thedieck.eu,unknown,1.0,0,
gym-leoben.net,unknown,1.0,0,
trainology.de,unknown,1.0,0,
shop-construct.de,unknown,1.0,0,
jaspert.de,unknown,1.0,0,
baywa.de,unknown,1.0,0,
lehrle.de,unknown,1.0,0,
caritas-stuttgart.de,unknown,1.0,0,
t-online.hu,unknown,1.0,0,
gs-wt.de,unknown,1.0,0,
ost8.de,unknown,1.0,0,
mega-city.de,unknown,1.0,0,
kraucon.de,unknown,1.0,0,
techfritze.de,unknown,1.0,0,
jkg-lebach.de,unknown,1.0,0,
stufr.de,unknown,1.0,0,
kbs.li,unknown,1.0,0,
cismst.de,unknown,1.0,0,
longleif.de,unknown,1.0,0,
hillenbrandgmbh.com,unknown,1.0,0,
ge-waltrop.de,unknown,1.0,0,
scholles.de,unknown,1.0,0,
hilpert.ch,unknown,1.0,0,
rieben.at,unknown,1.0,0,
ovau.de,unknown,1.0,0,
oculus.de,unknown,1.0,0,
dennisschuerholz.de,unknown,1.0,0,
htl-ferlach.at,unknown,1.0,0,
gemue.net,unknown,1.0,0,
konzept-e.de,unknown,1.0,0,
katulu.io,unknown,1.0,0,
friedberg.ch,unknown,1.0,0,
cocomore.com,unknown,1.0,0,
mygatekeeper.de,unknown,1.0,0,
dempfle.net,unknown,1.0,0,
onair.de,unknown,1.0,0,
oygo.com,unknown,1.0,0,
m-dt.de,unknown,1.0,0,
leinefilm.de,unknown,1.0,0,
e-e-consult.com,unknown,1.0,0,
mq-solution.de,unknown,1.0,0,
cloud-rohrmueller.de,unknown,1.0,0,
anonmails.de,unknown,1.0,0,
journalistroth.eu,unknown,1.0,0,
ing-ask.de,unknown,1.0,0,
strumberger.de,unknown,1.0,0,
hopt-schuler.com,unknown,1.0,0,
b-wiese.de,unknown,1.0,0,
myselle.com,unknown,1.0,0,
swiss4digital.ch,unknown,1.0,0,
mastersoft.at,unknown,1.0,0,
irreal.de,unknown,1.0,0,
diewie.net,unknown,1.0,0,
tempr.email,unknown,1.0,0,
ic.ac.uk,unknown,1.0,0,
stellwerk3.de,unknown,1.0,0,
parlowdesign.de,unknown,1.0,0,
valorx.net,unknown,1.0,0,
bbs-kirchdorf.at,unknown,1.0,0,
roberto-weinhold.de,unknown,1.0,0,
kvhrs.com,unknown,1.0,0,
awo-hamburg.de,unknown,1.0,0,
hunold.com,unknown,1.0,0,
uwehesse.com,unknown,1.0,0,
agilitywork.com,unknown,1.0,0,
inb.gov.br,unknown,1.0,0,
bwu-bremen.de,unknown,1.0,0,
klinikum-vest.de,unknown,1.0,0,
hihonor.com,unknown,1.0,0,
jarta.de,unknown,1.0,0,
kuelkens1.de,unknown,1.0,0,
sowentus.biz,unknown,1.0,0,
qrai.de,unknown,1.0,0,
pragmatext.de,unknown,1.0,0,
nlstar.de,unknown,1.0,0,
leckler.de,unknown,1.0,0,
kaleve.de,unknown,1.0,0,
stiftsgymnasium.de,unknown,1.0,0,
dr-jaacks.de,unknown,1.0,0,
kreis-germersheim.de,unknown,1.0,0,
google.com,unknown,1.0,0,
iliya.de,unknown,1.0,0,
eab-berlin.eu,unknown,1.0,0,
scheele-brenne.de,unknown,1.0,0,
reifenstein.eu,unknown,1.0,0,
gewert-consulting.de,unknown,1.0,0,
lin-wetzel.de,unknown,1.0,0,
joomas.de,unknown,1.0,0,
ggs.uni-giessen.de,unknown,1.0,0,
medienschule-hamburg.de,unknown,1.0,0,
nextmg.org,unknown,1.0,0,
nachbarschaftshaus.de,unknown,1.0,0,
stadt-unna.de,unknown,1.0,0,
besenreuther.de,unknown,1.0,0,
govshare.org,unknown,1.0,0,
fedas.lu,unknown,1.0,0,
jasmin-schaedler.com,unknown,1.0,0,
bellboxx.com,unknown,1.0,0,
fsg-we.de,unknown,1.0,0,
eurogate.eu,unknown,1.0,0,
erikschwan.de,unknown,1.0,0,
diakonie-nok.de,unknown,1.0,0,
alexander-heinz.de,unknown,1.0,0,
jschraml.de,unknown,1.0,0,
culturalrelations.co.uk,unknown,1.0,0,
4loewen.net,unknown,1.0,0,
beyondtourism.de,unknown,1.0,0,
kh-dud.de,unknown,1.0,0,
allessa.com,unknown,1.0,0,
wilfried-falk.de,unknown,1.0,0,
berliner-stadtmission.de,unknown,1.0,0,
rooshenas.com,unknown,1.0,0,
citro.de,unknown,1.0,0,
dirkfoerster.de,unknown,1.0,0,
swh.bremen.de,unknown,1.0,0,
educhamp.net,unknown,1.0,0,
aoberdieck.com,unknown,1.0,0,
habmalnefrage.de,unknown,1.0,0,
kpc.co.ke,unknown,1.0,0,
cai42.de,unknown,1.0,0,
messer-schoelles.de,unknown,1.0,0,
rotenburg-wuemme.de,unknown,1.0,0,
pilotprojekt.de,unknown,1.0,0,
rsg-schueler.de,unknown,1.0,0,
max-bill-schule.de,unknown,1.0,0,
ballicks.de,unknown,1.0,0,
stahlerftstadt.eu,unknown,1.0,0,
bonn.de,unknown,1.0,0,
pik-potsdam.de,unknown,1.0,0,
djabatta.de,unknown,1.0,0,
magneth.de,unknown,1.0,0,
uams.edu,unknown,1.0,0,
aul-nds.de,unknown,1.0,0,
eu-aschaffenburg.de,unknown,1.0,0,
durango.de,unknown,1.0,0,
stadtbibliothek.bremen.de,unknown,1.0,0,
sae.uzh.ch,unknown,1.0,0,
carexpert.de,unknown,1.0,0,
zita.co.at,unknown,1.0,0,
ui.city,unknown,1.0,0,
hno-simmering.at,unknown,1.0,0,
art-lawyer.de,unknown,1.0,0,
potsdam.de,unknown,1.0,0,
starmind.com,unknown,1.0,0,
codefragments.org,unknown,1.0,0,
michaelwenzl.de,unknown,1.0,0,
ids-mannheim.de,unknown,1.0,0,
veliqi.de,unknown,1.0,0,
damovo.com,unknown,1.0,0,
moritzkathe.de,unknown,1.0,0,
gemeinsam-digital.de,unknown,1.0,0,
ecolea.de,unknown,1.0,0,
axelspringer.com,unknown,1.0,0,
etc.at,unknown,1.0,0,
shinternet.ch,unknown,1.0,0,
computer.org,unknown,1.0,0,
keb-rheinland-pfalz.de,unknown,1.0,0,
ginkgo-analytics.com,unknown,1.0,0,
gtai.com,unknown,1.0,0,
2d-ventures.com,unknown,1.0,0,
t-schneider.de,unknown,1.0,0,
spirejoin.site,unknown,1.0,0,
absolventa.de,unknown,1.0,0,
wiseway.de,unknown,1.0,0,
jf-knoll.de,unknown,1.0,0,
thomasgerdes.de,unknown,1.0,0,
mb-berlinbrandenburg.de,unknown,1.0,0,
westspitze.de,unknown,1.0,0,
deutschebahnstiftung.de,unknown,1.0,0,
onbildung.de,unknown,1.0,0,
hientz.net,unknown,1.0,0,
manz.com,unknown,1.0,0,
sowi.uni-stuttgart.de,unknown,1.0,0,
chez-harry.de,unknown,1.0,0,
mail.adelphi.edu,unknown,1.0,0,
erd-mann.de,unknown,1.0,0,
jochen-jahn.de,unknown,1.0,0,
bmlrt.gv.at,unknown,1.0,0,
landkreistag.de,unknown,1.0,0,
zimmer.pm,unknown,1.0,0,
zukunftswerkstatt-buchholz.de,unknown,1.0,0,
bald-da.de,unknown,1.0,0,
sipgate.de,unknown,1.0,0,
thetlilin.gq,unknown,1.0,0,
che.org.il,unknown,1.0,0,
rolmail.net,unknown,1.0,0,
uds.berlin,unknown,1.0,0,
hagendorff.net,unknown,1.0,0,
stufenzumerfolg.de,unknown,1.0,0,
bk.bund.de,unknown,1.0,0,
villeroy-boch.de,unknown,1.0,0,
simplify.design,unknown,1.0,0,
brta.eus,unknown,1.0,0,
friedrich-daub.de,unknown,1.0,0,
hotmail.com.br,unknown,1.0,0,
coraziegler.de,unknown,1.0,0,
upm.es,unknown,1.0,0,
khf.name,unknown,1.0,0,
oszd.ch,unknown,1.0,0,
cfl.lu,unknown,1.0,0,
korea.kr,unknown,1.0,0,
vedi.lu,unknown,1.0,0,
husky.ca,unknown,1.0,0,
guardian.com,unknown,1.0,0,
joachimsky.org,unknown,1.0,0,
studium.backhaus-os.de,unknown,1.0,0,
hcatplus.de,unknown,1.0,0,
yannickpoirier.fr,unknown,1.0,0,
maklerpartner.at,unknown,1.0,0,
itech.ca,unknown,1.0,0,
gaetanbiname.be,unknown,1.0,0,
steinbeis-ifem.de,unknown,1.0,0,
mangieri.de,unknown,1.0,0,
christinehauck.de,unknown,1.0,0,
iga.ac.ma,unknown,1.0,0,
beatemunding.com,unknown,1.0,0,
dirk-pj.de,unknown,1.0,0,
fernstudien.at,unknown,1.0,0,
baumstark.org,unknown,1.0,0,
fugro.com,unknown,1.0,0,
reinermeyer.de,unknown,1.0,0,
fmg-tegel.de,unknown,1.0,0,
selzener.eu,unknown,1.0,0,
johanneum-luebeck.de,unknown,1.0,0,
inje.ac.kr,unknown,1.0,0,
geospin.de,unknown,1.0,0,
weitsicht.nrw.schule,unknown,1.0,0,
martin-collins.de,unknown,1.0,0,
uni.leuphana.de,unknown,1.0,0,
janotec.de,unknown,1.0,0,
profinetservices.com,unknown,1.0,0,
inspirata.de,unknown,1.0,0,
junge-forscher.info,unknown,1.0,0,
kuhn.farm,unknown,1.0,0,
innovation-coach.at,unknown,1.0,0,
mail.org,unknown,1.0,0,
culcha.com,unknown,1.0,0,
gesamtschule-teltow.de,unknown,1.0,0,
discard.email,unknown,1.0,0,
coppenrath-wiese.de,unknown,1.0,0,
yimbou.de,unknown,1.0,0,
telldis.de,unknown,1.0,0,
chan.net,unknown,1.0,0,
ijos.net,unknown,1.0,0,
utica.edu,unknown,1.0,0,
bwdbern.ch,unknown,1.0,0,
unicesar.edu.co,unknown,1.0,0,
lostartjena.org,unknown,1.0,0,
ekiba.de,unknown,1.0,0,
leuoth.com,unknown,1.0,0,
quarterly-crossing.com,unknown,1.0,0,
abeam.com,unknown,1.0,0,
myquix.de,unknown,1.0,0,
tps-data.com,unknown,1.0,0,
g.clemson.edu,unknown,1.0,0,
isim.net.in,unknown,1.0,0,
gerquist.de,unknown,1.0,0,
baldned.de,unknown,1.0,0,
scc-berlin-mitte.de,unknown,1.0,0,
jonasrauber.de,unknown,1.0,0,
bardel.de,unknown,1.0,0,
dsrom.de,unknown,1.0,0,
hdbw-hochschule.de,unknown,1.0,0,
le-roy.lu,unknown,1.0,0,
stanford.edu,unknown,1.0,0,
rayons.be,unknown,1.0,0,
live.be,unknown,1.0,0,
fkggoettingen.de,unknown,1.0,0,
kaempff-kohler.lu,unknown,1.0,0,
o2.pl,unknown,1.0,0,
casablanca-bourse.com,unknown,1.0,0,
poeppel-wkz.de,unknown,1.0,0,
khasse.de,unknown,1.0,0,
bitkom.org,unknown,1.0,0,
ltu.se,unknown,1.0,0,
ms-vergolder.muenchen.musin.de,unknown,1.0,0,
start-nrw.de,unknown,1.0,0,
dida.do,unknown,1.0,0,
stmgp.bayern.de,unknown,1.0,0,
cala-analytics.com,unknown,1.0,0,
vonhantelmann.com,unknown,1.0,0,
ideeon.de,unknown,1.0,0,
trier.de,unknown,1.0,0,
rs-bedburg.de,unknown,1.0,0,
kind.com,unknown,1.0,0,
visionthing.tech,unknown,1.0,0,
thenicks.de,unknown,1.0,0,
training-online.org,unknown,1.0,0,
passfwd.com,unknown,1.0,0,
hlwrankweil.at,unknown,1.0,0,
blagui.com,unknown,1.0,0,
ahfs-sus.de,unknown,1.0,0,
susneckertal.ch,unknown,1.0,0,
dorada-pool.de,unknown,1.0,0,
fahrerverbund.de,unknown,1.0,0,
buchmannschule.ch,unknown,1.0,0,
gym-papenburg.de,unknown,1.0,0,
baral-online.de,unknown,1.0,0,
mail2000.ch,unknown,1.0,0,
docte.de,unknown,1.0,0,
davidneblik.de,unknown,1.0,0,
marc-julian.de,unknown,1.0,0,
rapyd.ai,unknown,1.0,0,
bksn.de,unknown,1.0,0,
tomysayfa.com,unknown,1.0,0,
x-0.eu,unknown,1.0,0,
raabeschule.net,unknown,1.0,0,
werberlin.de,unknown,1.0,0,
ain-consulting.de,unknown,1.0,0,
freudbergschule.de,unknown,1.0,0,
magic.ms,unknown,1.0,0,
qreate.de,unknown,1.0,0,
iq-me.de,unknown,1.0,0,
mellowmonkey.de,unknown,1.0,0,
i22.de,unknown,1.0,0,
webweiser.eu,unknown,1.0,0,
andreas-heins.de,unknown,1.0,0,
verdi-bub.de,unknown,1.0,0,
technikerschule-bremen.de,unknown,1.0,0,
honigprinz.de,unknown,1.0,0,
gabrielavoss.de,unknown,1.0,0,
schule-binningen.ch,unknown,1.0,0,
bildform.com,unknown,1.0,0,
annafreudschule.de,unknown,1.0,0,
borgleon.at,unknown,1.0,0,
babettebischoff.com,unknown,1.0,0,
freudenberg-cranes.de,unknown,1.0,0,
pantherray.org,unknown,1.0,0,
dieschule.de,unknown,1.0,0,
jbuehl.com,unknown,1.0,0,
ghetzner.de,unknown,1.0,0,
gsmey.onmicrosoft.com,unknown,1.0,0,
proexbol.com,unknown,1.0,0,
abacus-press.com,unknown,1.0,0,
gymnasium-ditzingen.de,unknown,1.0,0,
schule-roggwil.ch,unknown,1.0,0,
gsf-mail.de,unknown,1.0,0,
matadata.net,unknown,1.0,0,
libra.brandenburg.de,unknown,1.0,0,
klossmedia.de,unknown,1.0,0,
fernstudienanbieter.de,unknown,1.0,0,
bifor.de,unknown,1.0,0,
michael-weller.de,unknown,1.0,0,
nonb.de,unknown,1.0,0,
telefonica.net,unknown,1.0,0,
stetzka.com,unknown,1.0,0,
sapura.de,unknown,1.0,0,
fg-berlin.eu,unknown,1.0,0,
holzheuer.de,unknown,1.0,0,
foerdegymnasium.de,unknown,1.0,0,
manufactum.de,unknown,1.0,0,
chd.fra-uas.de,unknown,1.0,0,
joergwingerath.de,unknown,1.0,0,
bosch.io,unknown,1.0,0,
begemann-schule.de,unknown,1.0,0,
vki.ac.be,unknown,1.0,0,
limes-gymnasium.de,unknown,1.0,0,
sekermatingen.ch,unknown,1.0,0,
heitkamp.info,unknown,1.0,0,
bs-akademie.de,unknown,1.0,0,
sbeze.ch,unknown,1.0,0,
nagarro.com,unknown,1.0,0,
joselopez.de,unknown,1.0,0,
hildebrandtschule.de,unknown,1.0,0,
2aa2.de,unknown,1.0,0,
shgr.net,unknown,1.0,0,
dsmalaga.com,unknown,1.0,0,
maitlisek.ch,unknown,1.0,0,
avallia.com,unknown,1.0,0,
kmz-bsk.de,unknown,1.0,0,
heinz-brandt-schule.de,unknown,1.0,0,
esatnet.com,unknown,1.0,0,
upskyld.com,unknown,1.0,0,
logvice.de,unknown,1.0,0,
rottmayr-gymnasium.de,unknown,1.0,0,
it-stores.de,unknown,1.0,0,
europass.it,unknown,1.0,0,
gesamtschule-kamen.de,unknown,1.0,0,
ksab.ch,unknown,1.0,0,
lauff.org,unknown,1.0,0,
eggebrecht-gmbh.de,unknown,1.0,0,
matare.de,unknown,1.0,0,
telecolumbus.net,unknown,1.0,0,
streicherconsulting.de,unknown,1.0,0,
statistik-und-beratung.de,unknown,1.0,0,
fahri.com,unknown,1.0,0,
leibniz-liv.de,unknown,1.0,0,
joergschoch.de,unknown,1.0,0,
chemie.tu-chemnitz.de,unknown,1.0,0,
ollenschlaeger.de,unknown,1.0,0,
sionum.com,unknown,1.0,0,
wachtel.biz,unknown,1.0,0,
ursulafrankonline.de,unknown,1.0,0,
bszll.lernsax.de,unknown,1.0,0,
lidl.at,unknown,1.0,0,
alte-leipziger.de,unknown,1.0,0,
tangleshair.de,unknown,1.0,0,
effem.com,unknown,1.0,0,
openpack.com,unknown,1.0,0,
jf-group.net,unknown,1.0,0,
szmh-group.com,unknown,1.0,0,
syinxun.com,unknown,1.0,0,
ravogel.de,unknown,1.0,0,
relling.de,unknown,1.0,0,
venturetv.de,unknown,1.0,0,
fes-schwalbach.de,unknown,1.0,0,
aws-arnsberg.de,unknown,1.0,0,
ghs-heilbronn.de,unknown,1.0,0,
htl-hl.ac.at,unknown,1.0,0,
gbbk-mk.de,unknown,1.0,0,
dghim.com,unknown,1.0,0,
antonianum.schule,unknown,1.0,0,
ludwigshafen.de,unknown,1.0,0,
pmncom.de,unknown,1.0,0,
roo.si,unknown,1.0,0,
mmge-meerbusch.de,unknown,1.0,0,
gpt5.blog,unknown,1.0,0,
renault.de,unknown,1.0,0,
gkpf.ch,unknown,1.0,0,
gerhardmueller.de,unknown,1.0,0,
rowolf.de,unknown,1.0,0,
tbz.ch,unknown,1.0,0,
studicon.com,unknown,1.0,0,
ejinfo.de,unknown,1.0,0,
bnro.de,unknown,1.0,0,
ufelder.com,unknown,1.0,0,
schattentheater.de,unknown,1.0,0,
gravur-laser.ch,unknown,1.0,0,
karwath-online.de,unknown,1.0,0,
mw-pankow.com,unknown,1.0,0,
schueler.gymneander.de,unknown,1.0,0,
wssdgmail.org,unknown,1.0,0,
maginski.de,unknown,1.0,0,
kvz-schule.ch,unknown,1.0,0,
schumir.ch,unknown,1.0,0,
gym-diesterweg.bildung-lsa.de,unknown,1.0,0,
ihk-biz.de,unknown,1.0,0,
ibc-vienna.at,unknown,1.0,0,
christian-schulze.com,unknown,1.0,0,
aekb.de,unknown,1.0,0,
sus.bk-ne.de,unknown,1.0,0,
essbay.de,unknown,1.0,0,
marienschule.de,unknown,1.0,0,
aelter-werden-in-potsdam.de,unknown,1.0,0,
frauenarztpraxis-schaefer.de,unknown,1.0,0,
st.ug.edu.gh,unknown,1.0,0,
siltronic.com,unknown,1.0,0,
luisablasizzo.de,unknown,1.0,0,
1stdibs.icu,unknown,1.0,0,
jusirete.de,unknown,1.0,0,
tuta.com,unknown,1.0,0,
ulbrichweb.de,unknown,1.0,0,
tanjasperl.de,unknown,1.0,0,
gerdkreutzer.de,unknown,1.0,0,
christineheinen.com,unknown,1.0,0,
kletterling.de,unknown,1.0,0,
zuckersalzundpfeffer.de,unknown,1.0,0,
bksberlin.de,unknown,1.0,0,
rainermattern.de,unknown,1.0,0,
vbidr.de,unknown,1.0,0,
zeitenspiegel.de,unknown,1.0,0,
teach.de,unknown,1.0,0,
hs-ulm.de,unknown,1.0,0,
emory.edu,unknown,1.0,0,
edu.sek1march.ch,unknown,1.0,0,
gerhard-klassen.de,unknown,1.0,0,
jthoven.com,unknown,1.0,0,
gym-kl.semrlp.de,unknown,1.0,0,
ursula-wiehre.de,unknown,1.0,0,
agap2.de,unknown,1.0,0,
judocon.de,unknown,1.0,0,
unimaid.edu.ng,unknown,1.0,0,
inge-nieur.de,unknown,1.0,0,
kappius-kralik.de,unknown,1.0,0,
jugendbildungsstaette.org,unknown,1.0,0,
igg.uni-bonn.de,unknown,1.0,0,
im.landsh.de,unknown,1.0,0,
iiserb.ac.in,unknown,1.0,0,
amadeus.com,unknown,1.0,0,
dreamland.de,unknown,1.0,0,
hlw-steyr.at,unknown,1.0,0,
c-m-l.net,unknown,1.0,0,
xracademy-horb.de,unknown,1.0,0,
ngosint.com,unknown,1.0,0,
felme.net,unknown,1.0,0,
sd-con.de,unknown,1.0,0,
linnhoff-seeon.de,unknown,1.0,0,
stud.uni-passau.de,unknown,1.0,0,
steinkress.com,unknown,1.0,0,
kybeidos.de,unknown,1.0,0,
andreaslisker.de,unknown,1.0,0,
emc-quadrat.de,unknown,1.0,0,
textpunkt.com,unknown,1.0,0,
achleitners.com,unknown,1.0,0,
27km.de,unknown,1.0,0,
onmail.com,unknown,1.0,0,
mb8.eu,unknown,1.0,0,
gesamtschule-swisttal.de,unknown,1.0,0,
schmid-maschinendesign.com,unknown,1.0,0,
adpublisher.com,unknown,1.0,0,
soenmez.net,unknown,1.0,0,
druck-xxl.de,unknown,1.0,0,
bimpress.de,unknown,1.0,0,
dmereles.de,unknown,1.0,0,
diabetesdorfalthausen.de,unknown,1.0,0,
ulund.org,unknown,1.0,0,
motor-ai.com,unknown,1.0,0,
cim.de,unknown,1.0,0,
bg-kliniken.de,unknown,1.0,0,
zilles.biz,unknown,1.0,0,
janina-halder.de,unknown,1.0,0,
kos-mail.de,unknown,1.0,0,
klar-und-gelassen.de,unknown,1.0,0,
frogs42.com,unknown,1.0,0,
lswi.de,unknown,1.0,0,
brp.com,unknown,1.0,0,
projekt-map.de,unknown,1.0,0,
tamcke-konzept.de,unknown,1.0,0,
webkai.de,unknown,1.0,0,
datenkonstruktion.de,unknown,1.0,0,
baw.de,unknown,1.0,0,
student.i-med.ac.at,unknown,1.0,0,
rahel-hirsch.schule,unknown,1.0,0,
kulturellebildung.de,unknown,1.0,0,
lehr-binder.de,unknown,1.0,0,
schillingteam.de,unknown,1.0,0,
lup-umwelt.de,unknown,1.0,0,
northerndata.de,unknown,1.0,0,
facsciences-uy1.cm,unknown,1.0,0,
nokia.com,unknown,1.0,0,
connect-grow.de,unknown,1.0,0,
fotr.at,unknown,1.0,0,
annrischke.com,unknown,1.0,0,
ukg.com,unknown,1.0,0,
kkos.net,unknown,1.0,0,
intelligent-vision.de,unknown,1.0,0,
podubrin.net,unknown,1.0,0,
museen-dresden.de,unknown,1.0,0,
realschulevohwinkel.de,unknown,1.0,0,
ev-akademie-boll.de,unknown,1.0,0,
mycka.de,unknown,1.0,0,
eating-sharks.com,unknown,1.0,0,
hier.com,unknown,1.0,0,
ma-this.de,unknown,1.0,0,
unsa.edu.pe,unknown,1.0,0,
kbs.uni-hannover.de,unknown,1.0,0,
icoglu.de,unknown,1.0,0,
zkonsult.de,unknown,1.0,0,
lingel-fenster.com,unknown,1.0,0,
unternehmenfit.de,unknown,1.0,0,
evologs.de,unknown,1.0,0,
innovationspark-ki.hn,unknown,1.0,0,
meengees.de,unknown,1.0,0,
knowlogy-ag.com,unknown,1.0,0,
lebsanft.com,unknown,1.0,0,
prowim.de,unknown,1.0,0,
sundat.de,unknown,1.0,0,
anfomed.de,unknown,1.0,0,
admedes.com,unknown,1.0,0,
anliegen.digital,unknown,1.0,0,
zukunftsladies.de,unknown,1.0,0,
wissensstadt.hn,unknown,1.0,0,
koffler-moersch.de,unknown,1.0,0,
humboldtgymnasium-solingen.de,unknown,1.0,0,
bfv.bund.de,unknown,1.0,0,
seniorskinny.site,unknown,1.0,0,
panzer.design,unknown,1.0,0,
bhuvanam.com,unknown,1.0,0,
boostcon.de,unknown,1.0,0,
spreetick.de,unknown,1.0,0,
aerzteschillerplatz.de,unknown,1.0,0,
afr-ahaus.de,unknown,1.0,0,
privacy-solutions.org,unknown,1.0,0,
praesidium.uni-augsburg.de,unknown,1.0,0,
vinzenz.de,unknown,1.0,0,
riot-records.com,unknown,1.0,0,
jurga.eu,unknown,1.0,0,
wsesb.de,unknown,1.0,0,
steinercomix.de,unknown,1.0,0,
rowehp.de,unknown,1.0,0,
nfon.com,unknown,1.0,0,
gesundheit.fraunhofer.de,unknown,1.0,0,
makrolog.de,unknown,1.0,0,
erckmann.me,unknown,1.0,0,
obs-hol.de,unknown,1.0,0,
taukel.de,unknown,1.0,0,
andra-ibf.com,unknown,1.0,0,
prexl.de,unknown,1.0,0,
adesso-mobile.de,unknown,1.0,0,
dwi.uni-heidelberg.de,unknown,1.0,0,
gesamtschule-aachen-brand.de,unknown,1.0,0,
michael-dindorf.de,unknown,1.0,0,
moenode.com,unknown,1.0,0,
dusign.de,unknown,1.0,0,
kbrain.ch,unknown,1.0,0,
btn-muenzen.de,unknown,1.0,0,
themohr.com,unknown,1.0,0,
ute-classen.de,unknown,1.0,0,
constant-ads.com,unknown,1.0,0,
moy.at,unknown,1.0,0,
learnact.eu,unknown,1.0,0,
mgh-brainlab.de,unknown,1.0,0,
merkurinet.com,unknown,1.0,0,
jankettner.de,unknown,1.0,0,
desk-sicherheit.de,unknown,1.0,0,
bbsw-koblenz.de,unknown,1.0,0,
toereki.de,unknown,1.0,0,
conrat.de,unknown,1.0,0,
zrg.ch,unknown,1.0,0,
mueller-egerer.de,unknown,1.0,0,
rational-online.com,unknown,1.0,0,
tfs-haslach.at,unknown,1.0,0,
notensatz.biz,unknown,1.0,0,
georgii-gymnasium.de,unknown,1.0,0,
mail.ncku.edu.tw,unknown,1.0,0,
sozialstiftung-bamberg.de,unknown,1.0,0,
darkmind.ch,unknown,1.0,0,
thrs-heidelberg.de,unknown,1.0,0,
comsid.de,unknown,1.0,0,
docleubner.de,unknown,1.0,0,
thomasbrechtel.de,unknown,1.0,0,
wohlstifter.de,unknown,1.0,0,
exabyte.ovh,unknown,1.0,0,
jung-heidelberg.de,unknown,1.0,0,
sailing-and-more.de,unknown,1.0,0,
speed.at,unknown,1.0,0,
medienmacherei.de,unknown,1.0,0,
remfert.de,unknown,1.0,0,
usiegrist.de,unknown,1.0,0,
rfsmediagroup.de,unknown,1.0,0,
gkcomputer.net,unknown,1.0,0,
johanneum.de,unknown,1.0,0,
karin-wagner.net,unknown,1.0,0,
simone-m-neumann.de,unknown,1.0,0,
kindomd.com,unknown,1.0,0,
ssh-law.de,unknown,1.0,0,
oegk.at,unknown,1.0,0,
loewi-partner.de,unknown,1.0,0,
clearco2.com,unknown,1.0,0,
sem.admin.ch,unknown,1.0,0,
literaturagentur-arteaga.de,unknown,1.0,0,
ass-ni.de,unknown,1.0,0,
digitalisierungskompetenz.at,unknown,1.0,0,
wikipedia.de,unknown,1.0,0,
hak-bregenz.at,unknown,1.0,0,
bertram-thomas.de,unknown,1.0,0,
thaddenschule.de,unknown,1.0,0,
bbs-nienburg.de,unknown,1.0,0,
fosbos-neusaess.bayern,unknown,1.0,0,
eurosync.de,unknown,1.0,0,
am-neufeld.de,unknown,1.0,0,
olofpalme.de,unknown,1.0,0,
weisstuider.de,unknown,1.0,0,
burfeind-acts4u.com,unknown,1.0,0,
bbs-hermeskeil.de,unknown,1.0,0,
felser.it,unknown,1.0,0,
azei.de,unknown,1.0,0,
mic.de,unknown,1.0,0,
instructure.com,unknown,1.0,0,
gedigs.de,unknown,1.0,0,
groschwitz.de,unknown,1.0,0,
hoelderlin-grundschule.de,unknown,1.0,0,
weilnetz.de,unknown,1.0,0,
somac.de,unknown,1.0,0,
martin-wittke.de,unknown,1.0,0,
dreimaleins.de,unknown,1.0,0,
frankbrasch.de,unknown,1.0,0,
rhg-baucentrum.de,unknown,1.0,0,
baindt.de,unknown,1.0,0,
montuori.de,unknown,1.0,0,
schleswig.de,unknown,1.0,0,
gefasoft.com,unknown,1.0,0,
shg-koeln.de,unknown,1.0,0,
mycorvey.de,unknown,1.0,0,
aabc.dk,unknown,1.0,0,
roppel.de,unknown,1.0,0,
graner-ingenieure.de,unknown,1.0,0,
antecedo.eu,unknown,1.0,0,
samsara-leipzig.de,unknown,1.0,0,
schwindt-home.com,unknown,1.0,0,
td.design,unknown,1.0,0,
paderborn.com,unknown,1.0,0,
oberkirch.de,unknown,1.0,0,
gek-unna.de,unknown,1.0,0,
reclamgymnasium.de,unknown,1.0,0,
riteco.ch,unknown,1.0,0,
bag-wohlfahrt.de,unknown,1.0,0,
gretzler.com,unknown,1.0,0,
gotenschule.nrw.schule,unknown,1.0,0,
havelduene.berlin,unknown,1.0,0,
bsz-mue.de,unknown,1.0,0,
indicolab.de,unknown,1.0,0,
insel.ch,unknown,1.0,0,
auslandsschulwesen.de,unknown,1.0,0,
it-consulting-walther.de,unknown,1.0,0,
eis-coaching.com,unknown,1.0,0,
gym-remchingen.de,unknown,1.0,0,
gk-consultant.de,unknown,1.0,0,
gap-online.de,unknown,1.0,0,
hagemann.eu,unknown,1.0,0,
contin.ch,unknown,1.0,0,
judobund.de,unknown,1.0,0,
sgvsh.de,unknown,1.0,0,
zweisicht.de,unknown,1.0,0,
agro.uba.ar,unknown,1.0,0,
tomorrowbird.de,unknown,1.0,0,
gwb.stiftung-spi.de,unknown,1.0,0,
bsmedien.muenchen.musin.de,unknown,1.0,0,
produtividadenaindustria.com.br,unknown,1.0,0,
educa.ch,unknown,1.0,0,
nadjaobenaus.hamburg,unknown,1.0,0,
yourexpertcluster.de,unknown,1.0,0,
carl-helbing-schule.de,unknown,1.0,0,
acker.co,unknown,1.0,0,
bibliothek.tu-chemnitz.de,unknown,1.0,0,
stfw.ch,unknown,1.0,0,
hakspittal.at,unknown,1.0,0,
staufeneckschule.schule.bwl.de,unknown,1.0,0,
tobias-weiss.org,unknown,1.0,0,
inspirationgroup.com,unknown,1.0,0,
schulen-der-brede.de,unknown,1.0,0,
luedinet.ch,unknown,1.0,0,
wode.de,unknown,1.0,0,
dat.demokritos.gr,unknown,1.0,0,
insectservices.de,unknown,1.0,0,
stiftungsadministration.de,unknown,1.0,0,
natureresponsiblesafari.de,unknown,1.0,0,
perfectlyimperfect.berlin,unknown,1.0,0,
bewegte-astrologie.de,unknown,1.0,0,
berlinerbaeder.de,unknown,1.0,0,
almliesl.com,unknown,1.0,0,
tschuermann.biz,unknown,1.0,0,
2925.com,unknown,1.0,0,
globalintroducers.com,unknown,1.0,0,
brmi-akademie.de,unknown,1.0,0,
gustav-mh.de,unknown,1.0,0,
haidvogl.eu,unknown,1.0,0,
duke.edu,unknown,1.0,0,
schulen-malters.ch,unknown,1.0,0,
rm-services.de,unknown,1.0,0,
greencoaching.eu,unknown,1.0,0,
bode-net.de,unknown,1.0,0,
rolf-baeumer.de,unknown,1.0,0,
gnt-transportlogistik.de,unknown,1.0,0,
orginal-beratung.de,unknown,1.0,0,
fisse.de,unknown,1.0,0,
novosanum.org,unknown,1.0,0,
wisnet.de,unknown,1.0,0,
bosch-logistik.de,unknown,1.0,0,
stsbl.de,unknown,1.0,0,
autohaus-siemon.de,unknown,1.0,0,
ulrikegoergens.de,unknown,1.0,0,
matzke-heinzig.de,unknown,1.0,0,
perthes-apotheke.de,unknown,1.0,0,
qmwert.de,unknown,1.0,0,
ihgel.de,unknown,1.0,0,
renatebecker.com,unknown,1.0,0,
eeb-sued.de,unknown,1.0,0,
occsilva.de,unknown,1.0,0,
ingvo.com,unknown,1.0,0,
klug-engelhard.de,unknown,1.0,0,
quadrondo.de,unknown,1.0,0,
mercedes-benz.ca,unknown,1.0,0,
lindschulte.de,unknown,1.0,0,
aim-internet-marketing.com,unknown,1.0,0,
nafarroa.de,unknown,1.0,0,
honigblau-work.de,unknown,1.0,0,
mw-augsburg.de,unknown,1.0,0,
tinakoostravel.de,unknown,1.0,0,
aibgym.de,unknown,1.0,0,
bonn.ihk.de,unknown,1.0,0,
federas.ch,unknown,1.0,0,
osaltendorf.lernsax.de,unknown,1.0,0,
bene.ch,unknown,1.0,0,
marczeimet.com,unknown,1.0,0,
bcooq.com,unknown,1.0,0,
v8-ems-training.de,unknown,1.0,0,
ridi.de,unknown,1.0,0,
amuletum.de,unknown,1.0,0,
regenbogenschule.de,unknown,1.0,0,
familieziegler.com,unknown,1.0,0,
delvith.be,unknown,1.0,0,
gwlb.de,unknown,1.0,0,
suggets.com,unknown,1.0,0,
habenstein.info,unknown,1.0,0,
u-glow.de,unknown,1.0,0,
duesseldorp.de,unknown,1.0,0,
kefischer.de,unknown,1.0,0,
weimag.ch,unknown,1.0,0,
sprachen.uzh.ch,unknown,1.0,0,
emscher-guide.de,unknown,1.0,0,
lwl-mlk.de,unknown,1.0,0,
hda.tu-darmstadt.de,Germany,2.0,TU Darmstadt,
casa5a.ch,unknown,1.0,0,
kirschfx.de,unknown,1.0,0,
kraftstefan.de,unknown,1.0,0,
bexmex.de,unknown,1.0,0,
mswpartners.de,unknown,1.0,0,
diesterwegschule-mannheim.de,unknown,1.0,0,
gemeinsam.ekbo.de,unknown,1.0,0,
lampada.de,unknown,1.0,0,
berlin-voyagers.de,unknown,1.0,0,
mediaan.com,unknown,1.0,0,
gym-stjohann.at,unknown,1.0,0,
ortolino.de,unknown,1.0,0,
ac-rennes.fr,unknown,1.0,0,
hahn-network.de,unknown,1.0,0,
sbg.ac.at,unknown,1.0,0,
ifas-goettingen.de,unknown,1.0,0,
lk-vr.de,unknown,1.0,0,
bffbern.ch,unknown,1.0,0,
zurmuehl.info,unknown,1.0,0,
fobizz.com,unknown,1.0,0,
hevs.ch,unknown,1.0,0,
hsap.de,unknown,1.0,0,
tausendhoch3.de,unknown,1.0,0,
netwalden.ch,unknown,1.0,0,
dr-ugurlu.de,unknown,1.0,0,
adintra.ch,unknown,1.0,0,
evansagency.net,unknown,1.0,0,
textsalz.de,unknown,1.0,0,
thiede.xyz,unknown,1.0,0,
math.tu-freiberg.de,unknown,1.0,0,
fa110.stv.bayern.de,unknown,1.0,0,
lippert-berlin.de,unknown,1.0,0,
studio-be.de,unknown,1.0,0,
myweblaw.com,unknown,1.0,0,
imc.ac.at,unknown,1.0,0,
utg.edu.gm,unknown,1.0,0,
stiftung-ora-et-labora.ch,unknown,1.0,0,
arnoldfellinger.com,unknown,1.0,0,
marketix.ch,unknown,1.0,0,
zuk-freiburg.de,unknown,1.0,0,
hildegardis-schule.de,unknown,1.0,0,
andreaswalter.net,unknown,1.0,0,
ucm.es,unknown,1.0,0,
deutsche-glasfaser.de,unknown,1.0,0,
technikerschule-augsburg.de,unknown,1.0,0,
ortovox.com,unknown,1.0,0,
kre.hu,unknown,1.0,0,
kcv-waf.de,unknown,1.0,0,
carsu.edu.ph,unknown,1.0,0,
musikwiss.uni-halle.de,unknown,1.0,0,
jan-bock.de,unknown,1.0,0,
schledde.net,unknown,1.0,0,
psycho.uni-tuebingen.de,unknown,1.0,0,
zendesk.com,unknown,1.0,0,
hegertechnik.de,unknown,1.0,0,
slps.one,unknown,1.0,0,
schule1.de,unknown,1.0,0,
swi.nrw,unknown,1.0,0,
smg-ingelheim.de,unknown,1.0,0,
st.paulusheim.de,unknown,1.0,0,
getemed.de,unknown,1.0,0,
intellia.de,unknown,1.0,0,
messe-essen.de,unknown,1.0,0,
elke-jurisch.de,unknown,1.0,0,
no.email,unknown,1.0,0,
architekt-wotka.de,unknown,1.0,0,
trojnar.net,unknown,1.0,0,
l3vcu.eu,unknown,1.0,0,
smijle.com,unknown,1.0,0,
technotrans.de,unknown,1.0,0,
mail.gmx,unknown,1.0,0,
eschemann.eu,unknown,1.0,0,
brk-suedfranken.de,unknown,1.0,0,
rrbk.de,unknown,1.0,0,
realschule-schleiden.de,unknown,1.0,0,
newsenses.net,unknown,1.0,0,
forum-humanum.org,unknown,1.0,0,
daba.ch,unknown,1.0,0,
schule.theres.de,unknown,1.0,0,
berg-tg.ch,unknown,1.0,0,
tonndorf.net,unknown,1.0,0,
alexbritz.de,unknown,1.0,0,
vital-gesund-leben.de,unknown,1.0,0,
tubs.de,unknown,1.0,0,
joswein.de,unknown,1.0,0,
nature.uni-freiburg.de,unknown,1.0,0,
commax.de,unknown,1.0,0,
thetravelpeople.de,unknown,1.0,0,
eagle-peak.de,unknown,1.0,0,
gymnasium-burgkunstadt.de,unknown,1.0,0,
erlebe.de,unknown,1.0,0,
dumpe.de,unknown,1.0,0,
gymstrupert.at,unknown,1.0,0,
laemmermarkt.de,unknown,1.0,0,
raskob.name,unknown,1.0,0,
bk-troisdorf.de,unknown,1.0,0,
lbs-nw.de,unknown,1.0,0,
ab-dc.de,unknown,1.0,0,
felix-tritschler.de,unknown,1.0,0,
muellergroup.com,unknown,1.0,0,
goethe-gymnasium.eu,unknown,1.0,0,
umami-basel.ch,unknown,1.0,0,
myloewen.de,unknown,1.0,0,
rhein-erft-kreis.de,unknown,1.0,0,
amber.eu,unknown,1.0,0,
filkin.com,unknown,1.0,0,
weitzenegger.de,unknown,1.0,0,
tevol.org,unknown,1.0,0,
gybond.de,unknown,1.0,0,
stefan-moser.com,unknown,1.0,0,
kwa.ac,unknown,1.0,0,
hochprojektmanagement.de,unknown,1.0,0,
gkk.de,unknown,1.0,0,
steinseo.de,unknown,1.0,0,
awo.org,unknown,1.0,0,
noz-digital.de,unknown,1.0,0,
senografia.com.br,unknown,1.0,0,
tgm.ac.at,unknown,1.0,0,
kaos4all.com,unknown,1.0,0,
eulig.org,unknown,1.0,0,
stadtmission-hd.de,unknown,1.0,0,
anna-friederike-poeschel.de,unknown,1.0,0,
im-c.de,unknown,1.0,0,
lcss.uni-hannover.de,unknown,1.0,0,
hasselwander.ch,unknown,1.0,0,
ikp.uni-koeln.de,unknown,1.0,0,
temujin.de,unknown,1.0,0,
bzww.ch,unknown,1.0,0,
heilpraxis-bubolz.de,unknown,1.0,0,
sc.tu-berlin.de,unknown,1.0,0,
maik-scharfscheer.com,unknown,1.0,0,
frauenzukunft-ev.de,unknown,1.0,0,
heilgemeir.com,unknown,1.0,0,
fresenius.com,unknown,1.0,0,
100prozent-meins.de,unknown,1.0,0,
lautmaler.de,unknown,1.0,0,
schild-beratung.de,unknown,1.0,0,
kunstgeschichte.rwth-aachen.de,unknown,1.0,0,
regiomontanus-gymnasium.de,unknown,1.0,0,
lange-mc.de,unknown,1.0,0,
drk-sh.de,unknown,1.0,0,
connect.hku.hk,unknown,1.0,0,
student.uni-kassel.de,unknown,1.0,0,
kahrimani.de,unknown,1.0,0,
49186.com,unknown,1.0,0,
verdenhalven.de,unknown,1.0,0,
hypnomuellerwolf.com,unknown,1.0,0,
pthw.de,unknown,1.0,0,
connecting-futures.space,unknown,1.0,0,
drk-uelzen.de,unknown,1.0,0,
evameschede.de,unknown,1.0,0,
adg-business-school.de,unknown,1.0,0,
klaeser.de,unknown,1.0,0,
ggs.ch,unknown,1.0,0,
cornelia-hohenegg.de,unknown,1.0,0,
lucke-edv.de,unknown,1.0,0,
bio-austria.at,unknown,1.0,0,
frankfurt-main.ihk.de,unknown,1.0,0,
forjob.de,unknown,1.0,0,
wwz.ch,unknown,1.0,0,
f1-gmbh.de,unknown,1.0,0,
sonderschicht.de,unknown,1.0,0,
bs-wangen.de,unknown,1.0,0,
die-loewin.de,unknown,1.0,0,
compredict.de,unknown,1.0,0,
unb.ca,unknown,1.0,0,
witt-gruppe.eu,unknown,1.0,0,
spinlab.co,unknown,1.0,0,
tgz-bautzen.de,unknown,1.0,0,
georg-baukonzept.de,unknown,1.0,0,
sbv.rwth-aachen.de,unknown,1.0,0,
forum-verlag.com,unknown,1.0,0,
christina-quirin.com,unknown,1.0,0,
voidpixels.com,unknown,1.0,0,
nyhues.de,unknown,1.0,0,
fortisconcept.ch,unknown,1.0,0,
se-consulting-ettwein.com,unknown,1.0,0,
joachimberger.com,unknown,1.0,0,
kbw.ch,unknown,1.0,0,
khm.at,unknown,1.0,0,
crabash.com,unknown,1.0,0,
genger-consulting.de,unknown,1.0,0,
hoesch-family.de,unknown,1.0,0,
mytalents.ch,unknown,1.0,0,
gtec.asia,unknown,1.0,0,
bulatox.com,unknown,1.0,0,
deloitte.com,unknown,1.0,0,
hamburger-kunsthalle.de,unknown,1.0,0,
kohnpage.de,unknown,1.0,0,
bngs.bildung-rp.de,unknown,1.0,0,
initiative-neues-lernen.de,unknown,1.0,0,
schubs.com,unknown,1.0,0,
lern-fair.de,unknown,1.0,0,
armin-erle.de,unknown,1.0,0,
ict-scouts.ch,unknown,1.0,0,
ottakringer.at,unknown,1.0,0,
juliaschuette.de,unknown,1.0,0,
igbce.de,unknown,1.0,0,
edu.gbssg.ch,unknown,1.0,0,
triple-md.de,unknown,1.0,0,
mwaek.brandenburg.de,unknown,1.0,0,
bucos.de,unknown,1.0,0,
umwege.de,unknown,1.0,0,
diakonie-wuerttemberg.de,unknown,1.0,0,
bhh.hamburg.de,unknown,1.0,0,
bcc.cuny.edu,unknown,1.0,0,
dehne-liebenberg.de,unknown,1.0,0,
ess.wwschool.de,unknown,1.0,0,
odr.de,unknown,1.0,0,
slix.de,unknown,1.0,0,
sabinekatzmair.com,unknown,1.0,0,
lsw3.de,unknown,1.0,0,
duy.de,unknown,1.0,0,
guetebier.net,unknown,1.0,0,
kreis-lup.de,unknown,1.0,0,
interhyp.de,unknown,1.0,0,
physiologie.uni-freiburg.de,unknown,1.0,0,
schulaemter.brandenburg.de,unknown,1.0,0,
bsb-muenchen.de,unknown,1.0,0,
nheld.de,unknown,1.0,0,
duerre.de,unknown,1.0,0,
onlyorange.de,unknown,1.0,0,
wittmannlaw.com,unknown,1.0,0,
ms-st-marein.at,unknown,1.0,0,
pitnoack.de,unknown,1.0,0,
montessorischule-huckepack.de,unknown,1.0,0,
igg-goelkel.de,unknown,1.0,0,
physik.uni-halle.de,unknown,1.0,0,
croome.de,unknown,1.0,0,
school.lu,unknown,1.0,0,
edu.szu.at,unknown,1.0,0,
ue.wroc.pl,unknown,1.0,0,
sek-obot.ch,unknown,1.0,0,
auristos.com,unknown,1.0,0,
jugendundkultur.at,unknown,1.0,0,
de.albaad.com,unknown,1.0,0,
albrech.de,unknown,1.0,0,
laidig-sha.de,unknown,1.0,0,
scarletmail.rutgers.edu,unknown,1.0,0,
berufskolleg-technik.de,unknown,1.0,0,
sud-verlag.de,unknown,1.0,0,
interlink-verkehr.de,unknown,1.0,0,
patschbo.ch,unknown,1.0,0,
neosid.de,unknown,1.0,0,
tpa-consultants.eu,unknown,1.0,0,
sebacon.ai,unknown,1.0,0,
freie-hochschule-stuttgart.de,unknown,1.0,0,
stud.pmu.ac.at,unknown,1.0,0,
questax.com,unknown,1.0,0,
tisega.de,unknown,1.0,0,
conscia.com,unknown,1.0,0,
drees-partner.com,unknown,1.0,0,
intern-net.de,unknown,1.0,0,
eset.com,unknown,1.0,0,
yunextraffic.com,unknown,1.0,0,
cruesemann.at,unknown,1.0,0,
sharischreibt.de,unknown,1.0,0,
robert-beckert.de,unknown,1.0,0,
aga.de,unknown,1.0,0,
spectaris.de,unknown,1.0,0,
hoelling.de,unknown,1.0,0,
petzholtz.de,unknown,1.0,0,
turti.de,unknown,1.0,0,
seowerk.de,unknown,1.0,0,
markas.com,unknown,1.0,0,
klarch.tu-darmstadt.de,Germany,2.0,TU Darmstadt,
bkg.bund.de,unknown,1.0,0,
kulmbacher-gruppe.de,unknown,1.0,0,
bauer-hn.de,unknown,1.0,0,
ukffm.de,unknown,1.0,0,
sriw.de,unknown,1.0,0,
renatec.de,unknown,1.0,0,
autohaus-weeber.de,unknown,1.0,0,
possible-digital.de,unknown,1.0,0,
georgmierau.de,unknown,1.0,0,
x-tention.at,unknown,1.0,0,
llb.at,unknown,1.0,0,
morado.de,unknown,1.0,0,
jugend-forscht.de,unknown,1.0,0,
jugendstiftung.de,unknown,1.0,0,
feuerwehr.duisburg.de,unknown,1.0,0,
pfalzwerke-netz.de,unknown,1.0,0,
eaupropre.org,unknown,1.0,0,
archigymnasium.eu,unknown,1.0,0,
stamaonline.de,unknown,1.0,0,
esgo.ch,unknown,1.0,0,
bad-homburg.de,unknown,1.0,0,
fbn-dummerstorf.de,unknown,1.0,0,
zsl-bw.de,unknown,1.0,0,
michael-kunststofftechnik.de,unknown,1.0,0,
gieske.org,unknown,1.0,0,
skillsfor2.com,unknown,1.0,0,
z-f-c.de,unknown,1.0,0,
diakonie-bayern.de,unknown,1.0,0,
rse-schulen-willich.de,unknown,1.0,0,
pfalzsolar.de,unknown,1.0,0,
vw-rd.de,unknown,1.0,0,
argo-athletics.de,unknown,1.0,0,
kroppkollegen.de,unknown,1.0,0,
metaprojects-training.com,unknown,1.0,0,
selensch.de,unknown,1.0,0,
probioiberica.es,unknown,1.0,0,
moerike-gymnasium.de,unknown,1.0,0,
esw-bw.de,unknown,1.0,0,
asgnsu.de,unknown,1.0,0,
stiegelmeyer.com,unknown,1.0,0,
christianguth.com,unknown,1.0,0,
geo.rwth-aachen.de,unknown,1.0,0,
german-stunt-association.de,unknown,1.0,0,
is-hr.de,unknown,1.0,0,
stark-oesterreich.at,unknown,1.0,0,
astridmueller.ch,unknown,1.0,0,
stadt-haan.de,unknown,1.0,0,
essfds.de,unknown,1.0,0,
braks.legal,unknown,1.0,0,
buteraonline.com,unknown,1.0,0,
bdkj-duisburg.de,unknown,1.0,0,
dirkstrasser.de,unknown,1.0,0,
suwabo.de,unknown,1.0,0,
suzuki-griesbeck.de,unknown,1.0,0,
speidel-lingerie.de,unknown,1.0,0,
schulewohlen.ch,unknown,1.0,0,
eurovia.de,unknown,1.0,0,
gs-pegau.lernsax.de,unknown,1.0,0,
anja-bezold.de,unknown,1.0,0,
ibag-ingenieure.de,unknown,1.0,0,
ortenau-mvz.de,unknown,1.0,0,
ifam.fraunhofer.de,unknown,1.0,0,
appdevelop.de,unknown,1.0,0,
holyfashiongroup.com,unknown,1.0,0,
auerbach-stiftung.de,unknown,1.0,0,
port34.ch,unknown,1.0,0,
anat.uni-kiel.de,unknown,1.0,0,
tf.uni-kiel.de,unknown,1.0,0,
tom-tailor.com,unknown,1.0,0,
stadtsursee.ch,unknown,1.0,0,
vonkanitz.de,unknown,1.0,0,
quirion.de,unknown,1.0,0,
esvmedien.de,unknown,1.0,0,
hp-hamburg.de,unknown,1.0,0,
lra-aoe.de,unknown,1.0,0,
inproengineering.de,unknown,1.0,0,
mail-hahn.de,unknown,1.0,0,
slsp.ch,unknown,1.0,0,
infina-partner.at,unknown,1.0,0,
alba.info,unknown,1.0,0,
rascoff.com,unknown,1.0,0,
vghl.de,unknown,1.0,0,
code-gmail.com,unknown,1.0,0,
md-bayern.de,unknown,1.0,0,
lvkr.de,unknown,1.0,0,
bwz-rappi.ch,unknown,1.0,0,
meik-gesundheit.de,unknown,1.0,0,
diakonie-frankfurt-offenbach.de,unknown,1.0,0,
saenger-familie.de,unknown,1.0,0,
rhein714.de,unknown,1.0,0,
gmail.de,unknown,1.0,0,
awecon.info,unknown,1.0,0,
datenschutz-kolyvas.de,unknown,1.0,0,
hwmueller.eu,unknown,1.0,0,
ecoplus.at,unknown,1.0,0,
medac.de,unknown,1.0,0,
sportfive.com,unknown,1.0,0,
altona-diagnostics.com,unknown,1.0,0,
medbo.de,unknown,1.0,0,
bbsw2-lu.de,unknown,1.0,0,
geelen.de,unknown,1.0,0,
its-all-about-content.de,unknown,1.0,0,
indieconcept.de,unknown,1.0,0,
vosla.com,unknown,1.0,0,
law4school.de,unknown,1.0,0,
prologa.de,unknown,1.0,0,
rsaffing.de,unknown,1.0,0,
blessi.de,unknown,1.0,0,
spd.landtag-mv.de,unknown,1.0,0,
coringroup.com,unknown,1.0,0,
intersport.at,unknown,1.0,0,
fischkoppweb.de,unknown,1.0,0,
om.rwth-aachen.de,unknown,1.0,0,
xxxlgroup.com,unknown,1.0,0,
marita-eckmann.de,unknown,1.0,0,
pls.gmbh,unknown,1.0,0,
schmidtviktoria.de,unknown,1.0,0,
dew-karrierewerkstatt.com,unknown,1.0,0,
wias-berlin.de,unknown,1.0,0,
eu.panasonic.com,unknown,1.0,0,
sonax.de,unknown,1.0,0,
stroisch.com,unknown,1.0,0,
paulmann.de,unknown,1.0,0,
schwarz-benjamin.de,unknown,1.0,0,
treuen.lernsax.de,unknown,1.0,0,
symbion-gmbh.de,unknown,1.0,0,
aquinosgroup.com,unknown,1.0,0,
edeka-bergmann.de,unknown,1.0,0,
oelde.de,unknown,1.0,0,
zebrajaeger.de,unknown,1.0,0,
planas.com,unknown,1.0,0,
itebo.de,unknown,1.0,0,
seco.admin.ch,unknown,1.0,0,
meier-academy.de,unknown,1.0,0,
peterkersten.de,unknown,1.0,0,
thinkowl.com,unknown,1.0,0,
rsrg.com,unknown,1.0,0,
math.uni-leipzig.de,unknown,1.0,0,
erich-jaeger.de,unknown,1.0,0,
stadtwerke-bamberg.de,unknown,1.0,0,
deutsche-depressionshilfe.de,unknown,1.0,0,
abifor.com,unknown,1.0,0,
silke-abendschein.de,unknown,1.0,0,
bs-kf.de,unknown,1.0,0,
gymnasium-greven.de,unknown,1.0,0,
lgst.brk.de,unknown,1.0,0,
wulsch.de,unknown,1.0,0,
reguvis.de,unknown,1.0,0,
byte5.de,unknown,1.0,0,
twobirds.com,unknown,1.0,0,
nhr-interim.de,unknown,1.0,0,
steffenzoelzer.de,unknown,1.0,0,
sn-invent.de,unknown,1.0,0,
hacker-inside.eu,unknown,1.0,0,
quellmalz.info,unknown,1.0,0,
lexetdata.com,unknown,1.0,0,
haasina.de,unknown,1.0,0,
zueriwerk.ch,unknown,1.0,0,
elmos.com,unknown,1.0,0,
prutting.de,unknown,1.0,0,
thomsen.at,unknown,1.0,0,
heikemunk.de,unknown,1.0,0,
convis.com,unknown,1.0,0,
kunst.uni-frankfurt.de,unknown,1.0,0,
lach-kunst.de,unknown,1.0,0,
engie.com,unknown,1.0,0,
bluechip.de,unknown,1.0,0,
gvs-herdecke.de,unknown,1.0,0,
datenbeauftragter-info.de,unknown,1.0,0,
wsr-sw.de,unknown,1.0,0,
mechonics.de,unknown,1.0,0,
rehavital.de,unknown,1.0,0,
mdfe.brandenburg.de,unknown,1.0,0,
changery.de,unknown,1.0,0,
chmeier.ch,unknown,1.0,0,
iseg-eg.de,unknown,1.0,0,
we-bioenergy.com,unknown,1.0,0,
student.hswt.de,unknown,1.0,0,
natuvion.com,unknown,1.0,0,
rtg.schwerte.de,unknown,1.0,0,
rummelsberger.net,unknown,1.0,0,
kaigaertner.de,unknown,1.0,0,
estozehn.de,unknown,1.0,0,
blb.brandenburg.de,unknown,1.0,0,
traton.com,unknown,1.0,0,
drv-schwaben.de,unknown,1.0,0,
nicole-herzlieb.de,unknown,1.0,0,
buero-leubas.de,unknown,1.0,0,
andreas-zwick.de,unknown,1.0,0,
gwl-iserv.de,unknown,1.0,0,
nu.uni-giessen.de,unknown,1.0,0,
le.uzh.ch,unknown,1.0,0,
artflorian.ch,unknown,1.0,0,
crc-mail.de,unknown,1.0,0,
hahn-films.com,unknown,1.0,0,
krebsliga.ch,unknown,1.0,0,
moebel-martin.de,unknown,1.0,0,
bzpg.de,unknown,1.0,0,
seibert.group,unknown,1.0,0,
szenar.io,unknown,1.0,0,
bluechel.com,unknown,1.0,0,
performplus.de,unknown,1.0,0,
wiesendorf.bayern,unknown,1.0,0,
solus-gmbh.de,unknown,1.0,0,
eko.de,unknown,1.0,0,
die-jobwerker.de,unknown,1.0,0,
visiocoaching.ch,unknown,1.0,0,
barbot.de,unknown,1.0,0,
grimmels.de,unknown,1.0,0,
trackerando.de,unknown,1.0,0,
seilwerker.at,unknown,1.0,0,
weiss32.de,unknown,1.0,0,
wkw-group.com,unknown,1.0,0,
modyf.de,unknown,1.0,0,
drwillis.eu,unknown,1.0,0,
studienseminare-os.de,unknown,1.0,0,
12deg.de,unknown,1.0,0,
dip-gmbh.org,unknown,1.0,0,
freizeile.de,unknown,1.0,0,
soundscapes.live,unknown,1.0,0,
stadtbewegung.de,unknown,1.0,0,
lebenshilfe-kl.de,unknown,1.0,0,
deutsche-stammzellspenderdatei.de,unknown,1.0,0,
bwi.hamburg.de,unknown,1.0,0,
datakontext.com,unknown,1.0,0,
fnp-architekten.ch,unknown,1.0,0,
wehrmann.com,unknown,1.0,0,
birgitkrenzke.de,unknown,1.0,0,
trinler.de,unknown,1.0,0,
abo-kuw.de,unknown,1.0,0,
ohr-consulting.com,unknown,1.0,0,
sz.thm.de,unknown,1.0,0,
hogrefe.com,unknown,1.0,0,
mibeko.biz,unknown,1.0,0,
engelvoelkers.com,unknown,1.0,0,
lhfs-bruneck.info,unknown,1.0,0,
rpo-rechtsanwaelte.de,unknown,1.0,0,
lboro.ac.uk,unknown,1.0,0,
yourconsult.de,unknown,1.0,0,
ursulapeer.de,unknown,1.0,0,
impuls-service.at,unknown,1.0,0,
fuerst-gruppe.de,unknown,1.0,0,
zentis.net,unknown,1.0,0,
arbeit-in-bewegung.de,unknown,1.0,0,
pfennigschmidt.com,unknown,1.0,0,
sans-papiers.ch,unknown,1.0,0,
bk-eschweiler.de,unknown,1.0,0,
roderer.org,unknown,1.0,0,
rheintacho.de,unknown,1.0,0,
st-elisabeth-stiftung.de,unknown,1.0,0,
bretz.de,unknown,1.0,0,
mgw365.de,unknown,1.0,0,
thewolfgangbeck.com,unknown,1.0,0,
muenchberg.de,unknown,1.0,0,
who.int,unknown,1.0,0,
b2smart.de,unknown,1.0,0,
kueffners.de,unknown,1.0,0,
kleinlogel.net,unknown,1.0,0,
ahmechanik.com,unknown,1.0,0,
teampool.engineering,unknown,1.0,0,
li.tu-berlin.de,unknown,1.0,0,
ebs-bk.de,unknown,1.0,0,
jckt.com,unknown,1.0,0,
infoconsultant.de,unknown,1.0,0,
sabinereichel.de,unknown,1.0,0,
vsh-online.com,unknown,1.0,0,
matthiasknop.de,unknown,1.0,0,
vechtetalschule-noh.de,unknown,1.0,0,
dozent.dhbw-ravensburg.de,Germany,2.0,DHBW,
vr-versicherungsbuero.de,unknown,1.0,0,
verlog.eu,unknown,1.0,0,
schubs.de,unknown,1.0,0,
mue-vm.de,unknown,1.0,0,
ats-brokers.de,unknown,1.0,0,
wiass.com,unknown,1.0,0,
wissen-macht-spass.net,unknown,1.0,0,
ekz.ch,unknown,1.0,0,
savidini.de,unknown,1.0,0,
empatheia.org,unknown,1.0,0,
dsbmk.de,unknown,1.0,0,
gutdeinstermuehle.de,unknown,1.0,0,
citdaca.com,unknown,1.0,0,
konta.it,unknown,1.0,0,
aprioripr.com,unknown,1.0,0,
leicht-verstehen.de,unknown,1.0,0,
xn--httl-0ra.info,unknown,1.0,0,
kaiser-ulrich.de,unknown,1.0,0,
notiz-box.net,unknown,1.0,0,
miske-loeck.de,unknown,1.0,0,
hyaline.de,unknown,1.0,0,
epv.de,unknown,1.0,0,
bdo.ch,unknown,1.0,0,
usa.net,unknown,1.0,0,
familie-harnischmacher.de,unknown,1.0,0,
caprivipartners.de,unknown,1.0,0,
learnandlead.org,unknown,1.0,0,
leonhard.cc,unknown,1.0,0,
ratingen.de,unknown,1.0,0,
thomalla-online.de,unknown,1.0,0,
jumpps.ch,unknown,1.0,0,
hoppe.com,unknown,1.0,0,
westpfalz-klinikum.de,unknown,1.0,0,
moellnersv.de,unknown,1.0,0,
jurdak.at,unknown,1.0,0,
utn.de,unknown,1.0,0,
herbrand.de,unknown,1.0,0,
mikegrzanna.de,unknown,1.0,0,
congroup.de,unknown,1.0,0,
anjaroth.eu,unknown,1.0,0,
ru.nl,unknown,1.0,0,
keyconsulting.de,unknown,1.0,0,
marlak.net,unknown,1.0,0,
kpnplanet.nl,unknown,1.0,0,
tcg-online.de,unknown,1.0,0,
sigrid-klotz.de,unknown,1.0,0,
cgv-schulungen.com,unknown,1.0,0,
caritasnet.de,unknown,1.0,0,
whydobirds.de,unknown,1.0,0,
dza.de,unknown,1.0,0,
lambsauce.de,unknown,1.0,0,
mk-net.org,unknown,1.0,0,
schlauwerber.de,unknown,1.0,0,
gdp-nrw.de,unknown,1.0,0,
agens-berlin.de,unknown,1.0,0,
bbz-cfp.ch,unknown,1.0,0,
bblinz.at,unknown,1.0,0,
caritas-rheinsieg.de,unknown,1.0,0,
ategris.de,unknown,1.0,0,
lipa-consulting.de,unknown,1.0,0,
diabeteszentrum.de,unknown,1.0,0,
worbis.eu,unknown,1.0,0,
kuehndesignt.de,unknown,1.0,0,
teamkontor.de,unknown,1.0,0,
mhgruppe.de,unknown,1.0,0,
lfi.rwth-aachen.de,unknown,1.0,0,
zahlengut.org,unknown,1.0,0,
ugl-sicherheit.de,unknown,1.0,0,
bga.de,unknown,1.0,0,
dslink.de,unknown,1.0,0,
grumami42.lernsax.de,unknown,1.0,0,
blb-karlsruhe.de,unknown,1.0,0,
ruthrichter.de,unknown,1.0,0,
duelmen.de,unknown,1.0,0,
susanne-henke.de,unknown,1.0,0,
clara-duelken.de,unknown,1.0,0,
mhc-gruppe.de,unknown,1.0,0,
digimintkids.de,unknown,1.0,0,
gansodergarnichts.de,unknown,1.0,0,
mlindner.eu,unknown,1.0,0,
meiklick.de,unknown,1.0,0,
dang-rieke.de,unknown,1.0,0,
mannimedia.de,unknown,1.0,0,
hera-media.com,unknown,1.0,0,
frauenlob.de,unknown,1.0,0,
speakupnow.de,unknown,1.0,0,
chromefire.de,unknown,1.0,0,
alc-arbeitsrecht.de,unknown,1.0,0,
forster-versicherungen.de,unknown,1.0,0,
luitjens-gl.de,unknown,1.0,0,
pflegeschule-mering.de,unknown,1.0,0,
ohg-lb.de,unknown,1.0,0,
eurofiber.de,unknown,1.0,0,
frech.com,unknown,1.0,0,
schule-sap.de,unknown,1.0,0,
dornberg.com,unknown,1.0,0,
baumiesficus.de,unknown,1.0,0,
peteranne.it,unknown,1.0,0,
csic.es,unknown,1.0,0,
sonasvier.de,unknown,1.0,0,
andrea-ahrens.com,unknown,1.0,0,
boenigk.info,unknown,1.0,0,
compuhelp-hl.de,unknown,1.0,0,
ideengalaxie.de,unknown,1.0,0,
sandraherz.com,unknown,1.0,0,
rz.uni-kiel.de,unknown,1.0,0,
petra-david.de,unknown,1.0,0,
michaelbaar.de,unknown,1.0,0,
rng.de,unknown,1.0,0,
pieralisi.com,unknown,1.0,0,
igp.fraunhofer.de,unknown,1.0,0,
elec-con.com,unknown,1.0,0,
die-webseitenerstellerei.de,unknown,1.0,0,
janot.de,unknown,1.0,0,
kws.baindt.de,unknown,1.0,0,
lacour-it.com,unknown,1.0,0,
schreibkunz.de,unknown,1.0,0,
cpmarketing.de,unknown,1.0,0,
lichtenberg.berlin.de,unknown,1.0,0,
fabianwalke.com,unknown,1.0,0,
amsee-iserv.de,unknown,1.0,0,
cirkel.de,unknown,1.0,0,
stiftung-mercator.de,unknown,1.0,0,
iuf-duesseldorf.de,unknown,1.0,0,
grigatundneu.de,unknown,1.0,0,
owd.at,unknown,1.0,0,
keranovic.ch,unknown,1.0,0,
eichler-beratung.de,unknown,1.0,0,
packaging-valley.com,unknown,1.0,0,
cgrs.lernsax.de,unknown,1.0,0,
buehlertal.de,unknown,1.0,0,
coaching-schewe.de,unknown,1.0,0,
korntreff.de,unknown,1.0,0,
fuehrungssache.de,unknown,1.0,0,
ies.tu-darmstadt.de,Germany,2.0,TU Darmstadt,
staff.hu-berlin.de,unknown,1.0,0,
juliaklaustermeyer.com,unknown,1.0,0,
buss.de,unknown,1.0,0,
allianz.at,unknown,1.0,0,
pictorius.de,unknown,1.0,0,
stb-pfaff.com,unknown,1.0,0,
aaw.de,unknown,1.0,0,
sommer-consulting.eu,unknown,1.0,0,
dezernatzukunft.org,unknown,1.0,0,
metropolitanschool.com,unknown,1.0,0,
callmeier.de,unknown,1.0,0,
goethe-schule-harburg.de,unknown,1.0,0,
impossiblecloud.com,unknown,1.0,0,
marienschule.com,unknown,1.0,0,
mstt.de,unknown,1.0,0,
bfrc.de,unknown,1.0,0,
belvintas.com,unknown,1.0,0,
jugendinfo.de,unknown,1.0,0,
futurelearning.at,unknown,1.0,0,
pflegepaedagogik.uni-kiel.de,unknown,1.0,0,
adeiters.de,unknown,1.0,0,
open-pacs.de,unknown,1.0,0,
anadolu.edu.tr,unknown,1.0,0,
treyer.de,unknown,1.0,0,
lebk-muenster.de,unknown,1.0,0,
gowagmbh.de,unknown,1.0,0,
herr-der-mails.de,unknown,1.0,0,
heddergott.de,unknown,1.0,0,
floormarketing.de,unknown,1.0,0,
senwgp.berlin.de,unknown,1.0,0,
clstaudt.me,unknown,1.0,0,
adam-serr.de,unknown,1.0,0,
holtzbrinck-berlin.com,unknown,1.0,0,
worreschk.de,unknown,1.0,0,
gft-consulting.de,unknown,1.0,0,
euroekpaideusi.gr,unknown,1.0,0,
ms14linz.at,unknown,1.0,0,
asr-gd.de,unknown,1.0,0,
caiman.de,unknown,1.0,0,
fs-emden.net,unknown,1.0,0,
pellny.de,unknown,1.0,0,
santillana.com,unknown,1.0,0,
richtig-leicht.de,unknown,1.0,0,
radiokiepenkerl.de,unknown,1.0,0,
swissmedic.ch,unknown,1.0,0,
hotmail.se,unknown,1.0,0,
3p-services.com,unknown,1.0,0,
gymthun.ch,unknown,1.0,0,
rinchnach.de,unknown,1.0,0,
dieengels.com,unknown,1.0,0,
ihf.bayern.de,unknown,1.0,0,
rassenhoevel.de,unknown,1.0,0,
schwan.studio,unknown,1.0,0,
kuepper-bonn.de,unknown,1.0,0,
erkelenz.de,unknown,1.0,0,
svenja-hofert.de,unknown,1.0,0,
newger.de,unknown,1.0,0,
dandl.de,unknown,1.0,0,
petermarquardt.de,unknown,1.0,0,
efachausweis.ch,unknown,1.0,0,
fiege.com,unknown,1.0,0,
stud.hfwu.de,unknown,1.0,0,
nmsybbsitz.ac.at,unknown,1.0,0,
startit.ch,unknown,1.0,0,
gs-gd.de,unknown,1.0,0,
ifaf-berlin.de,unknown,1.0,0,
ineast.eu,unknown,1.0,0,
kokkino.cc,unknown,1.0,0,
cee-group.de,unknown,1.0,0,
goa-hh.de,unknown,1.0,0,
ucb.com,unknown,1.0,0,
fvsroesrath.de,unknown,1.0,0,
emposo.eu,unknown,1.0,0,
schneider-bau.de,unknown,1.0,0,
vku.de,unknown,1.0,0,
home.nl,unknown,1.0,0,
kunstakademie-duesseldorf.de,unknown,1.0,0,
fait-strakerjahn.de,unknown,1.0,0,
kempten.de,unknown,1.0,0,
cudok.de,unknown,1.0,0,
drk-ls.de,unknown,1.0,0,
u-kuerten.de,unknown,1.0,0,
wiley.com,unknown,1.0,0,
cogitare.de,unknown,1.0,0,
romis.ch,unknown,1.0,0,
roewo.com,unknown,1.0,0,
it-haardt.de,unknown,1.0,0,
ulfborcherding.de,unknown,1.0,0,
johannalohrer.de,unknown,1.0,0,
mail.uk,unknown,1.0,0,
toepfer-stiftung.de,unknown,1.0,0,
gtai.de,unknown,1.0,0,
bistum-mainz.de,unknown,1.0,0,
salford.ac.uk,unknown,1.0,0,
conncoll.edu,unknown,1.0,0,
steinbeis-marburg.de,unknown,1.0,0,
maerker-metz.de,unknown,1.0,0,
mm-bbs.de,unknown,1.0,0,
gwe-gruppe.de,unknown,1.0,0,
quantentunnel.de,unknown,1.0,0,
wsscheibner.de,unknown,1.0,0,
ottkomm.de,unknown,1.0,0,
owl.gmbh,unknown,1.0,0,
doctorflix.de,unknown,1.0,0,
bsz-gehe-wirtschaft.de,unknown,1.0,0,
schulreferat-duesseldorf.de,unknown,1.0,0,
heinrich-haus.de,unknown,1.0,0,
oszk.ch,unknown,1.0,0,
clemensfuhrbach.com,unknown,1.0,0,
e-charlemagne.com,unknown,1.0,0,
grow-x.de,unknown,1.0,0,
realschule-oehringen.de,unknown,1.0,0,
gsi-bonn.de,unknown,1.0,0,
schwing-mode.com,unknown,1.0,0,
schulzehoeing.de,unknown,1.0,0,
potenzial-agentur.de,unknown,1.0,0,
luedemann.co,unknown,1.0,0,
board-partners.com,unknown,1.0,0,
b-f-b.net,unknown,1.0,0,
isz.uni-saarland.de,unknown,1.0,0,
hellenkleine.net,unknown,1.0,0,
widmann-rapp.de,unknown,1.0,0,
krg-nw.de,unknown,1.0,0,
daa-projekte.de,unknown,1.0,0,
knightfrank.com,unknown,1.0,0,
inanderenworten.de,unknown,1.0,0,
ammann-swiss.com,unknown,1.0,0,
iat.eu,unknown,1.0,0,
hackl.me,unknown,1.0,0,
zaf.hamburg.de,unknown,1.0,0,
kreis-kleve.de,unknown,1.0,0,
wh.com,unknown,1.0,0,
tsin.ingolstadt.de,unknown,1.0,0,
superkabel.de,unknown,1.0,0,
jweb1.com,unknown,1.0,0,
fgs.de,unknown,1.0,0,
edu.vsluzern.ch,unknown,1.0,0,
rspegnitz.de,unknown,1.0,0,
nowcom.de,unknown,1.0,0,
vmm.ch,unknown,1.0,0,
structura.de,unknown,1.0,0,
pitter-yachting.com,unknown,1.0,0,
liesner.de,unknown,1.0,0,
lean4x.de,unknown,1.0,0,
live.nl,unknown,1.0,0,
essity.com,unknown,1.0,0,
max-boegl.de,unknown,1.0,0,
bsccomm.at,unknown,1.0,0,
digibos.org,unknown,1.0,0,
salesmarketing-nf.de,unknown,1.0,0,
lucagraf.com,unknown,1.0,0,
boyrie.email,unknown,1.0,0,
keacon.de,unknown,1.0,0,
trusted-blogs.com,unknown,1.0,0,
audioreworkvisions.net,unknown,1.0,0,
gelsendienste.de,unknown,1.0,0,
dsit.org,unknown,1.0,0,
blsv.de,unknown,1.0,0,
wiechmann.gmbh,unknown,1.0,0,
rs-ursula.de,unknown,1.0,0,
ms-kettenbruecke.at,unknown,1.0,0,
hz-bb.de,unknown,1.0,0,
simonehuebener.de,unknown,1.0,0,
immulife.de,unknown,1.0,0,
aekno.de,unknown,1.0,0,
berlin.arbeitundleben.de,unknown,1.0,0,
ai-agency.de,unknown,1.0,0,
ms.ofs.schule,unknown,1.0,0,
bs.ch,unknown,1.0,0,
seicotec.de,unknown,1.0,0,
lra-mil.de,unknown,1.0,0,
sportschule-olympiapark-poelchau.de,unknown,1.0,0,
innsbruck.gv.at,unknown,1.0,0,
asb-hessen.de,unknown,1.0,0,
fs.tum.de,unknown,1.0,0,
unternehmen-teichgraeber.de,unknown,1.0,0,
aatw.info,unknown,1.0,0,
mts-gruppe.com,unknown,1.0,0,
go-schueler.de,unknown,1.0,0,
ovm-kassel.de,unknown,1.0,0,
hexa-it.de,unknown,1.0,0,
liesenjohann.com,unknown,1.0,0,
tempel.ventures,unknown,1.0,0,
kfit.de,unknown,1.0,0,
kaelker-online.de,unknown,1.0,0,
ac.rwth-aachen.de,unknown,1.0,0,
akwl.de,unknown,1.0,0,
stefan-erdmann.net,unknown,1.0,0,
eprae.de,unknown,1.0,0,
rame.name,unknown,1.0,0,
rex-at.de,unknown,1.0,0,
geografieundservice.de,unknown,1.0,0,
koco-group.com,unknown,1.0,0,
meier-gottmadingen.de,unknown,1.0,0,
klenk-leistungspotenzial.de,unknown,1.0,0,
rs-fs.de,unknown,1.0,0,
futurice.com,unknown,1.0,0,
flintbek.de,unknown,1.0,0,
rs-lauf.de,unknown,1.0,0,
arsa-infotech.com,unknown,1.0,0,
knuepling.de,unknown,1.0,0,
rz.uni-regensburg.de,unknown,1.0,0,
mannheimer-morgen.de,unknown,1.0,0,
dorotheflaig.de,unknown,1.0,0,
bhbn.de,unknown,1.0,0,
matthias-schnur.com,unknown,1.0,0,
kom-projekte.de,unknown,1.0,0,
senator-partners.de,unknown,1.0,0,
hirth.de,unknown,1.0,0,
bi-automation.eu,unknown,1.0,0,
weh.com,unknown,1.0,0,
ge-siegburg.de,unknown,1.0,0,
pannella.de,unknown,1.0,0,
fuh-edv.de,unknown,1.0,0,
landurlaub-mueritz.de,unknown,1.0,0,
gaby-mayr.de,unknown,1.0,0,
mintnex.ch,unknown,1.0,0,
grassdev.com,unknown,1.0,0,
juelicherconsult.de,unknown,1.0,0,
medienbildung4.me,unknown,1.0,0,
publicplan.de,unknown,1.0,0,
jmi.ac.in,unknown,1.0,0,
dccargo.de,unknown,1.0,0,
maucherjenkins.com,unknown,1.0,0,
exakt-personal.de,unknown,1.0,0,
schulen-siegsdorf.de,unknown,1.0,0,
physiologie.uni-heidelberg.de,unknown,1.0,0,
sabine-spaeth.com,unknown,1.0,0,
cdu-kupferdreh-byfang.de,unknown,1.0,0,
osz-mobil.de,unknown,1.0,0,
ueberbit.de,unknown,1.0,0,
mariengym-jev.de,unknown,1.0,0,
igor-gestalt.com,unknown,1.0,0,
ngrabner.de,unknown,1.0,0,
kalkowski.com,unknown,1.0,0,
okay.ms,unknown,1.0,0,
c-simon.de,unknown,1.0,0,
3fiori.com,unknown,1.0,0,
r-a-u.com,unknown,1.0,0,
gsg-freiberg.lernsax.de,unknown,1.0,0,
daa-technikum.de,unknown,1.0,0,
coaching-business-ernaehrung.de,unknown,1.0,0,
hbbk.eu,unknown,1.0,0,
aktivoli.de,unknown,1.0,0,
flg-asperg.de,unknown,1.0,0,
gexige.com,unknown,1.0,0,
gmx.fr,unknown,1.0,0,
josefborbely.com,unknown,1.0,0,
mail-buero.de,unknown,1.0,0,
josaur.de,unknown,1.0,0,
fibinger.de,unknown,1.0,0,
gagym.de,unknown,1.0,0,
uolg.lol,unknown,1.0,0,
mueller-christine.de,unknown,1.0,0,
neofamilie.de,unknown,1.0,0,
infra-metrix.com,unknown,1.0,0,
dsj.de,unknown,1.0,0,
vr-smart-finanz.de,unknown,1.0,0,
frauenheilpraxis-schenk.de,unknown,1.0,0,
patterson-schade.de,unknown,1.0,0,
robotronik.de,unknown,1.0,0,
ahlberg.de,unknown,1.0,0,
bleissem.com,unknown,1.0,0,
studiobaur.de,unknown,1.0,0,
friess.eu,unknown,1.0,0,
digitalquartett.at,unknown,1.0,0,
tumwater.k12.wa.us,unknown,1.0,0,
haus-krankenpflege.de,unknown,1.0,0,
solteq.de,unknown,1.0,0,
reg-mfr.bayern.de,unknown,1.0,0,
stud.dhbw-ravensburg.de,Germany,2.0,DHBW,
vip.163.com,unknown,1.0,0,
ican.de,unknown,1.0,0,
bethaeuser-hn.de,unknown,1.0,0,
studieninstitut-rn.de,unknown,1.0,0,
redaktionscontor.de,unknown,1.0,0,
meyer-theresa.de,unknown,1.0,0,
langeeins.de,unknown,1.0,0,
brandner.cloud,unknown,1.0,0,
kreissportbund-lueneburg.de,unknown,1.0,0,
stadt.koblenz.de,unknown,1.0,0,
koengeter-immobilien.de,unknown,1.0,0,
joergthieme.de,unknown,1.0,0,
degel-consulting.com,unknown,1.0,0,
karlshochschule.de,unknown,1.0,0,
aksb.de,unknown,1.0,0,
as-schneider.com,unknown,1.0,0,
goebelundmattes.com,unknown,1.0,0,
marsden.de,unknown,1.0,0,
schwarzeit.de,unknown,1.0,0,
abilex.de,unknown,1.0,0,
khg-graz.at,unknown,1.0,0,
plan.de,unknown,1.0,0,
best-saarland.de,unknown,1.0,0,
itb-fem.de,unknown,1.0,0,
perrcon.de,unknown,1.0,0,
stb-schulen-willich.de,unknown,1.0,0,
dr-hansch.de,unknown,1.0,0,
karlheinzhappe.de,unknown,1.0,0,
rosskopf-partner.com,unknown,1.0,0,
iserv-marianum.de,unknown,1.0,0,
signition-holding.com,unknown,1.0,0,
kerstin-krause.training,unknown,1.0,0,
wirteltor-gymnasium.de,unknown,1.0,0,
taskforce.net,unknown,1.0,0,
inhouse-pflegefortbildung.de,unknown,1.0,0,
reservix.de,unknown,1.0,0,
gadget.de,unknown,1.0,0,
evosg.de,unknown,1.0,0,
darmstadt.ihk.de,unknown,1.0,0,
cusa365.de,unknown,1.0,0,
netzkueche.de,unknown,1.0,0,
wandellernen.de,unknown,1.0,0,
thg-hn.de,unknown,1.0,0,
lhl.hessen.de,unknown,1.0,0,
luna-homestaging.de,unknown,1.0,0,
tcgroup.com,unknown,1.0,0,
antonius-wissen.de,unknown,1.0,0,
joberle.de,unknown,1.0,0,
reginastauss.de,unknown,1.0,0,
experts-intelligence.com,unknown,1.0,0,
estello.com,unknown,1.0,0,
restaurant-vorwerck.de,unknown,1.0,0,
lsa-systems.de,unknown,1.0,0,
baliscloud.de,unknown,1.0,0,
kairos-interim.eu,unknown,1.0,0,
pesta-goslar.de,unknown,1.0,0,
mugalla.de,unknown,1.0,0,
nachhaus-apo.de,unknown,1.0,0,
de.enersys.com,unknown,1.0,0,
vig.com,unknown,1.0,0,
deppe-online.eu,unknown,1.0,0,
s-ehrler.de,unknown,1.0,0,
zvwall.de,unknown,1.0,0,
moabiter-ratschlag.de,unknown,1.0,0,
jniklaus.de,unknown,1.0,0,
webjournalistin.de,unknown,1.0,0,
bauer-madeira.com,unknown,1.0,0,
bistum-augsburg.de,unknown,1.0,0,
acp.de,unknown,1.0,0,
vanderlande.com,unknown,1.0,0,
aichelburg.de,unknown,1.0,0,
ib-kas.de,unknown,1.0,0,
boensch-mail.de,unknown,1.0,0,
bbst-clp.de,unknown,1.0,0,
duerr-technik.de,unknown,1.0,0,
gls.schulen-lev.de,unknown,1.0,0,
hh-berlin.de,unknown,1.0,0,
de.nestle.com,unknown,1.0,0,
ertex.de,unknown,1.0,0,
stadt.bamberg.de,unknown,1.0,0,
elisabeth-akademie.de,unknown,1.0,0,
m-buero.de,unknown,1.0,0,
hka.de,unknown,1.0,0,
umanitoba.ca,unknown,1.0,0,
kuipers.ch,unknown,1.0,0,
adssc.org,unknown,1.0,0,
schule-ems.ch,unknown,1.0,0,
agil-software.de,unknown,1.0,0,
anwalt-lahr.de,unknown,1.0,0,
stadt-salzburg.at,unknown,1.0,0,
casakrause.de,unknown,1.0,0,
dtb-beratung.de,unknown,1.0,0,
stegmann.org,unknown,1.0,0,
iq-nrw-west.de,unknown,1.0,0,
moesli.ch,unknown,1.0,0,
mocom.eu,unknown,1.0,0,
schule-stmoritz.ch,unknown,1.0,0,
rintracciofacile.it,unknown,1.0,0,
slm.hamburg.de,unknown,1.0,0,
glossistin.de,unknown,1.0,0,
sedona-vortex-tours.com,unknown,1.0,0,
imperial.ac.uk,unknown,1.0,0,
heimschule-kloster-wald.de,unknown,1.0,0,
sub.uni-goettingen.de,unknown,1.0,0,
schmidtlein.de,unknown,1.0,0,
pestadz.lernsax.de,unknown,1.0,0,
best-co.de,unknown,1.0,0,
spices-and-more.de,unknown,1.0,0,
f09.uni-stuttgart.de,unknown,1.0,0,
kanzlei-meppen.de,unknown,1.0,0,
rud.com,unknown,1.0,0,
tpg-pb.de,unknown,1.0,0,
esband.de,unknown,1.0,0,
cetecomadvanced.com,unknown,1.0,0,
pbeakk.de,unknown,1.0,0,
lagerhaustc.at,unknown,1.0,0,
ensi-uma.tn,unknown,1.0,0,
dsn-group.de,unknown,1.0,0,
minerva.de,unknown,1.0,0,
rsdm.ch,unknown,1.0,0,
joblev.de,unknown,1.0,0,
eileen-alzubairy.de,unknown,1.0,0,
landtag.ltsh.de,unknown,1.0,0,
sekuf.ch,unknown,1.0,0,
rae-notar.de,unknown,1.0,0,
skiaustria.at,unknown,1.0,0,
sonvidaconsulting.es,unknown,1.0,0,
marq4automation.com,unknown,1.0,0,
welleat.de,unknown,1.0,0,
castleparkschool.ie,unknown,1.0,0,
as-p.de,unknown,1.0,0,
carsten-wolff.eu,unknown,1.0,0,
bsz-selb.de,unknown,1.0,0,
ludloff-kopatz.de,unknown,1.0,0,
schule-noe.at,unknown,1.0,0,
hansbrunner.de,unknown,1.0,0,
imp-mc.com,unknown,1.0,0,
implantcast.de,unknown,1.0,0,
da-th.de,unknown,1.0,0,
ornowski.de,unknown,1.0,0,
iqtig.org,unknown,1.0,0,
awo-ku.de,unknown,1.0,0,
viguna.de,unknown,1.0,0,
caniglia.de,unknown,1.0,0,
knapp.tk,unknown,1.0,0,
danielschlager.at,unknown,1.0,0,
sfbb.berlin-brandenburg.de,unknown,1.0,0,
markenfilm.group,unknown,1.0,0,
artgetreu.at,unknown,1.0,0,
bm.mv-regierung.de,unknown,1.0,0,
henrikeuthe.de,unknown,1.0,0,
mail.siebold-gymnasium.de,unknown,1.0,0,
katringresser.de,unknown,1.0,0,
sabinekratz.com,unknown,1.0,0,
bszw.de,unknown,1.0,0,
moonroc.de,unknown,1.0,0,
popp-pm.de,unknown,1.0,0,
dr-schaefer-wiedenmann.de,unknown,1.0,0,
megger.com,unknown,1.0,0,
cursorconsulting.de,unknown,1.0,0,
westerwaldwetter.com,unknown,1.0,0,
ms-sacre-coeur.at,unknown,1.0,0,
andireit.de,unknown,1.0,0,
rogtat.com,unknown,1.0,0,
wvonz.com,unknown,1.0,0,
veracyte.com,unknown,1.0,0,
gharieni.com,unknown,1.0,0,
padourek.at,unknown,1.0,0,
kaore.io,unknown,1.0,0,
netterchef.de,unknown,1.0,0,
ruesselsheim.de,unknown,1.0,0,
media-gmbh.de,unknown,1.0,0,
digi-heads.de,unknown,1.0,0,
de.ks-lbp.com,unknown,1.0,0,
compassion.de,unknown,1.0,0,
vid-consulting.de,unknown,1.0,0,
nordlb.de,unknown,1.0,0,
schulen-hitzkirch.ch,unknown,1.0,0,
hofmannboos.com,unknown,1.0,0,
kiefaber.de,unknown,1.0,0,
tateandlyle.com,unknown,1.0,0,
notrickz.com,unknown,1.0,0,
etrisbank.de,unknown,1.0,0,
main.teikyo-u.ac.jp,unknown,1.0,0,
igs-morbach.de,unknown,1.0,0,
khhofmann.eu,unknown,1.0,0,
smqt.de,unknown,1.0,0,
schule-erzbachtal.ch,unknown,1.0,0,
gattomania.de,unknown,1.0,0,
aconcret.de,unknown,1.0,0,
greenblut.com,unknown,1.0,0,
iglo.com,unknown,1.0,0,
itc.rwth-aachen.de,unknown,1.0,0,
strato.de,unknown,1.0,0,
agentur-nabu.com,unknown,1.0,0,
stgag.ch,unknown,1.0,0,
bund.feg.de,unknown,1.0,0,
expod.addy.io,unknown,1.0,0,
icrose.com,unknown,1.0,0,
sts-goe-bbs.de,unknown,1.0,0,
timtwin.com,unknown,1.0,0,
d-10777.de,unknown,1.0,0,
sport-thieme.de,unknown,1.0,0,
waltherbier.ch,unknown,1.0,0,
bauindustrie.de,unknown,1.0,0,
vbl.de,unknown,1.0,0,
schule-ennetbuergen.ch,unknown,1.0,0,
greselius.net,unknown,1.0,0,
anl.bayern.de,unknown,1.0,0,
ki-ai.net,unknown,1.0,0,
futur-x.com,unknown,1.0,0,
tinaweisser.de,unknown,1.0,0,
brockhaus.com,unknown,1.0,0,
polig.net,unknown,1.0,0,
renerig.de,unknown,1.0,0,
xaltus.de,unknown,1.0,0,
proinfirmis.ch,unknown,1.0,0,
lakd-mv.de,unknown,1.0,0,
hd-nds.de,unknown,1.0,0,
telag.ch,unknown,1.0,0,
gebr-heinemann.de,unknown,1.0,0,
cottbus.de,unknown,1.0,0,
anjaahrens.de,unknown,1.0,0,
dreher-consulting.com,unknown,1.0,0,
mcs.eu,unknown,1.0,0,
bechtolsheim.de,unknown,1.0,0,
acitoflux.com,unknown,1.0,0,
list-gymnasium.de,unknown,1.0,0,
herzenhelfen.de,unknown,1.0,0,
ess.lernsax.de,unknown,1.0,0,
dwyl-mental.de,unknown,1.0,0,
full-range.ch,unknown,1.0,0,
roth.com.de,unknown,1.0,0,
fmf.uni-freiburg.de,unknown,1.0,0,
rrbk.koeln,unknown,1.0,0,
nixnuxnox.xyz,unknown,1.0,0,
faulhaber.com,unknown,1.0,0,
zaeske.info,unknown,1.0,0,
rebional.de,unknown,1.0,0,
tpsd.de,unknown,1.0,0,
senmvku.berlin.de,unknown,1.0,0,
schule-spreitenbach.ch,unknown,1.0,0,
hvfrs.de,unknown,1.0,0,
bbw-rki-berlin.de,unknown,1.0,0,
gkv-spitzenverband.de,unknown,1.0,0,
beratung.bildung-rp.de,unknown,1.0,0,
promipool.de,unknown,1.0,0,
krump.cc,unknown,1.0,0,
dereani.de,unknown,1.0,0,
seegetaway.site,unknown,1.0,0,
perlen-services.de,unknown,1.0,0,
region-stuttgart.de,unknown,1.0,0,
treichel-services.com,unknown,1.0,0,
rbkm.de,unknown,1.0,0,
assmanngruppe.com,unknown,1.0,0,
etogruppe.com,unknown,1.0,0,
klunscher.de,unknown,1.0,0,
riffler.eu,unknown,1.0,0,
zeitenwen.de,unknown,1.0,0,
waltraud-gehrig.com,unknown,1.0,0,
ross-bauservice.de,unknown,1.0,0,
diakonie-altholstein.de,unknown,1.0,0,
polizei.hessen.de,unknown,1.0,0,
amlog.com,unknown,1.0,0,
zgs-consult.de,unknown,1.0,0,
falk-wiesenberg.de,unknown,1.0,0,
sekundarschule-eitorf.de,unknown,1.0,0,
stockinger.gmbh,unknown,1.0,0,
realschule-oberkirch.de,unknown,1.0,0,
grafton.de,unknown,1.0,0,
rassenberger.de,unknown,1.0,0,
paul-martini-stiftung.de,unknown,1.0,0,
adbk-nuernberg.de,unknown,1.0,0,
zemces.ch,unknown,1.0,0,
fpe-hydraulik.de,unknown,1.0,0,
balm.bund.de,unknown,1.0,0,
bsomek.com,unknown,1.0,0,
bwb.de,unknown,1.0,0,
gelfert-haltern.de,unknown,1.0,0,
dsty.ac.jp,unknown,1.0,0,
caritas-main-taunus.de,unknown,1.0,0,
ds-systembau-elemente.de,unknown,1.0,0,
ihro.de,unknown,1.0,0,
lbs-kuchl.salzburg.at,unknown,1.0,0,
netgen.io,unknown,1.0,0,
aundo.tv,unknown,1.0,0,
kgs-muellekoven.de,unknown,1.0,0,
bbs-sp.semrlp.de,unknown,1.0,0,
zurmuehlen.org,unknown,1.0,0,
rlinssen.de,unknown,1.0,0,
michaelwangler.de,unknown,1.0,0,
woellner.net,unknown,1.0,0,
diewebagentin.de,unknown,1.0,0,
hfm.eu,unknown,1.0,0,
internatsolling.de,unknown,1.0,0,
aktionsonnenschein.de,unknown,1.0,0,
kaleidos-bewegt.de,unknown,1.0,0,
schubertchristian.de,unknown,1.0,0,
nodezero.de,unknown,1.0,0,
ac-event.info,unknown,1.0,0,
akr.muenchen.musin.de,unknown,1.0,0,
aminet.ch,unknown,1.0,0,
donau-isar-klinikum.de,unknown,1.0,0,
85v.de,unknown,1.0,0,
dose-consult.de,unknown,1.0,0,
buommino.de,unknown,1.0,0,
i-sec.tuv.com,unknown,1.0,0,
bbva.com,unknown,1.0,0,
laurentsedano.ch,unknown,1.0,0,
vonseefried.com,unknown,1.0,0,
bkuhl.net,unknown,1.0,0,
vem.diearbeitgeber.de,unknown,1.0,0,
porsche-consulting.com,unknown,1.0,0,
yfood.eu,unknown,1.0,0,
schelthoff.de,unknown,1.0,0,
intuitive-ai.com,unknown,1.0,0,
baslerweb.com,unknown,1.0,0,
natuerlichfrank.de,unknown,1.0,0,
milanstoyakov.com,unknown,1.0,0,
officeandinnovation.de,unknown,1.0,0,
cyberzine.at,unknown,1.0,0,
thilenius.net,unknown,1.0,0,
henkelclan.de,unknown,1.0,0,
rinke-it.de,unknown,1.0,0,
kanzleihaaf.de,unknown,1.0,0,
storyimpuls.de,unknown,1.0,0,
raschemaenner.de,unknown,1.0,0,
g-u.de,unknown,1.0,0,
kh-itzehoe.de,unknown,1.0,0,
hartmut-wilke.de,unknown,1.0,0,
bct-sh.de,unknown,1.0,0,
tecdeltatools.com,unknown,1.0,0,
xavor.com,unknown,1.0,0,
saagenhaft.de,unknown,1.0,0,
training-beratung.at,unknown,1.0,0,
kaemmer-beratung.de,unknown,1.0,0,
brinkmannsuendermann.de,unknown,1.0,0,
cua.edu,unknown,1.0,0,
thiamata.com,unknown,1.0,0,
gleiss.or.at,unknown,1.0,0,
cartep.com,unknown,1.0,0,
marketing-innovation-group.com,unknown,1.0,0,
eh-darmstadt.de,Germany,2.0,TU Darmstadt,
diestadtfelder.de,unknown,1.0,0,
loeweneckschule.de,unknown,1.0,0,
biomontan.at,unknown,1.0,0,
audinfilm.de,unknown,1.0,0,
rockupy.com,unknown,1.0,0,
user.bk-iserlohn.de,unknown,1.0,0,
lindakubaczynski.de,unknown,1.0,0,
unwomen.de,unknown,1.0,0,
is4it.de,unknown,1.0,0,
palfinger.com,unknown,1.0,0,
design-services.de,unknown,1.0,0,
strenzl.com,unknown,1.0,0,
inpacs.com,unknown,1.0,0,
schmelz.at,unknown,1.0,0,
reisgang.de,unknown,1.0,0,
blindow.de,unknown,1.0,0,
korodrogerie.de,unknown,1.0,0,
hvtb.de,unknown,1.0,0,
jenstomas.de,unknown,1.0,0,
impulse-schule.de,unknown,1.0,0,
roehricht.info,unknown,1.0,0,
letter-consulting.de,unknown,1.0,0,
stecher42.de,unknown,1.0,0,
milanzoufal.com,unknown,1.0,0,
traunstein.bayern,unknown,1.0,0,
s-rating-risikosysteme.de,unknown,1.0,0,
bbs2wob.de,unknown,1.0,0,
freshhrminds.de,unknown,1.0,0,
frank-heinsberg.de,unknown,1.0,0,
berlin-eye.com,unknown,1.0,0,
badw.de,unknown,1.0,0,
aarbergen.de,unknown,1.0,0,
gelbke.de,unknown,1.0,0,
ulfig.de,unknown,1.0,0,
tagesspiegel.de,unknown,1.0,0,
ostwuerttemberg.ihk.de,unknown,1.0,0,
primaklima.org,unknown,1.0,0,
goethegym-biw.de,unknown,1.0,0,
wurm-bender.de,unknown,1.0,0,
martinrosenkranz.com,unknown,1.0,0,
castelberg-beratungen.ch,unknown,1.0,0,
reallyhuman.net,unknown,1.0,0,
freiherrvomstein.de,unknown,1.0,0,
onkologie-speyer.de,unknown,1.0,0,
vis-consult.de,unknown,1.0,0,
christa-web.de,unknown,1.0,0,
ipoint-systems.de,unknown,1.0,0,
cognity.de,unknown,1.0,0,
digiman.cologne,unknown,1.0,0,
lfd.niedersachsen.de,unknown,1.0,0,
hsl.schule,unknown,1.0,0,
zeppelin-university.net,Germany,2.0,Zeppelin Universität,
srmist.edu.in,India,2.0,SRM Institute of Science and Technology,
iquniq.com,unknown,1.0,0,
vhs-stuttgart.de,unknown,1.0,0,
fintiba.com,unknown,1.0,0,
mhscheithauer.de,unknown,1.0,0,
mk.niedersachsen.de,unknown,1.0,0,
municcom.de,unknown,1.0,0,
unique-conceptions.de,unknown,1.0,0,
marioeduardgiovanelli.com,unknown,1.0,0,
design-union.de,unknown,1.0,0,
student.maastrichtuniversity.nl,Netherlands,2.0,Maastricht University,
stephanheinrich.com,unknown,1.0,0,
hsbk-olsberg.de,unknown,1.0,0,
khschoon.de,unknown,1.0,0,
actu-attendorn.de,unknown,1.0,0,
schoening-communication.de,unknown,1.0,0,
einfachkommunikation.de,unknown,1.0,0,
nlbl.niedersachsen.de,unknown,1.0,0,
hs-regensburg.de,Germany,2.0,OTH Regensburg,
campus-bb.de,unknown,1.0,0,
alfhansen.de,unknown,1.0,0,
hhs.nl,Netherlands,2.0,The Hague University of Applied Sciences,
davidfuchs.de,unknown,1.0,0,
hvhs.de,unknown,1.0,0,
vhs-diepholz.de,unknown,1.0,0,
justiz.niedersachsen.de,unknown,1.0,0,
vhs-norderstedt.de,unknown,1.0,0,
kvhs-peine.de,unknown,1.0,0,
wieduwilt.net,unknown,1.0,0,
pherholz.de,unknown,1.0,0,
medunigraz.at,Austria,2.0,Medizinische Universität Graz,
alphaquest.de,unknown,1.0,0,
textilschule.de,unknown,1.0,0,
berufsschule-eichstaett.eu,unknown,1.0,0,
christoph-fessler.de,unknown,1.0,0,
media-university.de,Germany,2.0,Hochschule für Medien Kommunikation und Wirtschaft,
caritas-eichstaett.de,unknown,1.0,0,
bewegtkommunikation.de,unknown,1.0,0,
ucasal.edu.ar,Argentina,2.0,Catholic University of Salta,
ghsoft.de,unknown,1.0,0,
berlin.vhs.cloud,unknown,1.0,0,
vhs-aichach-friedberg.de,unknown,1.0,0,
heidelberguniversity.org,unknown,1.0,0,
vhs-sob.de,unknown,1.0,0,
hst-schulungen.de,unknown,1.0,0,
mmcoe.edu.in,India,2.0,Marathwada Mitra Mandal's College of Engineering,
purus-medical.de,unknown,1.0,0,
phystech.edu,Russia,2.0,Moscow Institute of Physics and Technology,
mail.aub.edu,United States,2.0,American University of Beirut,
kiteit.de,unknown,1.0,0,
vhs-stade.de,unknown,1.0,0,
vhs-i.de,unknown,1.0,0,
vhssegeberg.de,unknown,1.0,0,
westphal-design.de,unknown,1.0,0,
hellmutschmidt.de,unknown,1.0,0,
kc-sachsen.de,unknown,1.0,0,
vhs-nordhorn.de,unknown,1.0,0,
unicredit.eu,unknown,1.0,0,
phoenix-c-h.de,unknown,1.0,0,
kvhsgg.de,unknown,1.0,0,
vhs-ahrensburg.de,unknown,1.0,0,
stephan-fiedler.de,unknown,1.0,0,
hr-campus.ch,unknown,1.0,0,
eufh-medica.de,unknown,1.0,0,
schulmun.de,unknown,1.0,0,
rubencon.ch,unknown,1.0,0,
ochsenkiel.com,unknown,1.0,0,
mw.sachsen-anhalt.de,unknown,1.0,0,
stud.eduzis.ch,unknown,1.0,0,
lwk.upb.de,Germany,2.0,Universität Paderborn,
mediencampus-babelsberg.de,unknown,1.0,0,
studentfr.ch,unknown,1.0,0,
germann-kommunikation.de,unknown,1.0,0,
md-phw.de,unknown,1.0,0,
hss-homberg.de,unknown,1.0,0,
christoph-weber.at,unknown,1.0,0,
ralphmarten.de,unknown,1.0,0,
ipht-jena.de,unknown,1.0,0,
konrad-wachsmann-schule.de,unknown,1.0,0,
rhs-bs.de,unknown,1.0,0,
ths-schule.de,unknown,1.0,0,
ge-hsw.de,unknown,1.0,0,
vhsimkreisherford.de,unknown,1.0,0,
alpha-institute.de,unknown,1.0,0,
pharmastulln.de,unknown,1.0,0,
stephanie-nowicki.com,unknown,1.0,0,
ibk.sachsen-anhalt.de,unknown,1.0,0,
polisphere.eu,unknown,1.0,0,
kits-zuerich.ch,unknown,1.0,0,
physiomed-group.com,unknown,1.0,0,
philipp-neri-schule.de,unknown,1.0,0,
dachsberg.at,unknown,1.0,0,
phoenixgroup.eu,unknown,1.0,0,
josephineschmuecker.de,unknown,1.0,0,
helmutplarre.de,unknown,1.0,0,
isfh.de,unknown,1.0,0,
feuerwehr-chemnitz.de,unknown,1.0,0,
business-tuning.at,unknown,1.0,0,
kitakonzept.de,unknown,1.0,0,
beuth-hochschule.de,Germany,2.0,Berliner Hochschule für Technik (BHT),
vhs-sh.de,unknown,1.0,0,
ml.niedersachsen.de,unknown,1.0,0,
tuchscherer.info,unknown,1.0,0,
ggdo-edu.de,unknown,1.0,0,
edu.campus02.at,Austria,2.0,FH Campus 02,
jvato.justiz.sachsen.de,unknown,1.0,0,
mvhs.de,unknown,1.0,0,
campusnaturalis.de,unknown,1.0,0,
jasboesch-education.de,unknown,1.0,0,
medienanstalt-sachsen-anhalt.de,unknown,1.0,0,
wilmers-kommunikation.de,unknown,1.0,0,
lihs-gmbh.de,unknown,1.0,0,
carunion.de,unknown,1.0,0,
it.niedersachsen.de,unknown,1.0,0,
asti.dost.gov.ph,unknown,1.0,0,
ah-kommunikation.net,unknown,1.0,0,
suttneruni.at,Austria,2.0,Bertha von Suttner Privatuniversität,
hit-campus.de,unknown,1.0,0,
colegioaleman.edu.co,unknown,1.0,0,
vhs-rottenburg.de,unknown,1.0,0,
unicef.de,unknown,1.0,0,
vhs-weiden-neustadt.de,unknown,1.0,0,
eeducation.at,unknown,1.0,0,
pflegecampus-regensburg.de,unknown,1.0,0,
hsbc.de,unknown,1.0,0,
hsdamme.de,unknown,1.0,0,
drksachsen.de,unknown,1.0,0,
pharmed-akademie.de,unknown,1.0,0,
lv.campus02.at,Austria,2.0,FH Campus 02,
hsp.team,unknown,1.0,0,
vhs-ssoe.de,unknown,1.0,0,
raph-hd.de,unknown,1.0,0,
christopher-pethe.de,unknown,1.0,0,
mwu.sachsen-anhalt.de,unknown,1.0,0,
union-agricole.de,unknown,1.0,0,
up.edu.ph,Philippines,2.0,University of the Philippines Diliman,
uaeh.edu.mx,unknown,1.0,0,
jura.uni-muenchen.de,Germany,2.0,Universität München,
innenausbau-franken.de,unknown,1.0,0,
messe-friedrichshafen.de,unknown,1.0,0,
noel.gv.at,unknown,1.0,0,
colordruck.net,unknown,1.0,0,
digitalbuero-limburg.de,unknown,1.0,0,
bielefeld.de,unknown,1.0,0,
musikschulen-bayern.de,unknown,1.0,0,
medienhaus-waltrop.de,unknown,1.0,0,
cimiotti.net,unknown,1.0,0,
lv.mv-regierung.de,unknown,1.0,0,
smail.fb06.h-brs.de,unknown,1.0,0,
hamminkeln.de,unknown,1.0,0,
sanacorp.de,unknown,1.0,0,
cadetg.ch,unknown,1.0,0,
ooe.lebenshilfe.org,unknown,1.0,0,
buergermut.de,unknown,1.0,0,
starlab.de,unknown,1.0,0,
pte.de,unknown,1.0,0,
gutes-consulting.de,unknown,1.0,0,
schneiderpen.com,unknown,1.0,0,
kgslaatzen.eu,unknown,1.0,0,
bmu.edu.in,India,2.0,BML Munjal University,
softtech.de,unknown,1.0,0,
jioso.com,unknown,1.0,0,
eventit.ag,unknown,1.0,0,
it.dhbw-ravensburg.de,Germany,2.0,DHBW,
stud.htw-dresden.de,unknown,1.0,0,
gymnasium-rhauderfehn.eu,unknown,1.0,0,
toaik.com,unknown,1.0,0,
abki.de,unknown,1.0,0,
besonders-sein.de,unknown,1.0,0,
wiwi.uni-wuppertal.de,unknown,1.0,0,
heinmedia.de,unknown,1.0,0,
ipmaia.pt,unknown,1.0,0,
lbv-sh.landsh.de,unknown,1.0,0,
orca-software.com,unknown,1.0,0,
freiheit.org,unknown,1.0,0,
deval.org,unknown,1.0,0,
bogestra.de,unknown,1.0,0,
grevenbroich.de,unknown,1.0,0,
vema-eg.de,unknown,1.0,0,
trustedshops.de,unknown,1.0,0,
getzner.at,unknown,1.0,0,
dmt-lb.de,unknown,1.0,0,
korschenbroich.de,unknown,1.0,0,
rsh-duesseldorf.de,unknown,1.0,0,
vahle.de,unknown,1.0,0,
lvwa.berlin.de,unknown,1.0,0,
acterience.com,unknown,1.0,0,
s2024.tu-chemnitz.de,unknown,1.0,0,
ev-ol.de,unknown,1.0,0,
p3000.net,unknown,1.0,0,
anyever.de,unknown,1.0,0,
p5-empowering.de,unknown,1.0,0,
spreuweizen.de,unknown,1.0,0,
wertheim.de,unknown,1.0,0,
students.kh-mz.de,unknown,1.0,0,
zoller-d.com,unknown,1.0,0,
schmiedel.de,unknown,1.0,0,
vanreijn.net,unknown,1.0,0,
ps-mettmenstetten.ch,unknown,1.0,0,
henstedt-ulzburg.de,unknown,1.0,0,
nanette-haensel.de,unknown,1.0,0,
hbk-bs.de,unknown,1.0,0,
obersulm.de,unknown,1.0,0,
schulze-online.net,unknown,1.0,0,
caritas-region-trier.de,unknown,1.0,0,
nohka.de,unknown,1.0,0,
stefanbrandel.de,unknown,1.0,0,
stadt.wuelfrath.de,unknown,1.0,0,
plus1apotheke.de,unknown,1.0,0,
screendaily.com,unknown,1.0,0,
stahlbau-wicher.de,unknown,1.0,0,
burscheid.de,unknown,1.0,0,
whz.de,unknown,1.0,0,
ssig-it.com,unknown,1.0,0,
kjppraxis-trier.de,unknown,1.0,0,
tssteinfurt.de,unknown,1.0,0,
nwildt.de,unknown,1.0,0,
iits-consulting.de,unknown,1.0,0,
pilzie.ch,unknown,1.0,0,
difu.de,unknown,1.0,0,
8on.de,unknown,1.0,0,
uni-giessen.de,unknown,1.0,0,
six-group.com,unknown,1.0,0,
dr-baum.net,unknown,1.0,0,
bfn.de,unknown,1.0,0,
strosing.de,unknown,1.0,0,
hausarztpraxis-neuburg.de,unknown,1.0,0,
andre-stiefenhofer.de,unknown,1.0,0,
garbe.de,unknown,1.0,0,
schunk-moritz.de,unknown,1.0,0,
data40.de,unknown,1.0,0,
neumannfrank.de,unknown,1.0,0,
sirius-gmbh.de,unknown,1.0,0,
koblenz.ihk.de,unknown,1.0,0,
umusic.com,unknown,1.0,0,
schule-adelboden.ch,unknown,1.0,0,
dama-moe.de,unknown,1.0,0,
stachwitz.de,unknown,1.0,0,
trips-group.com,unknown,1.0,0,
sfb1671.uni-heidelberg.de,unknown,1.0,0,
manutee.com,unknown,1.0,0,
lobreyer.net,unknown,1.0,0,
verena-evers.com,unknown,1.0,0,
psych.uni-halle.de,unknown,1.0,0,
abg.at,unknown,1.0,0,
ofabamberg.de,unknown,1.0,0,
neef-legal.de,unknown,1.0,0,
oberhausen.de,unknown,1.0,0,
adenes.de,unknown,1.0,0,
montabaur.de,unknown,1.0,0,
mks-logistics.de,unknown,1.0,0,
klinikum.wolfsburg.de,unknown,1.0,0,
wilhelmshaven.de,unknown,1.0,0,
laika.berlin,unknown,1.0,0,
endometriose.app,unknown,1.0,0,
supersache.de,unknown,1.0,0,
moa.de,unknown,1.0,0,
shapingnew.work,unknown,1.0,0,
klaerle.de,unknown,1.0,0,
designt.es,unknown,1.0,0,
commit-group.com,unknown,1.0,0,
kmkb.de,unknown,1.0,0,
lixil.com,unknown,1.0,0,
anglernook.com,unknown,1.0,0,
nhi.no,unknown,1.0,0,
mach-sport.com,unknown,1.0,0,
amt-kisdorf.de,unknown,1.0,0,
wbd.com,unknown,1.0,0,
kopfnagel.de,unknown,1.0,0,
ji6.de,unknown,1.0,0,
agentur-richter.de,unknown,1.0,0,
extern.cbs.de,unknown,1.0,0,
lucaslichner.de,unknown,1.0,0,
starkerstart.uni-frankfurt.de,unknown,1.0,0,
clemens-beratung.de,unknown,1.0,0,
manuel-schmidt.de,unknown,1.0,0,
add2.de,unknown,1.0,0,
o-l-w.de,unknown,1.0,0,
adis-ev.de,unknown,1.0,0,
drk-westfalen.de,unknown,1.0,0,
assona.com,unknown,1.0,0,
utamillner.de,unknown,1.0,0,
cube-akademie.de,unknown,1.0,0,
kuss-wangen.de,unknown,1.0,0,
ilovetofino.de,unknown,1.0,0,
dayone.de,unknown,1.0,0,
luinet.de,unknown,1.0,0,
ta-mediadesign.de,unknown,1.0,0,
callooh.com,unknown,1.0,0,
rit.at,unknown,1.0,0,
robinconsulting.de,unknown,1.0,0,
ghebrehiwet.com,unknown,1.0,0,
lrasha.de,unknown,1.0,0,
gwgpro-kassel.de,unknown,1.0,0,
text2net.de,unknown,1.0,0,
okuyucu.de,unknown,1.0,0,
kuntschner.de,unknown,1.0,0,
olympiaschule.nrw.schule,unknown,1.0,0,
hbz-nrw.de,unknown,1.0,0,
fghgsd.de,unknown,1.0,0,
hpc-hamburg.de,unknown,1.0,0,
odu.de,unknown,1.0,0,
stadt-dormagen.de,unknown,1.0,0,
2libc.ru,unknown,1.0,0,
kpp-group.de,unknown,1.0,0,
hans-marcher.de,unknown,1.0,0,
fadenzaehler.de,unknown,1.0,0,
daniel-opitz.de,unknown,1.0,0,
salar.de,unknown,1.0,0,
zsl-rsma.de,unknown,1.0,0,
ipai-foundation.ai,unknown,1.0,0,
dentist.med.uni-giessen.de,unknown,1.0,0,
lra-es.de,unknown,1.0,0,
praxis-naturheilkun.de,unknown,1.0,0,
stadt-boxberg.de,unknown,1.0,0,
niederwiesa.de,unknown,1.0,0,
straubdesign.de,unknown,1.0,0,
srf.ch,unknown,1.0,0,
labendsch.com,unknown,1.0,0,
isfort-trading.com,unknown,1.0,0,
wisag.de,unknown,1.0,0,
susanna-schreiner.de,unknown,1.0,0,
dn-connect.de,unknown,1.0,0,
epa.admin.ch,unknown,1.0,0,
bukea.hamburg.de,unknown,1.0,0,
operaone.ch,unknown,1.0,0,
asambeauty.com,unknown,1.0,0,
nordwind-it.de,unknown,1.0,0,
macgeiger.de,unknown,1.0,0,
virginia.edu,unknown,1.0,0,
krichter.net,unknown,1.0,0,
ksmg.ch,unknown,1.0,0,
frese.biz,unknown,1.0,0,
oberbruch.de,unknown,1.0,0,
pahrh.hessen.de,unknown,1.0,0,
psychol.uni-giessen.de,unknown,1.0,0,
nanotempertech.com,unknown,1.0,0,
wista-plan.de,unknown,1.0,0,
pucp.edu.pe,unknown,1.0,0,
bpa.de,unknown,1.0,0,
hakneumarkt.at,unknown,1.0,0,
bonago.de,unknown,1.0,0,
martha.mozmail.com,unknown,1.0,0,
sdg-media.de,unknown,1.0,0,
felixbraun.de,unknown,1.0,0,
macucon.de,unknown,1.0,0,
steilpass.com,unknown,1.0,0,
liebezeitarbeit.com,unknown,1.0,0,
wksgruppe.de,unknown,1.0,0,
gs1.ch,unknown,1.0,0,
kreis-heinsberg.de,unknown,1.0,0,
versicherungsmonitor.de,unknown,1.0,0,
puls-essen.de,unknown,1.0,0,
landermann.de,unknown,1.0,0,
hesko.com,unknown,1.0,0,
lakeview-it.at,unknown,1.0,0,
psychotherapie-disanto-arts.de,unknown,1.0,0,
landkreis-ludwigsburg.de,unknown,1.0,0,
dsbu.ro,unknown,1.0,0,
haratz-consulting.de,unknown,1.0,0,
yanmarka.de,unknown,1.0,0,
zam-steiermark.at,unknown,1.0,0,
raiffeisen-software.at,unknown,1.0,0,
ib-spieth.de,unknown,1.0,0,
michaelbasel.de,unknown,1.0,0,
gruenunddesign.com,unknown,1.0,0,
planet-ic.de,unknown,1.0,0,
aalen.de,unknown,1.0,0,
interim-ilten.com,unknown,1.0,0,
ub.uni-leipzig.de,unknown,1.0,0,
viactiv.de,unknown,1.0,0,
syup-consulting.de,unknown,1.0,0,
lamprecht-gartenplaner.de,unknown,1.0,0,
landkreis-kelheim.de,unknown,1.0,0,
atalangrup.com,unknown,1.0,0,
wwf.de,unknown,1.0,0,
stadt-oldenburg.landsh.de,unknown,1.0,0,
michaela-kuehn.de,unknown,1.0,0,
visulabor.de,unknown,1.0,0,
systemic-transfer.de,unknown,1.0,0,
evltn.digital,unknown,1.0,0,
dsme.rwth-aachen.de,unknown,1.0,0,
lra-wue.bayern.de,unknown,1.0,0,
nw-niemann.de,unknown,1.0,0,
tfw-consulting.com,unknown,1.0,0,
creglingen.de,unknown,1.0,0,
polmv.de,unknown,1.0,0,
lahnstein.de,unknown,1.0,0,
ifii.eu,unknown,1.0,0,
efschmidt.de,unknown,1.0,0,
remscheid.de,unknown,1.0,0,
krombacher.de,unknown,1.0,0,
mv-immoservice.de,unknown,1.0,0,
via-ruhr.de,unknown,1.0,0,
diakonie-muc-obb.de,unknown,1.0,0,
simonegaertner.de,unknown,1.0,0,
cappabilities.app,unknown,1.0,0,
chatterjee-wit.de,unknown,1.0,0,
vudy.de,unknown,1.0,0,
erzbistum-bamberg.de,unknown,1.0,0,
stefanie-krueger.net,unknown,1.0,0,
mues.de,unknown,1.0,0,
kvbarnim.de,unknown,1.0,0,
loesle.de,unknown,1.0,0,
pgm.muenchen.musin.de,unknown,1.0,0,
agu.de,unknown,1.0,0,
mgo-fachverlage.de,unknown,1.0,0,
lebenshilfe-erlangen.de,unknown,1.0,0,
sumawi.de,unknown,1.0,0,
uontario.ca,unknown,1.0,0,
femna.de,unknown,1.0,0,
borsdorf.de,unknown,1.0,0,
printkart.de,unknown,1.0,0,
juergenschellert.de,unknown,1.0,0,
krzn.de,unknown,1.0,0,
diakonie-nsw.de,unknown,1.0,0,
poczta.onet.pl,unknown,1.0,0,
vrr.de,unknown,1.0,0,
piam.be,unknown,1.0,0,
emilhorstmann.de,unknown,1.0,0,
hwk-oberfranken.de,unknown,1.0,0,
i-k-t.ch,unknown,1.0,0,
marco-schnitzler.de,unknown,1.0,0,
yps-md.de,unknown,1.0,0,
digitallearning.gmbh,unknown,1.0,0,
cosmopolitanschool.eu,unknown,1.0,0,
adpublica.com,unknown,1.0,0,
stefankrier.de,unknown,1.0,0,
mail-kern.de,unknown,1.0,0,
drbirgitdahmen.de,unknown,1.0,0,
lauffcoaching.de,unknown,1.0,0,
praxis-kauhaus.de,unknown,1.0,0,
preu.net,unknown,1.0,0,
samango.de,unknown,1.0,0,
controllingberater.de,unknown,1.0,0,
humboldtco.de,unknown,1.0,0,
pergaudiaadastra.de,unknown,1.0,0,
ortenau-klinikum.de,unknown,1.0,0,
jvu.de,unknown,1.0,0,
twin-concepts.de,unknown,1.0,0,
freeflowcode.de,unknown,1.0,0,
juliagerman.de,unknown,1.0,0,
troglauer.de,unknown,1.0,0,
impulse.de,unknown,1.0,0,
rampmeier-edv.de,unknown,1.0,0,
ifado.de,unknown,1.0,0,
schatz-gruppe.de,unknown,1.0,0,
eisbaer.at,unknown,1.0,0,
zahnarzt-nordstrasse.de,unknown,1.0,0,
machhadi.de,unknown,1.0,0,
surpriseplus.de,unknown,1.0,0,
tamedica.com,unknown,1.0,0,
vvv24.de,unknown,1.0,0,
linde.com,unknown,1.0,0,
waldorf-home.de,unknown,1.0,0,
schusters-net.de,unknown,1.0,0,
chter.berlin,unknown,1.0,0,
jahreis.de,unknown,1.0,0,
63jgnaumann.lernsax.de,unknown,1.0,0,
reents.gmbh,unknown,1.0,0,
scoutdesigner.de,unknown,1.0,0,
bornhaupt.de,unknown,1.0,0,
joerg-raupach.de,unknown,1.0,0,
lumenion.com,unknown,1.0,0,
kjpp-praxis-ahmedi.de,unknown,1.0,0,
andreaheberger.de,unknown,1.0,0,
saint4y.de,unknown,1.0,0,
portoseguro.org.br,unknown,1.0,0,
ellger.de,unknown,1.0,0,
villingen.org,unknown,1.0,0,
csgymnasium.de,unknown,1.0,0,
st-ursula-aachen.de,unknown,1.0,0,
wp7.de,unknown,1.0,0,
buehrsch.de,unknown,1.0,0,
beyn.de,unknown,1.0,0,
tornesch.de,unknown,1.0,0,
designformat.de,unknown,1.0,0,
singen.de,unknown,1.0,0,
osmockrehna.lernsax.de,unknown,1.0,0,
ociepka.de,unknown,1.0,0,
harder-net.de,unknown,1.0,0,
geniux.de,unknown,1.0,0,
fwz-gronau.de,unknown,1.0,0,
tiep.de,unknown,1.0,0,
immanuelalbertinen.de,unknown,1.0,0,
wm.mv-regierung.de,unknown,1.0,0,
golanguage.de,unknown,1.0,0,
wsg-online.com,unknown,1.0,0,
hofmann-lars.de,unknown,1.0,0,
jao-berlin.de,unknown,1.0,0,
yvonnemontini.de,unknown,1.0,0,
fachkraft-im-fokus.de,unknown,1.0,0,
dqs.de,unknown,1.0,0,
alumni.uminho.pt,unknown,1.0,0,
osterhold.de,unknown,1.0,0,
isys.de,unknown,1.0,0,
boltze.de,unknown,1.0,0,
za1.de,unknown,1.0,0,
trockenbau-kastrati.de,unknown,1.0,0,
notarseybold.de,unknown,1.0,0,
zedis-hamburg.de,unknown,1.0,0,
oberlab.de,unknown,1.0,0,
reinhard-schmitt.eu,unknown,1.0,0,
simplioffice.com,unknown,1.0,0,
kolping-ostbayern.de,unknown,1.0,0,
macro-unternehmensberatung.de,unknown,1.0,0,
blickpunkt.io,unknown,1.0,0,
diebilderfee.de,unknown,1.0,0,
lpb.bwl.de,unknown,1.0,0,
georg-keller.de,unknown,1.0,0,
geist.wien,unknown,1.0,0,
bvs-ooe.at,unknown,1.0,0,
schalt.ch,unknown,1.0,0,
dmk.de,unknown,1.0,0,
sms-hartberg.at,unknown,1.0,0,
stadt-emmerich.de,unknown,1.0,0,
eisenach.de,unknown,1.0,0,
physiologie.uni-kiel.de,unknown,1.0,0,
kupferkanne-sylt.de,unknown,1.0,0,
unimed.ac.id,unknown,1.0,0,
finanzcheck.de,unknown,1.0,0,
3f-werbeagentur.de,unknown,1.0,0,
persaldo.ch,unknown,1.0,0,
prof-bader.de,unknown,1.0,0,
zuhauseimkatzenglueck-kiel.de,unknown,1.0,0,
langerringen.de,unknown,1.0,0,
tristanpost.com,unknown,1.0,0,
ivi.fraunhofer.de,unknown,1.0,0,
eineimerempathie.de,unknown,1.0,0,
tam-akademie.de,unknown,1.0,0,
annok.de,unknown,1.0,0,
spd-bruehl.de,unknown,1.0,0,
broffice.world,unknown,1.0,0,
miriamgerhardt.de,unknown,1.0,0,
hegnal.com,unknown,1.0,0,
karma.at,unknown,1.0,0,
bolsinger.de,unknown,1.0,0,
smail.fb06.hochschule-bonn-rhein-sieg.de,unknown,1.0,0,
allaboutassets.de,unknown,1.0,0,
fibl.org,unknown,1.0,0,
winkler-coaching-beratung.com,unknown,1.0,0,
cor-berlin.com,unknown,1.0,0,
asm.etat.lu,unknown,1.0,0,
bocapies.com,unknown,1.0,0,
niteflite.de,unknown,1.0,0,
empira-invest.com,unknown,1.0,0,
sifb.de,unknown,1.0,0,
passage-hamburg.de,unknown,1.0,0,
lm-ag.de,unknown,1.0,0,
schehadat.de,unknown,1.0,0,
bad-urach.de,unknown,1.0,0,
jahns.net,unknown,1.0,0,
abwasserverband-lbg.de,unknown,1.0,0,
hirschbihl.de,unknown,1.0,0,
alfatraining.com,unknown,1.0,0,
nallin.de,unknown,1.0,0,
dgu.ac.kr,unknown,1.0,0,
andreas-banai.de,unknown,1.0,0,
stassen.cx,unknown,1.0,0,
kiumi.agency,unknown,1.0,0,
heidenhain.de,unknown,1.0,0,
ucc.edu.gh,unknown,1.0,0,
masroor.de,unknown,1.0,0,
larsengel.net,unknown,1.0,0,
vekaria.eu,unknown,1.0,0,
wibowo.de,unknown,1.0,0,
dhc-gmbh.com,unknown,1.0,0,
bioeg.de,unknown,1.0,0,
avea.de,unknown,1.0,0,
stb-baumann.com,unknown,1.0,0,
michaelhauser.de,unknown,1.0,0,
cofortytwo.com,unknown,1.0,0,
bindan.group,unknown,1.0,0,
sarah-lappe.de,unknown,1.0,0,
sii-talents.de,unknown,1.0,0,
izaac.energy,unknown,1.0,0,
freedombits.de,unknown,1.0,0,
schuledomleschg.ch,unknown,1.0,0,
kathleenkoch.de,unknown,1.0,0,
hrheroes.de,unknown,1.0,0,
dicv-limburg.de,unknown,1.0,0,
passau.ihk.de,unknown,1.0,0,
lebenleben.de,unknown,1.0,0,
itpoint.ch,unknown,1.0,0,
kreativritzel.at,unknown,1.0,0,
daniel-zupan.de,unknown,1.0,0,
susannedrdla.at,unknown,1.0,0,
quedlinburg.de,unknown,1.0,0,
proxytel.de,unknown,1.0,0,
gyde.io,unknown,1.0,0,
stadt-schwerte.de,unknown,1.0,0,
benjamin-mueller.com,unknown,1.0,0,
edu.fhdw.de,unknown,1.0,0,
elldus.de,unknown,1.0,0,
kramer-dd.de,unknown,1.0,0,
der-chb.de,unknown,1.0,0,
pfaelzerwald.bv-pfalz.de,unknown,1.0,0,
gaggenau.de,unknown,1.0,0,
bad-waldsee.de,unknown,1.0,0,
achat5.com,unknown,1.0,0,
vicotec.de,unknown,1.0,0,
oldenburg-kreis.de,unknown,1.0,0,
coaching-wedemark.de,unknown,1.0,0,
knuddels.de,unknown,1.0,0,
luminance-health.com,unknown,1.0,0,
mls.kbs.schule,unknown,1.0,0,
email-to-me.de,unknown,1.0,0,
maier.in-berlin.de,unknown,1.0,0,
das-studio.de,unknown,1.0,0,
igepagroup.com,unknown,1.0,0,
erwinhymergroup.com,unknown,1.0,0,
praxis-bettina-ullrich.de,unknown,1.0,0,
thorsten-kempf.de,unknown,1.0,0,
abitatio.lu,unknown,1.0,0,
ap25.de,unknown,1.0,0,
global-aviation-services.com,unknown,1.0,0,
tubex-tube.com,unknown,1.0,0,
menzel.info,unknown,1.0,0,
firemail.de,unknown,1.0,0,
ovobri.com,unknown,1.0,0,
mundoazul.de,unknown,1.0,0,
porsche.digital,unknown,1.0,0,
vergaberechtlerin.de,unknown,1.0,0,
stud.fh-kufstein.ac.at,unknown,1.0,0,
eurobiz-centar.com,unknown,1.0,0,
passt.cc,unknown,1.0,0,
sigel-lacke.de,unknown,1.0,0,
lba.hs-bremen.de,unknown,1.0,0,
stefanfranke.eu,unknown,1.0,0,
opentext.com,unknown,1.0,0,
eventim.de,unknown,1.0,0,
markus-stoehr.de,unknown,1.0,0,
mader.eu,unknown,1.0,0,
sandkamp.info,unknown,1.0,0,
tvoelkner.de,unknown,1.0,0,
allram-consulting.at,unknown,1.0,0,
opacc.ch,unknown,1.0,0,
rafas-law.de,unknown,1.0,0,
karinsteffens.de,unknown,1.0,0,
a-pfeifer.de,unknown,1.0,0,
landratsamt-hassberge.de,unknown,1.0,0,
arkar.de,unknown,1.0,0,
comma.at,unknown,1.0,0,
keysolution-it.com,unknown,1.0,0,
tielsch.de,unknown,1.0,0,
conzelmann301.de,unknown,1.0,0,
poechinger.com,unknown,1.0,0,
studierendenwerk.uni-siegen.de,unknown,1.0,0,
michael-schnell.de,unknown,1.0,0,
toccata-film.com,unknown,1.0,0,
mackat.de,unknown,1.0,0,
slowerbavaria.de,unknown,1.0,0,
acnadvisors.com,unknown,1.0,0,
dr-effertz.de,unknown,1.0,0,
schroeder-foto.de,unknown,1.0,0,
franziskaflegel.de,unknown,1.0,0,
henkelhiedl.com,unknown,1.0,0,
projectontime.de,unknown,1.0,0,
duongmail.de,unknown,1.0,0,
hk24.de,unknown,1.0,0,
knajzl.de,unknown,1.0,0,
fat-q.com,unknown,1.0,0,
bauscn.com,unknown,1.0,0,
zmnh.uni-hamburg.de,unknown,1.0,0,
pietschversichert.de,unknown,1.0,0,
weinriefer.org,unknown,1.0,0,
vaude.com,unknown,1.0,0,
lebenshilfemek.de,unknown,1.0,0,
cdd-beratung.de,unknown,1.0,0,
helmig-schaer.ch,unknown,1.0,0,
falkjanotta.de,unknown,1.0,0,
dr-rausch-ulm.de,unknown,1.0,0,
easylab.ai,unknown,1.0,0,
dirkjahn.com,unknown,1.0,0,
mleuv.brandenburg.de,unknown,1.0,0,
procise.com,unknown,1.0,0,
niclasen.de,unknown,1.0,0,
stadtteilauto.com,unknown,1.0,0,
hennigsdorf.de,unknown,1.0,0,
xu.de,unknown,1.0,0,
lwv-hessen.de,unknown,1.0,0,
hammsite.de,unknown,1.0,0,
mendiger.de,unknown,1.0,0,
econ.uni-frankfurt.de,unknown,1.0,0,
kollektiv-k.de,unknown,1.0,0,
anitagut.ch,unknown,1.0,0,
mindtrack-ecm.de,unknown,1.0,0,
dmfv.aero,unknown,1.0,0,
viterma.com,unknown,1.0,0,
schasimon.de,unknown,1.0,0,
stoz.de,unknown,1.0,0,
kakadusi.de,unknown,1.0,0,
intan.de,unknown,1.0,0,
barbararohm.de,unknown,1.0,0,
verkooyen.de,unknown,1.0,0,
team-kreuter.com,unknown,1.0,0,
dinkhauser.at,unknown,1.0,0,
cs.email,unknown,1.0,0,
lenderoth.de,unknown,1.0,0,
gaudemus.de,unknown,1.0,0,
adte.de,unknown,1.0,0,
f5url.com,unknown,1.0,0,
nbmbb.com,unknown,1.0,0,
peters-clan.de,unknown,1.0,0,
sager.ch,unknown,1.0,0,
regiopolregion-paderborn.de,unknown,1.0,0,
tascheit.de,unknown,1.0,0,
doc-hoppe.de,unknown,1.0,0,
florian-wever.com,unknown,1.0,0,
ulrichhoffmann.de,unknown,1.0,0,
heraeus.com,unknown,1.0,0,
heidjers-stadtwerke.de,unknown,1.0,0,
hendrikhaase.com,unknown,1.0,0,
alice.ch,unknown,1.0,0,
fkoog.de,unknown,1.0,0,
kja-lro.de,unknown,1.0,0,
ahfs.de,unknown,1.0,0,
roscher-net.de,unknown,1.0,0,
kath-akademie-bayern.de,unknown,1.0,0,
recht-smart.de,unknown,1.0,0,
sahre.de,unknown,1.0,0,
i-see-you.online,unknown,1.0,0,
cit-professionals.de,unknown,1.0,0,
ipost.at,unknown,1.0,0,
solencon.de,unknown,1.0,0,
mbfs-niesky.de,unknown,1.0,0,
calw.de,unknown,1.0,0,
blendowski.de,unknown,1.0,0,
akwien.at,unknown,1.0,0,
schloess.de,unknown,1.0,0,
candelaresi.de,unknown,1.0,0,
eww.at,unknown,1.0,0,
hoffmann-hausarzt.de,unknown,1.0,0,
base4it.com,unknown,1.0,0,
awo-sh.de,unknown,1.0,0,
transgourmet.de,unknown,1.0,0,
students.ffhs.ch,unknown,1.0,0,
cert-it.com,unknown,1.0,0,
von-gehlen.org,unknown,1.0,0,
papier-sprick.de,unknown,1.0,0,
pc-ab.de,unknown,1.0,0,
ests-freiburg.de,unknown,1.0,0,
digital-experts.com,unknown,1.0,0,
lrasw.de,unknown,1.0,0,
wbi.at,unknown,1.0,0,
ipu-ing.de,unknown,1.0,0,
gmu.edu,unknown,1.0,0,
eqs.com,unknown,1.0,0,
synthosgroup.com,unknown,1.0,0,
dias-service.de,unknown,1.0,0,
paradeiser.org,unknown,1.0,0,
haltec.de,unknown,1.0,0,
kisruptiv.de,unknown,1.0,0,
verwaltung.uni-regensburg.de,unknown,1.0,0,
sbadak.net,unknown,1.0,0,
dinslaken.de,unknown,1.0,0,
be-zeebra.de,unknown,1.0,0,
stbk-hessen.de,unknown,1.0,0,
netzproduzenten.de,unknown,1.0,0,
3s.co.at,unknown,1.0,0,
bugslock.at,unknown,1.0,0,
leibniz-gemeinschaft.de,unknown,1.0,0,
chevron.group,unknown,1.0,0,
erzbistum-koeln.de,unknown,1.0,0,
elfero.ch,unknown,1.0,0,
timo-pregler.de,unknown,1.0,0,
harinv.com,unknown,1.0,0,
m-stickel.de,unknown,1.0,0,
infratest-dimap.de,unknown,1.0,0,
ohofer-verband.de,unknown,1.0,0,
mail.muni.cz,unknown,1.0,0,
pirna.de,unknown,1.0,0,
audimedes.de,unknown,1.0,0,
jens-gaertner.de,unknown,1.0,0,
weber-bs.biz,unknown,1.0,0,
schulen-huenenberg.ch,unknown,1.0,0,
volksbankwien.at,unknown,1.0,0,
franken-online.de,unknown,1.0,0,
schleswig-flensburg.de,unknown,1.0,0,
aschaffenburg.de,unknown,1.0,0,
paedagogika.com,unknown,1.0,0,
nuzzos.de,unknown,1.0,0,
jduckstein.de,unknown,1.0,0,
chefsculinar.de,unknown,1.0,0,
pforzheim.ihk.de,unknown,1.0,0,
altra-sh.ch,unknown,1.0,0,
bb-parkhaus.de,unknown,1.0,0,
embarc.de,unknown,1.0,0,
life-for-life-solutions.com,unknown,1.0,0,
gravurtechnik.at,unknown,1.0,0,
marleschuhmann.de,unknown,1.0,0,
dos-online.de,unknown,1.0,0,
kabesa.de,unknown,1.0,0,
gemeinde-muecke.de,unknown,1.0,0,
esg-consulting.com,unknown,1.0,0,
agb-geruestbau.at,unknown,1.0,0,
jsch.in,unknown,1.0,0,
alpenverein-schwaben.de,unknown,1.0,0,
csbht.de,unknown,1.0,0,
fablabpoliba.org,unknown,1.0,0,
flowtec.at,unknown,1.0,0,
de.wocogroup.com,unknown,1.0,0,
musicks.de,unknown,1.0,0,
ghavami.com,unknown,1.0,0,
wlb-stuttgart.de,unknown,1.0,0,
paulizei.eu,unknown,1.0,0,
8020.eco,unknown,1.0,0,
weizenbaum-institut.de,unknown,1.0,0,
alpinedata.de,unknown,1.0,0,
bezreg-koeln.nrw.de,unknown,1.0,0,
h-hotels.com,unknown,1.0,0,
straub-straub.de,unknown,1.0,0,
aivillage.de,unknown,1.0,0,
chemie.uni-halle.de,unknown,1.0,0,
diakonie-kropp.de,unknown,1.0,0,
bvcd.de,unknown,1.0,0,
schmerzmedizin.berlin,unknown,1.0,0,
enzkreis.de,unknown,1.0,0,
hochtaunuskreis.de,unknown,1.0,0,
metzingen.de,unknown,1.0,0,
d-velop.de,unknown,1.0,0,
anne-ostermann.ch,unknown,1.0,0,
achern.de,unknown,1.0,0,
igersheim.de,unknown,1.0,0,
kbz.ekiba.de,unknown,1.0,0,
schick.name,unknown,1.0,0,
annaberg-buchholz.de,unknown,1.0,0,
apian.de,unknown,1.0,0,
ueberlingen.de,unknown,1.0,0,
schaaf-federn.de,unknown,1.0,0,
lfb.rwth-aachen.de,unknown,1.0,0,
borgmann-home.de,unknown,1.0,0,
zelisko.de,unknown,1.0,0,
jni.de,unknown,1.0,0,
frankrother.de,unknown,1.0,0,
oncotec.de,unknown,1.0,0,
analytics-translator.com,unknown,1.0,0,
aixbrain.de,unknown,1.0,0,
karbasova.de,unknown,1.0,0,
netkin.de,unknown,1.0,0,
stebich.de,unknown,1.0,0,
alpenverein.at,unknown,1.0,0,
sigikid.de,unknown,1.0,0,
praesentare.com,unknown,1.0,0,
forst.co,unknown,1.0,0,
hg-transport.de,unknown,1.0,0,
fosbos-straubing.de,unknown,1.0,0,
ichwillsenf.de,unknown,1.0,0,
amler.de,unknown,1.0,0,
burrenkopf.de,unknown,1.0,0,
thomas-skipwith.com,unknown,1.0,0,
vih.ch,unknown,1.0,0,
secure-io.de,unknown,1.0,0,
mionline.ch,unknown,1.0,0,
landratsamt-heilbronn.de,unknown,1.0,0,
go-flux.de,unknown,1.0,0,
sigrunrossmanith.at,unknown,1.0,0,
megaherz.org,unknown,1.0,0,
ai-mag.de,unknown,1.0,0,
fosbospan.de,unknown,1.0,0,
telonic.de,unknown,1.0,0,
genelin.de,unknown,1.0,0,
lemgo.de,unknown,1.0,0,
germersheim.eu,unknown,1.0,0,
jmnovak.de,unknown,1.0,0,
trigon-schweiz.ch,unknown,1.0,0,
edusparks.de,unknown,1.0,0,
ifm.com,unknown,1.0,0,
melscorner.de,unknown,1.0,0,
pricegh.com,unknown,1.0,0,
contesto.com,unknown,1.0,0,
osterode.de,unknown,1.0,0,
wendorf-beratung.de,unknown,1.0,0,
villabambini.de,unknown,1.0,0,
schlafgestoert.de,unknown,1.0,0,
berkenberg.com,unknown,1.0,0,
skurrr.de,unknown,1.0,0,
bluboks-berlin.de,unknown,1.0,0,
jensseiler.de,unknown,1.0,0,
sprind.org,unknown,1.0,0,
gs-groeditz.lernsax.de,unknown,1.0,0,
lrworld.com,unknown,1.0,0,
ijab.de,unknown,1.0,0,
marketconsult.de,unknown,1.0,0,
oststeinbek.de,unknown,1.0,0,
combinary.net,unknown,1.0,0,
tex-holding.com,unknown,1.0,0,
green-news.eu,unknown,1.0,0,
knowledgeriver.com,unknown,1.0,0,
caritas-gladbeck.de,unknown,1.0,0,
eurogroup.at,unknown,1.0,0,
eilert-akademie.de,unknown,1.0,0,
praxis-stetter.de,unknown,1.0,0,
bao-nguyen.com,unknown,1.0,0,
gruenbau-dortmund.de,unknown,1.0,0,
ush.bayern.de,unknown,1.0,0,
geos3d.com,unknown,1.0,0,
kesternich.de,unknown,1.0,0,
qseidon.de,unknown,1.0,0,
econ.uzh.ch,unknown,1.0,0,
isabellebeer.com,unknown,1.0,0,
arau.io,unknown,1.0,0,
gfa-public.de,unknown,1.0,0,
hopp-foundation.de,unknown,1.0,0,
chiemgau-net.de,unknown,1.0,0,
the-pilgrim.de,unknown,1.0,0,
zhdk.ch,unknown,1.0,0,
numerikjena.de,unknown,1.0,0,
hccaustria.at,unknown,1.0,0,
plauen.de,unknown,1.0,0,
susanne-walker.de,unknown,1.0,0,
ambifox.com,unknown,1.0,0,
interintra.com,unknown,1.0,0,
vukic.at,unknown,1.0,0,
viral-nrw.de,unknown,1.0,0,
caritas-duesseldorf.de,unknown,1.0,0,
osteopathieinhamburg.de,unknown,1.0,0,
radun.de,unknown,1.0,0,
raquest.tax,unknown,1.0,0,
bgrci.de,unknown,1.0,0,
doubleslash.de,unknown,1.0,0,
beekmann.org,unknown,1.0,0,
nextvital.de,unknown,1.0,0,
schenker.so,unknown,1.0,0,
gyki.de,unknown,1.0,0,
ztm.de,unknown,1.0,0,
vdhude.de,unknown,1.0,0,
althans-recker.de,unknown,1.0,0,
zsam-raumkonzepte.de,unknown,1.0,0,
afropa.org,unknown,1.0,0,
kantz.de,unknown,1.0,0,
huegli-vass.ch,unknown,1.0,0,
paulakammer.de,unknown,1.0,0,
ksverbund.de,unknown,1.0,0,
jagibonn.de,unknown,1.0,0,
oelmaier.eu,unknown,1.0,0,
kombia.de,unknown,1.0,0,
laufweg.ch,unknown,1.0,0,
c-l-b.de,unknown,1.0,0,
lebenshilfe-bamberg.de,unknown,1.0,0,
radhaus.de,unknown,1.0,0,
betterleading.de,unknown,1.0,0,
kongju.ac.kr,unknown,1.0,0,
angloher-consulting.de,unknown,1.0,0,
sawatzki.de,unknown,1.0,0,
xbyte.at,unknown,1.0,0,
adamhall.com,unknown,1.0,0,
miriam-wolf-beratung.de,unknown,1.0,0,
silkeschiemann.com,unknown,1.0,0,
graf-schulenburg.de,unknown,1.0,0,
uvex.de,unknown,1.0,0,
eltville.de,unknown,1.0,0,
kernspinzentrum.de,unknown,1.0,0,
sitb.ch,unknown,1.0,0,
diederich.digital,unknown,1.0,0,
crif.com,unknown,1.0,0,
kreschel.de,unknown,1.0,0,
dennisvedder-consulting.de,unknown,1.0,0,
antichef.net,unknown,1.0,0,
kvernelandgroup.com,unknown,1.0,0,
wissenswerkstadt.de,unknown,1.0,0,
soziologie.rwth-aachen.de,unknown,1.0,0,
eugengeyer.de,unknown,1.0,0,
tenhoove.eu,unknown,1.0,0,
gwvs.de,unknown,1.0,0,
fela.ch,unknown,1.0,0,
apm-ag.de,unknown,1.0,0,
mailanmueller.de,unknown,1.0,0,
thaler.com.de,unknown,1.0,0,
imu-berlin.de,unknown,1.0,0,
zebus-ev.de,unknown,1.0,0,
europ-assistance.de,unknown,1.0,0,
hmfg.hessen.de,unknown,1.0,0,
enbet-consulting.de,unknown,1.0,0,
berchtesgaden.de,unknown,1.0,0,
stadtwerke-forchheim.de,unknown,1.0,0,
bw.schule,unknown,1.0,0,
schulmeister.com,unknown,1.0,0,
verdina.ch,unknown,1.0,0,
treupo.de,unknown,1.0,0,
wuestpartner.com,unknown,1.0,0,
areteon.de,unknown,1.0,0,
katjawilms.de,unknown,1.0,0,
kruschinski.de,unknown,1.0,0,
altenheim-wahlscheid.de,unknown,1.0,0,
pm-mischenko.de,unknown,1.0,0,
vpp-consulting.de,unknown,1.0,0,
almawin.de,unknown,1.0,0,
emotion-ebikes.de,unknown,1.0,0,
florian-gerlach.net,unknown,1.0,0,
stw.rwth-aachen.de,unknown,1.0,0,
solj.de,unknown,1.0,0,
codecentric.de,unknown,1.0,0,
nexbrain.de,unknown,1.0,0,
llg-giessen.de,unknown,1.0,0,
teamgrimpe.de,unknown,1.0,0,
alzey-worms.de,unknown,1.0,0,
thaler-familie.de,unknown,1.0,0,
yksl-holding.de,unknown,1.0,0,
soziale-arbeit.at,unknown,1.0,0,
intmig.berlin.de,unknown,1.0,0,
debizet.de,unknown,1.0,0,
greulich.org,unknown,1.0,0,
schachtschabel.net,unknown,1.0,0,
translogmarketing.de,unknown,1.0,0,
gebhardt.engineering,unknown,1.0,0,
ipackthefuture.com,unknown,1.0,0,
medeor.ch,unknown,1.0,0,
apolearn.com,unknown,1.0,0,
claudia-braeuer.de,unknown,1.0,0,
psh-bochum.de,unknown,1.0,0,
juventus.ch,unknown,1.0,0,
falktours.com,unknown,1.0,0,
wobben.net,unknown,1.0,0,
kidswelcome.de,unknown,1.0,0,
cbbl-lawyers.de,unknown,1.0,0,
rosenkeller.org,unknown,1.0,0,
zit-bb.brandenburg.de,unknown,1.0,0,
primepulse.de,unknown,1.0,0,
nossen.de,unknown,1.0,0,
kultur-texte-beratung.de,unknown,1.0,0,
doerken.de,unknown,1.0,0,
naymspace.de,unknown,1.0,0,
win.tu-berlin.de,unknown,1.0,0,
aranega.de,unknown,1.0,0,
praxis-tilmann-mueller.de,unknown,1.0,0,
agentur-goldkind.de,unknown,1.0,0,
mapal.com,unknown,1.0,0,
bmftr.bund.de,unknown,1.0,0,
psw.audi.de,unknown,1.0,0,
sit.nrw,unknown,1.0,0,
wetteraukreis.de,unknown,1.0,0,
hp-brigittaschubert.de,unknown,1.0,0,
reil-online.de,unknown,1.0,0,
docferger.de,unknown,1.0,0,
querbach.nrw,unknown,1.0,0,
setu.ie,unknown,1.0,0,
ipn.mx,unknown,1.0,0,
vgcochem.de,unknown,1.0,0,
tanjalepczynski.de,unknown,1.0,0,
nrwbank.de,unknown,1.0,0,
haude.at,unknown,1.0,0,
brg-schoren.at,unknown,1.0,0,
jan.ruhr,unknown,1.0,0,
roenneberg.org,unknown,1.0,0,
goettert-sb.de,unknown,1.0,0,
eastsidefab.de,unknown,1.0,0,
bit.admin.ch,unknown,1.0,0,
svp.de,unknown,1.0,0,
ludwigsburg.de,unknown,1.0,0,
bizad.de,unknown,1.0,0,
lenicura.de,unknown,1.0,0,
ich-will-net.de,unknown,1.0,0,
senst.info,unknown,1.0,0,
lebenshilfe-bayern.de,unknown,1.0,0,
vacucast.de,unknown,1.0,0,
isny.de,unknown,1.0,0,
vishwavidyapeeth.edu.in,India,1.0,0,
wbsedu.de,unknown,1.0,0,
mondragon.edu,Spain,2.0,Mondragon University,
student.hrheroes.de,unknown,1.0,0,
vhs-ol.de,unknown,1.0,0,
student.pb.edu.pl,Poland,2.0,Bialystok University of Technology,
nilswiere.de,unknown,1.0,0,
vhs-goetzis.at,unknown,1.0,0,
sakarya.edu.tr,Turkey,2.0,Sakarya University,
joseph-christian-schule.de,unknown,1.0,0,
unipegaso.it,Italy,2.0,Pegaso Telematic University,
rz.smf.sachsen.de,unknown,1.0,0,
judithsachs.de,unknown,1.0,0,
delphin-online.com,unknown,1.0,0,
stud.phwien.ac.at,Austria,2.0,PÃ¤dagogische Hochschule Wien,
sabanciuniv.edu,Turkey,2.0,Sabanci University,
fresenius-fhs.de,unknown,1.0,0,
lvkita.de,unknown,1.0,0,
radiolukas.de,unknown,1.0,0,
hsv.de,unknown,1.0,0,
foerde-vhs.de,unknown,1.0,0,
thoughtworks.com,unknown,1.0,0,
ahs-wienwest.at,unknown,1.0,0,
kommunit.de,unknown,1.0,0,
stephan-roth-schule.de,unknown,1.0,0,
crailsheim.de,unknown,1.0,0,
vhs-verband-mv.de,unknown,1.0,0,
lions-nachwuchs.ch,unknown,1.0,0,
vhs.at,unknown,1.0,0,
rlsb-h.niedersachsen.de,unknown,1.0,0,
ifhkoeln.de,unknown,1.0,0,
hla-bruchsal.de,unknown,1.0,0,
unicepta.com,unknown,1.0,0,
gewi-ehst.de,unknown,1.0,0,
cs-campus.de,unknown,1.0,0,
statistik.niedersachsen.de,unknown,1.0,0,
humanistische-hochschule-berlin.de,Germany,2.0,Humanistische Hochschule Berlin,
lds.sachsen.de,unknown,1.0,0,
sachsen-anhalt-lotto.de,unknown,1.0,0,
bairischstew.com,unknown,1.0,0,
gm.ym.edu.tw,Taiwan,2.0,National Yang Ming Chiao Tung University,
appsphere.com,unknown,1.0,0,
itmunich.de,unknown,1.0,0,
claudiusbrodmann.com,unknown,1.0,0,
amt-haddeby.de,unknown,1.0,0,
bibliotheksverband.de,unknown,1.0,0,
gamil.com,unknown,1.0,0,
barongeisler.de,unknown,1.0,0,
gmail.con,unknown,1.0,0,
eaze.de,unknown,1.0,0,
hattersheim.de,unknown,1.0,0,
kvn.de,unknown,1.0,0,
pio.de,unknown,1.0,0,
wpno.de,unknown,1.0,0,
wellcome-online.de,unknown,1.0,0,
gkds.bayern,unknown,1.0,0,
bs-fr.seminar-bw.de,unknown,1.0,0,
landratsamt-pirna.de,unknown,1.0,0,
mohag.de,unknown,1.0,0,
siegen.de,unknown,1.0,0,
iteracon.de,unknown,1.0,0,
dlgi.de,unknown,1.0,0,
rh.berlin.de,unknown,1.0,0,
wolters-und-endres.de,unknown,1.0,0,
donaueschingen.de,unknown,1.0,0,
wimex-group.com,unknown,1.0,0,
fibaa.org,unknown,1.0,0,
fra-uas.de,unknown,1.0,0,
kreis-erz.de,unknown,1.0,0,
evang-altenheim-lohmar.de,unknown,1.0,0,
izm.fraunhofer.de,unknown,1.0,0,
schmidt-heilbronn.de,unknown,1.0,0,
zfsl-lv.de,unknown,1.0,0,
underdock.net,unknown,1.0,0,
vitamin-b2.com,unknown,1.0,0,
seninnsport.berlin.de,unknown,1.0,0,
hotmail.co.uk,unknown,1.0,0,
stadt-meissen.de,unknown,1.0,0,
bundesimmobilien.de,unknown,1.0,0,
stala.bwl.de,unknown,1.0,0,
kenjo.io,unknown,1.0,0,
ingrano-solutions.com,unknown,1.0,0,
rendsburg.de,unknown,1.0,0,
caritas-ahaus-vreden.de,unknown,1.0,0,
woehrle.de,unknown,1.0,0,
ifg.uni-kiel.de,unknown,1.0,0,
tu-freiberg.de,unknown,1.0,0,
khm.de,unknown,1.0,0,
pz.uni-kiel.de,unknown,1.0,0,
illutrade.com,unknown,1.0,0,
zv.uni-siegen.de,unknown,1.0,0,
law.uni-kiel.de,unknown,1.0,0,
toenning.de,unknown,1.0,0,
andys.cc,unknown,1.0,0,
toll-collect.de,unknown,1.0,0,
ece.com,unknown,1.0,0,
aerzteverlag.de,unknown,1.0,0,
bmbfsfj.bund.de,unknown,1.0,0,
rpk.bwl.de,unknown,1.0,0,
iclaud.com,unknown,1.0,0,
berlincert.de,unknown,1.0,0,
bsz-roth.de,unknown,1.0,0,
electroterminal.com,unknown,1.0,0,
seeburger.com,unknown,1.0,0,
pich-bucher.de,unknown,1.0,0,
medicode.de,unknown,1.0,0,
caso.wtf,unknown,1.0,0,
netz-nrw.de,unknown,1.0,0,
m-k-b.de,unknown,1.0,0,
sz-ybbs.ac.at,unknown,1.0,0,
gemeinde-ense.de,unknown,1.0,0,
profidoc.de,unknown,1.0,0,
salus.de,unknown,1.0,0,
it-pi.de,unknown,1.0,0,
einrichtungspartnerring.com,unknown,1.0,0,
kunsthalle-kiel.de,unknown,1.0,0,
anglistik.uni-kiel.de,unknown,1.0,0,
paderborn.de,unknown,1.0,0,
senconnect.de,unknown,1.0,0,
mshart.at,unknown,1.0,0,
pro-medtech.de,unknown,1.0,0,
mindandflow.de,unknown,1.0,0,
dgap.org,unknown,1.0,0,
bischoff-ibb.de,unknown,1.0,0,
martinus.at,unknown,1.0,0,
rosentalerhof.at,unknown,1.0,0,
jamie-lee-arnold.com,unknown,1.0,0,
sftech.gmbh,unknown,1.0,0,
xfab.com,unknown,1.0,0,
cbg-net.de,unknown,1.0,0,
heg-energie.de,unknown,1.0,0,
muissus.de,unknown,1.0,0,
fenstertechnik-brand.de,unknown,1.0,0,
go-sv.com,unknown,1.0,0,
bwl.uni-kiel.de,unknown,1.0,0,
erdem.de,unknown,1.0,0,
muellheim.de,unknown,1.0,0,
ecksteinpr.de,unknown,1.0,0,
sugameli-borchert.de,unknown,1.0,0,
pmi.org,unknown,1.0,0,
kunsmann.name,unknown,1.0,0,
ebersbach-neugersdorf.de,unknown,1.0,0,
ipsyscon.de,unknown,1.0,0,
sak-loerrach.de,unknown,1.0,0,
thury.eu,unknown,1.0,0,
go-holding.de,unknown,1.0,0,
mardini.de,unknown,1.0,0,
gywem.de,unknown,1.0,0,
krutke.de,unknown,1.0,0,
agg-goslar.de,unknown,1.0,0,
kolbermoor.de,unknown,1.0,0,
agentur-bauwerk.de,unknown,1.0,0,
amazon.de,unknown,1.0,0,
lfs.saarland.de,unknown,1.0,0,
weil-am-rhein.de,unknown,1.0,0,
h365.de,unknown,1.0,0,
gesamtschule-mechernich.de,unknown,1.0,0,
agfw-hamburg.de,unknown,1.0,0,
luenen.de,unknown,1.0,0,
hielscher.dev,unknown,1.0,0,
niedersuess.me,unknown,1.0,0,
srolf.de,unknown,1.0,0,
heinroth.net,unknown,1.0,0,
dietrich-ffm.de,unknown,1.0,0,
parlison-code-couture.cloud,unknown,1.0,0,
heinsebastian.de,unknown,1.0,0,
ki4b.de,unknown,1.0,0,
bausch.com,unknown,1.0,0,
hotmail.be,unknown,1.0,0,
itc-germany.com,unknown,1.0,0,
ista-swiss.ch,unknown,1.0,0,
dawanda.com,unknown,1.0,0,
lesprenger.de,unknown,1.0,0,
wb.uzh.ch,unknown,1.0,0,
radiosaw.de,unknown,1.0,0,
hlsberlin.de,unknown,1.0,0,
verwaltungsschule.bremen.de,unknown,1.0,0,
cribss.de,unknown,1.0,0,
diegillmanns.de,unknown,1.0,0,
christerer.com,unknown,1.0,0,
theol.uni-kiel.de,unknown,1.0,0,
pfennigparade.de,unknown,1.0,0,
audius.de,unknown,1.0,0,
mullermartini.com,unknown,1.0,0,
buergerstiftung-hamburg.de,unknown,1.0,0,
avionic-software.de,unknown,1.0,0,
sus.schule-bremgarten.ch,unknown,1.0,0,
leibniz-psychology.org,unknown,1.0,0,
leibniz-psychology.ord,unknown,1.0,0,
gemeinde-sylt.de,unknown,1.0,0,
vdi-garage.de,unknown,1.0,0,
gisinger.de,unknown,1.0,0,
vulkan-brauerei.de,unknown,1.0,0,
gski.de,unknown,1.0,0,
steginkgroup.de,unknown,1.0,0,
krankenhaus-kiel.de,unknown,1.0,0,
lageso.berlin.de,unknown,1.0,0,
kerstin-lefevre.de,unknown,1.0,0,
bwt.coach,unknown,1.0,0,
mitteldithmarschen.de,unknown,1.0,0,
schwarz-rauchfang.at,unknown,1.0,0,
amt-marne-nordsee.de,unknown,1.0,0,
eschwege-rathaus.de,unknown,1.0,0,
neumann-arbeitssicherheit.de,unknown,1.0,0,
edu.gess.sg,unknown,1.0,0,
koordinierungsstelle-sh.de,unknown,1.0,0,
kath-kirche-lg.de,unknown,1.0,0,
tuv.com,unknown,1.0,0,
bt.com,unknown,1.0,0,
sk-project.de,unknown,1.0,0,
katharina-kiene.de,unknown,1.0,0,
gardascuola.it,unknown,1.0,0,
morgenundmorgen.de,unknown,1.0,0,
ravati.de,unknown,1.0,0,
gemeinschaftsdienst.de,unknown,1.0,0,
leibniz-fli.de,unknown,1.0,0,
landkreiskassel.de,unknown,1.0,0,
hts9.de,unknown,1.0,0,
statistical-thinking.de,unknown,1.0,0,
acvgmbh.de,unknown,1.0,0,
caritas-steiermark.at,unknown,1.0,0,
kleve.de,unknown,1.0,0,
outlook.co.il,unknown,1.0,0,
gesamtschule-weitblick.org,unknown,1.0,0,
afz-rostock.de,unknown,1.0,0,
kraichtal.de,unknown,1.0,0,
owl-it.de,unknown,1.0,0,
maasberg.org,unknown,1.0,0,
infa.de,unknown,1.0,0,
cpi-duesseldorf.de,unknown,1.0,0,
nomos.de,unknown,1.0,0,
opr.de,unknown,1.0,0,
mauritius-gymnasium.de,unknown,1.0,0,
ekcomp-it.de,unknown,1.0,0,
jvahdr.berlin.de,unknown,1.0,0,
dashdock.app,unknown,1.0,0,
tirol.gv.at,unknown,1.0,0,
enertrag.com,unknown,1.0,0,
bildung-tirol.at,unknown,1.0,0,
denkstroeme.com,unknown,1.0,0,
webtopps.de,unknown,1.0,0,
windhager.eu,unknown,1.0,0,
skorebee.com,unknown,1.0,0,
thorstenbuescher.de,unknown,1.0,0,
vcon.at,unknown,1.0,0,
fach-werk-minden.de,unknown,1.0,0,
kbs-mg.de,unknown,1.0,0,
studiclub.de,unknown,1.0,0,
femnet.de,unknown,1.0,0,
europace-ratenkredit.de,unknown,1.0,0,
kstc.de,unknown,1.0,0,
leopoldlorenz.com,unknown,1.0,0,
bit-storage.de,unknown,1.0,0,
neuform-tuer.de,unknown,1.0,0,
danielbomsdorf.de,unknown,1.0,0,
barmherzige-muenchen.de,unknown,1.0,0,
bp-con.de,unknown,1.0,0,
famschnepf.de,unknown,1.0,0,
landkreis-tuttlingen.de,unknown,1.0,0,
perfektimweb.de,unknown,1.0,0,
ssk-consult.de,unknown,1.0,0,
fosbos-erlangen.de,unknown,1.0,0,
paseo-lab.org,unknown,1.0,0,
esztermann.de,unknown,1.0,0,
suslangnau.ch,unknown,1.0,0,
wuerzler.de,unknown,1.0,0,
voehlin.de,unknown,1.0,0,
sgw.logineo.de,unknown,1.0,0,
researchinstitute.at,unknown,1.0,0,
dje.de,unknown,1.0,0,
porsche-design.de,unknown,1.0,0,
bergzeit.de,unknown,1.0,0,
com2you-biwak.de,unknown,1.0,0,
praxisoberstadt.de,unknown,1.0,0,
dierk.net,unknown,1.0,0,
bs-hof.de,unknown,1.0,0,
unu.edu,unknown,1.0,0,
miethke.com,unknown,1.0,0,
efields.eu,unknown,1.0,0,
govradar.net,unknown,1.0,0,
gmial.com,unknown,1.0,0,
anlei-service.de,unknown,1.0,0,
bmfsfj.de,unknown,1.0,0,
tadge.de,unknown,1.0,0,
cegom.de,unknown,1.0,0,
rehburg.net,unknown,1.0,0,
learnattack.de,unknown,1.0,0,
cristout.com,unknown,1.0,0,
arbeitsbuehne-e.de,unknown,1.0,0,
careco.de,unknown,1.0,0,
se-medien.de,unknown,1.0,0,
eins.de,unknown,1.0,0,
stundent.kit.edu,unknown,1.0,0,
moelln.de,unknown,1.0,0,
baind.de,unknown,1.0,0,
nzwl.de,unknown,1.0,0,
mpz-dresden.de,unknown,1.0,0,
fschaefer.de,unknown,1.0,0,
pachlatko.com,unknown,1.0,0,
sabine-rieker.de,unknown,1.0,0,
stadtbetrieb-wetter.de,unknown,1.0,0,
t-werk.eu,unknown,1.0,0,
sgb.nrw.schule,unknown,1.0,0,
ihr-anwalt.com,unknown,1.0,0,
snpj.de,unknown,1.0,0,
anders-sehn.de,unknown,1.0,0,
metatip.tr,unknown,1.0,0,
straumann.com,unknown,1.0,0,
bew-zukunft.de,unknown,1.0,0,
ba-ts.berlin.de,unknown,1.0,0,
hummelt.de,unknown,1.0,0,
hexamain.group,unknown,1.0,0,
michael-bontke.de,unknown,1.0,0,
senconnect.iot.de,unknown,1.0,0,
agor-legal.com,unknown,1.0,0,
impag.de,unknown,1.0,0,
klinikum-amberg.de,unknown,1.0,0,
xoppy.de,unknown,1.0,0,
vannix.com,unknown,1.0,0,
insurlab-germany.com,unknown,1.0,0,
fahrenkrug-pages.de,unknown,1.0,0,
drk-brilon.de,unknown,1.0,0,
helming-sohn.de,unknown,1.0,0,
viridire.com,unknown,1.0,0,
bzi.ch,unknown,1.0,0,
leifeldms.com,unknown,1.0,0,
kluth-hh.de,unknown,1.0,0,
syscovery.de,unknown,1.0,0,
altstetter.org,unknown,1.0,0,
poppenberg-gartentechnik.de,unknown,1.0,0,
wertara.de,unknown,1.0,0,
extern.dhbw-heidenheim.de,Germany,2.0,DHBW,
coface.com,unknown,1.0,0,
rvr.ruhr,unknown,1.0,0,
p.de,unknown,1.0,0,
lu-ptuj.si,unknown,1.0,0,
zugerklassen.ch,unknown,1.0,0,
gfg-rostock.de,unknown,1.0,0,
ms-gegendtal.ksn.at,unknown,1.0,0,
didaktech.de,unknown,1.0,0,
class-software.de,unknown,1.0,0,
gesundheitswelt.de,unknown,1.0,0,
bautechnikum.at,unknown,1.0,0,
winschulen.ch,unknown,1.0,0,
doloresomann.com,unknown,1.0,0,
lopicon.de,unknown,1.0,0,
law-service.online,unknown,1.0,0,
wiacon.de,unknown,1.0,0,
gymfitnessworld.de,unknown,1.0,0,
lwbau.net,unknown,1.0,0,
beckum.de,unknown,1.0,0,
math.uni-paderborn.de,unknown,1.0,0,
deutsche-alzheimer.de,unknown,1.0,0,
senecca.de,unknown,1.0,0,
freie-naturschulen.de,unknown,1.0,0,
psychologie.uni-kiel.de,unknown,1.0,0,
kreismedienzentrum.de,unknown,1.0,0,
insight-health.de,unknown,1.0,0,
be-terna.com,unknown,1.0,0,
barmherzige-reichenbach.de,unknown,1.0,0,
ebvit.de,unknown,1.0,0,
pmondemand.de,unknown,1.0,0,
klusemann.at,unknown,1.0,0,
brigittehackl.com,unknown,1.0,0,
r211-agentur.de,unknown,1.0,0,
biebl.bayern,unknown,1.0,0,
baxima.com,unknown,1.0,0,
improve-x.de,unknown,1.0,0,
vrabek.de,unknown,1.0,0,
kws.com,unknown,1.0,0,
coach24.me,unknown,1.0,0,
iserv-sittensen.de,unknown,1.0,0,
stiftungsschulamt.drs.de,unknown,1.0,0,
stadt-hamminkeln.de,unknown,1.0,0,
ba-mh.berlin.de,unknown,1.0,0,
kwi.ch,unknown,1.0,0,
gmail.co,unknown,1.0,0,
study.katho.nrw.de,unknown,1.0,0,
hmail.com,unknown,1.0,0,
bauderfilm.de,unknown,1.0,0,
safari-consulting.de,unknown,1.0,0,
kurmail.ch,unknown,1.0,0,
forst.bwl.de,unknown,1.0,0,
rki.de,unknown,1.0,0,
breffka-hehnke.de,unknown,1.0,0,
reimanntextiles.com,unknown,1.0,0,
ggbearings.com,unknown,1.0,0,
wellhoefer-mediation.com,unknown,1.0,0,
tag24.de,unknown,1.0,0,
samail.uni-koeln.de,unknown,1.0,0,
statsoft.de,unknown,1.0,0,
wirundki.com,unknown,1.0,0,
peterwild.de,unknown,1.0,0,
emden.de,unknown,1.0,0,
godyo.com,unknown,1.0,0,
fit.hcmus.edu.vn,unknown,1.0,0,
ww-neufahrn.de,unknown,1.0,0,
minddoc.de,unknown,1.0,0,
die-optimisten.net,unknown,1.0,0,
witt-consult.de,unknown,1.0,0,
schule-grosswangen.ch,unknown,1.0,0,
paints.de,unknown,1.0,0,
caidao.de,unknown,1.0,0,
holy.bayern,unknown,1.0,0,
schmitt.wtf,unknown,1.0,0,
kabelplus.at,unknown,1.0,0,
astrid-hochbahn.de,unknown,1.0,0,
tece.de,unknown,1.0,0,
klsmartin.com,unknown,1.0,0,
ruegg.swiss,unknown,1.0,0,
hessisch-lichtenau.de,unknown,1.0,0,
kutsekoda.ee,unknown,1.0,0,
p3-group.com,unknown,1.0,0,
subtik.de,unknown,1.0,0,
glashuette.com,unknown,1.0,0,
stuenkel-it.de,unknown,1.0,0,
gsgmbh.de,unknown,1.0,0,
ilv.uni-kiel.de,unknown,1.0,0,
wwfint.org,unknown,1.0,0,
gws-mk.de,unknown,1.0,0,
storybookstudios.ai,unknown,1.0,0,
affental.de,unknown,1.0,0,
web-siegel.de,unknown,1.0,0,
caverion.com,unknown,1.0,0,
merlehagedorn.de,unknown,1.0,0,
webart-workers.de,unknown,1.0,0,
jens-gottwald.de,unknown,1.0,0,
casagrande-online.de,unknown,1.0,0,
julianeburmester.com,unknown,1.0,0,
fellner-web.de,unknown,1.0,0,
ilu-ev.de,unknown,1.0,0,
goethe.mg,unknown,1.0,0,
optimedia-online.de,unknown,1.0,0,
cms-basel.ch,unknown,1.0,0,
fourenergy.de,unknown,1.0,0,
dervermittler.at,unknown,1.0,0,
ctt-zentrale.de,unknown,1.0,0,
do-it-service.de,unknown,1.0,0,
forty-four.de,unknown,1.0,0,
insidedynamics.de,unknown,1.0,0,
kiry.de,unknown,1.0,0,
business-kokon.de,unknown,1.0,0,
jmc-services.de,unknown,1.0,0,
diako.de,unknown,1.0,0,
cretti.de,unknown,1.0,0,
hapev.de,unknown,1.0,0,
jjws.de,unknown,1.0,0,
bwfg.hamburg.de,unknown,1.0,0,
awo-lifebalance.de,unknown,1.0,0,
ifiz.uni-tuebingen.de,unknown,1.0,0,
iconel.de,unknown,1.0,0,
nordfriesland.de,unknown,1.0,0,
ertl.in,unknown,1.0,0,
hagenhoff.org,unknown,1.0,0,
vs-voglau.salzburg.at,unknown,1.0,0,
vivamosmejor.ch,unknown,1.0,0,
isfas.uni-kiel.de,unknown,1.0,0,
larbg.berlin.de,unknown,1.0,0,
cloeren.at,unknown,1.0,0,
suz.digital,unknown,1.0,0,
hiram-haus.de,unknown,1.0,0,
hersto.net,unknown,1.0,0,
torwart.de,unknown,1.0,0,
neuehrenfeld.com,unknown,1.0,0,
marburger-bund.de,unknown,1.0,0,
zois-berlin.de,unknown,1.0,0,
inti.de,unknown,1.0,0,
zib-online.net,unknown,1.0,0,
petersberg.de,unknown,1.0,0,
diasporahaus.de,unknown,1.0,0,
coaching-kathrinluebbert.de,unknown,1.0,0,
saint-elmos.com,unknown,1.0,0,
medienanstalt-rlp.de,unknown,1.0,0,
stamatov.de,unknown,1.0,0,
joerg-wienert.de,unknown,1.0,0,
uvhg.de,unknown,1.0,0,
wood-yoga.de,unknown,1.0,0,
agentur-polak.at,unknown,1.0,0,
poateo.de,unknown,1.0,0,
kreutzpointner.de,unknown,1.0,0,
sebastianschaefer.de,unknown,1.0,0,
nanoconsulting.de,unknown,1.0,0,
kdmes.org,unknown,1.0,0,
kehrel.net,unknown,1.0,0,
tompunet.de,unknown,1.0,0,
wilgenhof.de,unknown,1.0,0,
stranghoener.net,unknown,1.0,0,
noori.one,unknown,1.0,0,
grafik-amor.de,unknown,1.0,0,
svenbuedding.de,unknown,1.0,0,
enuna.eu,unknown,1.0,0,
tanja-dams.de,unknown,1.0,0,
emcbox.de,unknown,1.0,0,
miderma.de,unknown,1.0,0,
futurum.space,unknown,1.0,0,
woodpecker-finch.com,unknown,1.0,0,
sinnzentriert.de,unknown,1.0,0,
medientext.net,unknown,1.0,0,
itu.edu.pk,unknown,1.0,0,
walbee.de,unknown,1.0,0,
michael-paschen.de,unknown,1.0,0,
posteo.fi,unknown,1.0,0,
toolcraft.de,unknown,1.0,0,
nadinesyring.de,unknown,1.0,0,
nordmetall.de,unknown,1.0,0,
j-rasch.de,unknown,1.0,0,
krueger-sh.online,unknown,1.0,0,
starkauchohnemuckis.de,unknown,1.0,0,
knauf-interfer.com,unknown,1.0,0,
zanderarchitekten.de,unknown,1.0,0,
inwind.it,unknown,1.0,0,
holybimbam.com,unknown,1.0,0,
christianbrand.info,unknown,1.0,0,
quba-gmbh.de,unknown,1.0,0,
gbssg.ch,unknown,1.0,0,
bunviadi.ch,unknown,1.0,0,
moccamedia.com,unknown,1.0,0,
breitband.ch,unknown,1.0,0,
lutsch.cc,unknown,1.0,0,
gnx.de,unknown,1.0,0,
zoeller-matthias.de,unknown,1.0,0,
dieroeders.net,unknown,1.0,0,
hessenwasser.de,unknown,1.0,0,
steambatpictures.com,unknown,1.0,0,
saco.de,unknown,1.0,0,
rom-energietechnik.de,unknown,1.0,0,
schwedler.ws,unknown,1.0,0,
kimmerle-cc.com,unknown,1.0,0,
ilcoud.com,unknown,1.0,0,
af-sb.de,unknown,1.0,0,
digital-ease.de,unknown,1.0,0,
brillenversicherung.de,unknown,1.0,0,
molitor.eu,unknown,1.0,0,
camlata.com,unknown,1.0,0,
smail-th-koeln.de,unknown,1.0,0,
thomasw.de,unknown,1.0,0,
melaniezucker.com,unknown,1.0,0,
qemetica.com,unknown,1.0,0,
exciting.de,unknown,1.0,0,
kracheletz.de,unknown,1.0,0,
geschwill-it.de,unknown,1.0,0,
hkv.ch,unknown,1.0,0,
paritaet-bw.de,unknown,1.0,0,
dentsplysirona.com,unknown,1.0,0,
science-center-net.at,unknown,1.0,0,
stadt-kamen.de,unknown,1.0,0,
prontonet.eu,unknown,1.0,0,
in-motion.de,unknown,1.0,0,
stundenblu.me,unknown,1.0,0,
mp-fortbildung.de,unknown,1.0,0,
cogneon.de,unknown,1.0,0,
managerforte.com,unknown,1.0,0,
neudorff.de,unknown,1.0,0,
lce-mk.de,unknown,1.0,0,
mindful-leadership-coaching.de,unknown,1.0,0,
with.de,unknown,1.0,0,
wbs-gi.de,unknown,1.0,0,
imb-mainz.de,unknown,1.0,0,
heberer.de,unknown,1.0,0,
juandsocial.com,unknown,1.0,0,
eimsbuettel.hamburg.de,unknown,1.0,0,
muell.monster,unknown,1.0,0,
v-mn.de,unknown,1.0,0,
soalive.de,unknown,1.0,0,
wekido.de,unknown,1.0,0,
tanzfabrik-berlin.de,unknown,1.0,0,
schwaebe.eu,unknown,1.0,0,
kreis-steinfurt.de,unknown,1.0,0,
ert-gruppe.de,unknown,1.0,0,
gaia-group.com,unknown,1.0,0,
codefryx.de,unknown,1.0,0,
von-poll.com,unknown,1.0,0,
csikor.de,unknown,1.0,0,
fischer-ag.com,unknown,1.0,0,
daikinapplied.eu,unknown,1.0,0,
akb-fundraising.net,unknown,1.0,0,
keb-bayern.de,unknown,1.0,0,
evolvsys.com,unknown,1.0,0,
swk.kmk.org,unknown,1.0,0,
p-g-consult.de,unknown,1.0,0,
lelf.brandenburg.de,unknown,1.0,0,
dr-hanne.de,unknown,1.0,0,
wesernetz.de,unknown,1.0,0,
ndoor.de,unknown,1.0,0,
schetter.de,unknown,1.0,0,
golnick.de,unknown,1.0,0,
vasconcellos.net.br,unknown,1.0,0,
mbjs.brandenburg.de,unknown,1.0,0,
horiba.com,unknown,1.0,0,
its-a-boy.de,unknown,1.0,0,
wb-duisburg.de,unknown,1.0,0,
ifd.cologne,unknown,1.0,0,
blackwing-piano.de,unknown,1.0,0,
staatsoper-berlin.de,unknown,1.0,0,
joinpolitics.org,unknown,1.0,0,
hartrodt.com,unknown,1.0,0,
rhein-taunus-krematorium.de,unknown,1.0,0,
zpb.lu,unknown,1.0,0,
rehau.ventures,unknown,1.0,0,
bayreuther-naturheilpraxis.de,unknown,1.0,0,
porsche-chile.cl,unknown,1.0,0,
meboldt.com,unknown,1.0,0,
vest-and-page.de,unknown,1.0,0,
danzgruppe.de,unknown,1.0,0,
szm.berlin,unknown,1.0,0,
gpj.com,unknown,1.0,0,
vbkraichgau.de,unknown,1.0,0,
huef-nrw.de,unknown,1.0,0,
contra-riskmanagement.com,unknown,1.0,0,
orzanna.de,unknown,1.0,0,
shapefab.de,unknown,1.0,0,
eisoldt.net,unknown,1.0,0,
arbara.ch,unknown,1.0,0,
lubeconsulting.de,unknown,1.0,0,
hcm.uni-bonn.de,unknown,1.0,0,
mind.myzen.co.uk,unknown,1.0,0,
fdi-dm.de,unknown,1.0,0,
kirstenhohls.com,unknown,1.0,0,
sabine-dupont.de,unknown,1.0,0,
secucat.de,unknown,1.0,0,
porscche.de,unknown,1.0,0,
troetschler.com,unknown,1.0,0,
robokind.de,unknown,1.0,0,
frohloff.com,unknown,1.0,0,
technik-museum.de,unknown,1.0,0,
villakoch.de,unknown,1.0,0,
caritas-bildungswerk.de,unknown,1.0,0,
statistik-bbb.de,unknown,1.0,0,
dkfz-heidelber.de,unknown,1.0,0,
porsche.cn,unknown,1.0,0,
thienhaus.org,unknown,1.0,0,
dackermann.de,unknown,1.0,0,
emco.de,unknown,1.0,0,
habafamilygroup.com,unknown,1.0,0,
lbv.de,unknown,1.0,0,
ikb.de,unknown,1.0,0,
bbg-eberswalde.de,unknown,1.0,0,
ajw-legalconsulting.com,unknown,1.0,0,
janina-ruth-seo-sem.de,unknown,1.0,0,
porsche.com.au,unknown,1.0,0,
krause-systems.de,unknown,1.0,0,
re-design.de,unknown,1.0,0,
igad.rwth-aachen.de,unknown,1.0,0,
gww-wiesbaden.de,unknown,1.0,0,
limbachgruppe.com,unknown,1.0,0,
hypo-privat.com,unknown,1.0,0,
fsmt.de,unknown,1.0,0,
hoenemann-online.de,unknown,1.0,0,
al-auditmanagement.com,unknown,1.0,0,
wolfgang-wright.de,unknown,1.0,0,
tasysgmbh.de,unknown,1.0,0,
tc.de,unknown,1.0,0,
promota.de,unknown,1.0,0,
smail.th-keoln.de,unknown,1.0,0,
fh-guestrow.de,unknown,1.0,0,
umsicht.fraunhofer.de,unknown,1.0,0,
reg-opf.bayern.de,unknown,1.0,0,
tatjanabangerter.ch,unknown,1.0,0,
medlutions.de,unknown,1.0,0,
alpina.de,unknown,1.0,0,
3d-model.com,unknown,1.0,0,
isw.uni-stuttgart.de,unknown,1.0,0,
rct-onboarding.de,unknown,1.0,0,
kbzsg.ch,unknown,1.0,0,
acp.at,unknown,1.0,0,
s2020.tu-chemnitz.de,unknown,1.0,0,
laucken.de,unknown,1.0,0,
steudte.de,unknown,1.0,0,
tellkamp.eu,unknown,1.0,0,
rosentritt.ch,unknown,1.0,0,
ib-ko.de,unknown,1.0,0,
podhajsky.de,unknown,1.0,0,
qodox.com,unknown,1.0,0,
profilator.de,unknown,1.0,0,
hoffrichter.com,unknown,1.0,0,
scooterworld-norderstedt.de,unknown,1.0,0,
walgenbach.com,unknown,1.0,0,
digitransform.de,unknown,1.0,0,
mayser.com,unknown,1.0,0,
ernefittings.com,unknown,1.0,0,
umdenken.de,unknown,1.0,0,
apoell.com,unknown,1.0,0,
claudia-eichner.de,unknown,1.0,0,
kiebitzmarkt.de,unknown,1.0,0,
euler-bbb.de,unknown,1.0,0,
edunet.bbs1-del.de,unknown,1.0,0,
pedara.at,unknown,1.0,0,
mgkh.de,unknown,1.0,0,
genua.de,unknown,1.0,0,
remscheud.de,unknown,1.0,0,
waldschule-eschweiler.de,unknown,1.0,0,
komoot.de,unknown,1.0,0,
exitbit.com,unknown,1.0,0,
europainstitut.de,unknown,1.0,0,
goldregenweg-acht.de,unknown,1.0,0,
noz.de,unknown,1.0,0,
einewelt-leipzig.de,unknown,1.0,0,
nbs-berlin.de,unknown,1.0,0,
murtfeldt.de,unknown,1.0,0,
wissenschaft.berlin.de,unknown,1.0,0,
nationale-naturlandschaften.de,unknown,1.0,0,
spitex-bodensee.ch,unknown,1.0,0,
lukibro.de,unknown,1.0,0,
porsche-se.com,unknown,1.0,0,
kreis-slf.de,unknown,1.0,0,
gyn-vonbuttlar.de,unknown,1.0,0,
slu-boell.de,unknown,1.0,0,
az-limburg.de,unknown,1.0,0,
kulb.de,unknown,1.0,0,
coasah.com,unknown,1.0,0,
sofa-stiftung.ch,unknown,1.0,0,
wiehn.net,unknown,1.0,0,
llewellyndavies.de,unknown,1.0,0,
eifel-gymnasium.de,unknown,1.0,0,
praxis-stickeler.de,unknown,1.0,0,
drimmel.de,unknown,1.0,0,
german-u15.de,unknown,1.0,0,
bsd-nstob.de,unknown,1.0,0,
kanzlei-bernauer.de,unknown,1.0,0,
vielwerth.com,unknown,1.0,0,
landratsamt-ludwigsburg.de,unknown,1.0,0,
heitkamp-huelscher.de,unknown,1.0,0,
apleona.com,unknown,1.0,0,
bpj.koeln,unknown,1.0,0,
ventum.de,unknown,1.0,0,
jelenaperic-ducke.de,unknown,1.0,0,
schneiderkreuznach.com,unknown,1.0,0,
heinemannweb.de,unknown,1.0,0,
kompass-nf.de,unknown,1.0,0,
zfslsolingen.onmicrosoft.com,unknown,1.0,0,
googlemail.con,unknown,1.0,0,
transvelop.com,unknown,1.0,0,
las.bayern.de,unknown,1.0,0,
hico-group.com,unknown,1.0,0,
360grad-change.de,unknown,1.0,0,
usmba.ma.ac,unknown,1.0,0,
benkohler.de,unknown,1.0,0,
tabto.de,unknown,1.0,0,
haeupler.net,unknown,1.0,0,
marienschulen.de,unknown,1.0,0,
mtb.ag,unknown,1.0,0,
porzellanbrockmann.de,unknown,1.0,0,
ems-berufskolleg.de,unknown,1.0,0,
realschule-gernsbach.de,unknown,1.0,0,
lautereck-rs.de,unknown,1.0,0,
corratio.de,unknown,1.0,0,
expleogroup.com,unknown,1.0,0,
porsche.ca,unknown,1.0,0,
koffeinsucht.de,unknown,1.0,0,
andrea-szymanski.de,unknown,1.0,0,
wisplinghoff.de,unknown,1.0,0,
koepsel-team.de,unknown,1.0,0,
gierse.org,unknown,1.0,0,
airwire.at,unknown,1.0,0,
nord.com,unknown,1.0,0,
eurice.eu,unknown,1.0,0,
ib-schiesser.com,unknown,1.0,0,
projekt51.de,unknown,1.0,0,
medicum-zollernalb.de,unknown,1.0,0,
die-vee.de,unknown,1.0,0,
nbank.de,unknown,1.0,0,
morgenzeiten.de,unknown,1.0,0,
edu.et,unknown,1.0,0,
lupe1.de,unknown,1.0,0,
sparxsystems.at,unknown,1.0,0,
marketix.at,unknown,1.0,0,
coscomanagement.de,unknown,1.0,0,
dma.swiss,unknown,1.0,0,
thh-friedensau.de,unknown,1.0,0,
etudiant-fst.utm.tn,unknown,1.0,0,
rogerscorporation.com,unknown,1.0,0,
wdietsche.ch,unknown,1.0,0,
timmermanns.de,unknown,1.0,0,
flbk.de,unknown,1.0,0,
ronda-real-estate.de,unknown,1.0,0,
hvrswipp.nrw.schule,unknown,1.0,0,
hvrswipp.nrw.scule,unknown,1.0,0,
novasbe.pt,unknown,1.0,0,
roesmann.net,unknown,1.0,0,
rwberatung.de,unknown,1.0,0,
fethj.de,unknown,1.0,0,
andele.de,unknown,1.0,0,
erfolgshasen.de,unknown,1.0,0,
iclod.com,unknown,1.0,0,
teurlings.de,unknown,1.0,0,
exploreorexpire.com,unknown,1.0,0,
drekopf.de,unknown,1.0,0,
wiwi.uni-frankfurt.de,unknown,1.0,0,
science-lab.org,unknown,1.0,0,
4gd.io,unknown,1.0,0,
bogen.de,unknown,1.0,0,
isz.hamburg.de,unknown,1.0,0,
gbs-sha.de,unknown,1.0,0,
oplusd.de,unknown,1.0,0,
anna-fischer.info,unknown,1.0,0,
arminseiser.at,unknown,1.0,0,
stiftung-zukunft.ch,unknown,1.0,0,
schnadthorst.de,unknown,1.0,0,
rpt.bwl.de,unknown,1.0,0,
vuv-consult.de,unknown,1.0,0,
sabinetober.de,unknown,1.0,0,
simms.de,unknown,1.0,0,
dinkla.net,unknown,1.0,0,
capera.de,unknown,1.0,0,
stadtverwaltung.pinneberg.de,unknown,1.0,0,
koralle.design,unknown,1.0,0,
hohlweg.de,unknown,1.0,0,
okidu.de,unknown,1.0,0,
fbl105.de,unknown,1.0,0,
ig-automation.de,unknown,1.0,0,
zb-gladbeck.de,unknown,1.0,0,
studiollots.com,unknown,1.0,0,
wenditgroup.com,unknown,1.0,0,
arbeitsgesundheit.com,unknown,1.0,0,
kfz-hellinger.de,unknown,1.0,0,
velsen-zerweck-fl.de,unknown,1.0,0,
gardeik.de,unknown,1.0,0,
epg-consulting.de,unknown,1.0,0,
oai.de,unknown,1.0,0,
tiereden.at,unknown,1.0,0,
lauter.cloud,unknown,1.0,0,
albertoferrara.ch,unknown,1.0,0,
cyluna.com,unknown,1.0,0,
kaux.de,unknown,1.0,0,
wga-hh.de,unknown,1.0,0,
steinrein.com,unknown,1.0,0,
aktion-deutschland-hilft.de,unknown,1.0,0,
viega.de,unknown,1.0,0,
vbl.ch,unknown,1.0,0,
kreutter.net,unknown,1.0,0,
kostyrok.de,unknown,1.0,0,
nextexitfuture.com,unknown,1.0,0,
geoscon.de,unknown,1.0,0,
planet-schuster.de,unknown,1.0,0,
baum-management-competence.de,unknown,1.0,0,
telesys.de,unknown,1.0,0,
leuchtkraft-studio.de,unknown,1.0,0,
gbsl.ch,unknown,1.0,0,
irm.unibe.ch,unknown,1.0,0,
fehraspublishingpractices.org,unknown,1.0,0,
ansys.com,unknown,1.0,0,
anslinger.me,unknown,1.0,0,
schreibergrimm.com,unknown,1.0,0,
jugend-komponiert.bayern,unknown,1.0,0,
siemensgamesa.com,unknown,1.0,0,
digital-business.institute,unknown,1.0,0,
benning-crossmedia.de,unknown,1.0,0,
cubeserv.com,unknown,1.0,0,
ska.nrw,unknown,1.0,0,
frankdohn.de,unknown,1.0,0,
familie-timpe.net,unknown,1.0,0,
tollerort-hamburg.de,unknown,1.0,0,
wvs.de,unknown,1.0,0,
zfae.bund.de,unknown,1.0,0,
kunstprof.de,unknown,1.0,0,
b-for-better.de,unknown,1.0,0,
e-wie-einfach.de,unknown,1.0,0,
gfg-id.de,unknown,1.0,0,
u-vier.com,unknown,1.0,0,
pilzmarketing.de,unknown,1.0,0,
zech-international.com,unknown,1.0,0,
camco-engineering.de,unknown,1.0,0,
dlzp.landsh.de,unknown,1.0,0,
s.ams-kandern.de,unknown,1.0,0,
holgerlangbein.de,unknown,1.0,0,
spendenlauf.de,unknown,1.0,0,
ozgruenau.ch,unknown,1.0,0,
e-qua.de,unknown,1.0,0,
myb9.de,unknown,1.0,0,
igs-peine.de,unknown,1.0,0,
jurvita.de,unknown,1.0,0,
ltsa.de,unknown,1.0,0,
lykka.de,unknown,1.0,0,
johannes-krug.com,unknown,1.0,0,
iw-oelde.de,unknown,1.0,0,
luther-lawfirm.com,unknown,1.0,0,
greiwing.de,unknown,1.0,0,
nrw-arbeitsschutz.de,unknown,1.0,0,
sinnecker.net,unknown,1.0,0,
aloe-molke.de,unknown,1.0,0,
hoefliger.de,unknown,1.0,0,
fortedigital.com,unknown,1.0,0,
hannah-kolbe.de,unknown,1.0,0,
prazak.at,unknown,1.0,0,
recucare.de,unknown,1.0,0,
abb-seminare.de,unknown,1.0,0,
islandpolymer.com,unknown,1.0,0,
lasos.com,unknown,1.0,0,
sylt.de,unknown,1.0,0,
bva-dormagen.de,unknown,1.0,0,
ixbit.de,unknown,1.0,0,
crto.de,unknown,1.0,0,
compleoplus.de,unknown,1.0,0,
ks-schenkenberg.ch,unknown,1.0,0,
it-executive-club.de,unknown,1.0,0,
jakob-uhg.de,unknown,1.0,0,
t-brendel.de,unknown,1.0,0,
hochbegabtenzentrum.online,unknown,1.0,0,
gemm.ms.de,unknown,1.0,0,
verlag-steinsiek.de,unknown,1.0,0,
cambridgeinstitut.de,unknown,1.0,0,
hagen-family.de,unknown,1.0,0,
nebo-consulting.de,unknown,1.0,0,
guidedpathadvisors.com,unknown,1.0,0,
imux.de,unknown,1.0,0,
dr-reinking.de,unknown,1.0,0,
regensburg.ihk.de,unknown,1.0,0,
rapex-bautechnik.de,unknown,1.0,0,
petrabluemel.de,unknown,1.0,0,
ikmb.uni-kiel.de,unknown,1.0,0,
zwm-speyer.de,unknown,1.0,0,
ai.hs-fulda.de,unknown,1.0,0,
stud.schulegl.ch,unknown,1.0,0,
sprangerschule.net,unknown,1.0,0,
verhandlungswerkstatt.de,unknown,1.0,0,
dimova.at,unknown,1.0,0,
kohl-und-sohn.de,unknown,1.0,0,
ciip.ch,unknown,1.0,0,
doktorweb.at,unknown,1.0,0,
bayern-mail.de,unknown,1.0,0,
eduvaud.ch,unknown,1.0,0,
bibliotheken.at,unknown,1.0,0,
bautheater.de,unknown,1.0,0,
zm-i.de,unknown,1.0,0,
hueber.de,unknown,1.0,0,
frias.uni-freiburg.de,unknown,1.0,0,
orsolyadrozdik.de,unknown,1.0,0,
c4berlin.de,unknown,1.0,0,
krystallpalastvariete.de,unknown,1.0,0,
spittal-drau.at,unknown,1.0,0,
gewenden.de,unknown,1.0,0,
gdg-stuttgart.de,unknown,1.0,0,
werbehaug.de,unknown,1.0,0,
vitocco-unternehmensberatung.de,unknown,1.0,0,
theaterregensburg.de,unknown,1.0,0,
k-lo.de,unknown,1.0,0,
teams.hs-ludwigsburg.de,unknown,1.0,0,
management-wolf.de,unknown,1.0,0,
lernwerk.ch,unknown,1.0,0,
coachhoffmann.com,unknown,1.0,0,
pace.edu,unknown,1.0,0,
schoenberger.rocks,unknown,1.0,0,
stud.fuu.de,unknown,1.0,0,
rsarnstorf.de,unknown,1.0,0,
goesf.de,unknown,1.0,0,
roro.lernsax.de,unknown,1.0,0,
freivision.ch,unknown,1.0,0,
skillfactors.de,unknown,1.0,0,
mindnic.com,unknown,1.0,0,
achtzig20.de,unknown,1.0,0,
mission-einewelt.de,unknown,1.0,0,
kolata.org,unknown,1.0,0,
schule-wald.ch,unknown,1.0,0,
wiatrek.de,unknown,1.0,0,
kinesiologin-salzburg.at,unknown,1.0,0,
sunmat.de,unknown,1.0,0,
blissinbusiness.de,unknown,1.0,0,
schulen.li,unknown,1.0,0,
goldner-fashion.com,unknown,1.0,0,
vollmer-edv.de,unknown,1.0,0,
hakeferding.com,unknown,1.0,0,
etu.hepl.ch,unknown,1.0,0,
sanochemia.com,unknown,1.0,0,
intra.udk-berlin.de,unknown,1.0,0,
gerd-hoffmann.de,unknown,1.0,0,
ngruender.de,unknown,1.0,0,
xmlh.de,unknown,1.0,0,
trossingen.de,unknown,1.0,0,
vystem.io,unknown,1.0,0,
bfu-clan.de,unknown,1.0,0,
bbw-akademie.de,unknown,1.0,0,
plastcontrol.de,unknown,1.0,0,
adorgasolutions.de,unknown,1.0,0,
oeko.de,unknown,1.0,0,
allgemeinmedizin.uni-kiel.de,unknown,1.0,0,
thurweb.ch,unknown,1.0,0,
bildungsentwicklung.com,unknown,1.0,0,
spk-hn.de,unknown,1.0,0,
deutschpur.com.br,unknown,1.0,0,
its.thm.de,unknown,1.0,0,
vogtlandkreis.de,unknown,1.0,0,
bilingualsolutions.nl,unknown,1.0,0,
spaleck.de,unknown,1.0,0,
careum.ch,unknown,1.0,0,
dohrau.at,unknown,1.0,0,
auticon.de,unknown,1.0,0,
vg-woellstein.org,unknown,1.0,0,
sjsbakum.de,unknown,1.0,0,
stadt-hagen.de,unknown,1.0,0,
negelmann.de,unknown,1.0,0,
witty.de,unknown,1.0,0,
idos-research.de,unknown,1.0,0,
ego-ag.ch,unknown,1.0,0,
edu.sh.ch,unknown,1.0,0,
spielkamp.eu,unknown,1.0,0,
vollstuber.at,unknown,1.0,0,
eaf-gmbh.de,unknown,1.0,0,
csintern.de,unknown,1.0,0,
heidmann.eu,unknown,1.0,0,
konstanz.alm-bw.de,unknown,1.0,0,
recklinghausen.de,unknown,1.0,0,
sus.base4kids.ch,unknown,1.0,0,
ipk-gatersleben.de,unknown,1.0,0,
realschule-naila.de,unknown,1.0,0,
tesa.com,unknown,1.0,0,
fashionid.de,unknown,1.0,0,
susanna-mende.de,unknown,1.0,0,
tretorri.de,unknown,1.0,0,
cotoaga.de,unknown,1.0,0,
theben.de,unknown,1.0,0,
schmoelzl.de,unknown,1.0,0,
meinhardt-automatisierungen.de,unknown,1.0,0,
rbz-wirtschaft-kiel.de,unknown,1.0,0,
artist-eventainment.com,unknown,1.0,0,
scope-peterseim.de,unknown,1.0,0,
gymnasium-oedeme.de,unknown,1.0,0,
robertschlund.de,unknown,1.0,0,
eg-bm.de,unknown,1.0,0,
vneubert.com,unknown,1.0,0,
mail.notld,unknown,1.0,0,
stud.ph-burgenland.at,Austria,2.0,Private Pädagogische Hochschule Burgenland,
landkreis-mittelsachsen.de,unknown,1.0,0,
ils-forschung.de,unknown,1.0,0,
smil.sachsen.de,unknown,1.0,0,
smul.sachsen.de,unknown,1.0,0,
uni.kn,Germany,2.0,Universität Konstanz,
visio-kommunikation.de,unknown,1.0,0,
aleph-alpha.com,unknown,1.0,0,
ssg-sachsen.de,unknown,1.0,0,
ausbildung.de,unknown,1.0,0,
tu-brauschweig.de,Germany,2.0,TU Braunschweig,
benndorfhome.de,unknown,1.0,0,
lua.sms.sachsen.de,unknown,1.0,0,
univers.at,unknown,1.0,0,
dachsen-anhalt.de,unknown,1.0,0,
schaffhauser.info,unknown,1.0,0,
hs-futwangen.de,Germany,2.0,Hochschule Furtwangen,
hs-esslinge.de,Germany,2.0,Hochschule Esslingen,
kvhs-ammerland.de,unknown,1.0,0,
students.kiron,unknown,1.0,0,
schirmer-kommunikation.de,unknown,1.0,0,
edu.dhsn.de,Germany,2.0,Duale Hochschule Sachsen,
christophrichter.net,unknown,1.0,0,
holschuhs.de,unknown,1.0,0,
sas-sachsen.de,unknown,1.0,0,
ogr.sakarya.edu.tr,Turkey,2.0,Sakarya University,
photonamic.de,unknown,1.0,0,
unic.de,unknown,1.0,0,
vhs-ostkreis-hannover.de,unknown,1.0,0,
uni-kostanz.de,Germany,2.0,Universität Konstanz,
phoenixem.de,unknown,1.0,0,
meerkit.de,unknown,1.0,0,
lfs.smi.sachsen.de,unknown,1.0,0,
rhshannover.de,unknown,1.0,0,
ufh-nrw.de,unknown,1.0,0,
berlin-university-alliance.de,unknown,1.0,0,
kirchenkreis-hhsh.de,unknown,1.0,0,
phillip-holler.de,unknown,1.0,0,
cit.edu.in,India,2.0,Coimbatore Institute of Technology,
phi1010.com,unknown,1.0,0,
plaz.upb.de,Germany,2.0,Universität Paderborn,
vhs-hannover-land.de,unknown,1.0,0,
breuninger-raumkonzepte.de,unknown,1.0,0,
campusfounders.de,unknown,1.0,0,
medicalmountains.de,unknown,1.0,0,
octapharma.com,unknown,1.0,0,
kundenfixiert.de,unknown,1.0,0,
whs-ruesselsheim.de,unknown,1.0,0,
stud.hs-bochum.de,Germany,2.0,Hochschule Bochum,
slmails.com,unknown,1.0,0,
leitpunkt.com,unknown,1.0,0,
ws-an.de,unknown,1.0,0,
barnika.de,unknown,1.0,0,
genios.de,unknown,1.0,0,
oldenburg-mediation.de,unknown,1.0,0,
signal-design.de,unknown,1.0,0,
ohrem-gmbh.de,unknown,1.0,0,
steb-koeln.de,unknown,1.0,0,
frischehelden.de,unknown,1.0,0,
sozialministerium.gv.at,unknown,1.0,0,
glasgo.de,unknown,1.0,0,
eisenlohr-eut.de,unknown,1.0,0,
kozole-online.de,unknown,1.0,0,
die-digitalmacherei.de,unknown,1.0,0,
ur.de,Germany,2.0,Universität Regensburg,
mittenwalde.de,unknown,1.0,0,
bvs.schule.koeln,unknown,1.0,0,
geovision.de,unknown,1.0,0,
smb.spk-berlin.de,unknown,1.0,0,
kv-it.de,unknown,1.0,0,
ge-greven.de,unknown,1.0,0,
lenze.com,unknown,1.0,0,
brunnen.de,unknown,1.0,0,
itonic.biz,unknown,1.0,0,
akabank.de,unknown,1.0,0,
gloeckner-schuhwerk.de,unknown,1.0,0,
lel.bwl.de,unknown,1.0,0,
sigismail.com,unknown,1.0,0,
hcw.ac.at,unknown,1.0,0,
hfg-gmuend.de,unknown,1.0,0,
bauer-software.de,unknown,1.0,0,
lzs-dd.de,unknown,1.0,0,
spk-berlin.de,unknown,1.0,0,
lra-bautzen.de,unknown,1.0,0,
gnz.de,unknown,1.0,0,
enetcom.usf.tn,unknown,1.0,0,
frankenbrunnen.de,unknown,1.0,0,
radeberger-gruppe.de,unknown,1.0,0,
bahn-bkk.de,unknown,1.0,0,
strasser-strasser.de,unknown,1.0,0,
hs-kehl.de,unknown,1.0,0,
stadtwerke-haltern.de,unknown,1.0,0,
amnf.de,unknown,1.0,0,
on-point.com,unknown,1.0,0,
jvapls.berlin.de,unknown,1.0,0,
romanistik.uni-kiel.de,unknown,1.0,0,
bg-prevent.de,unknown,1.0,0,
loparex.com,unknown,1.0,0,
bblaw.de,unknown,1.0,0,
friedhof-wtal.de,unknown,1.0,0,
bego.com,unknown,1.0,0,
behrendt.hamburg,unknown,1.0,0,
doesselen.ch,unknown,1.0,0,
rathaus-wissen.de,unknown,1.0,0,
focke-museum.de,unknown,1.0,0,
isartec.de,unknown,1.0,0,
vgu.edu.vn,unknown,1.0,0,
jm.mv-regierung.de,unknown,1.0,0,
ravensburger.de,unknown,1.0,0,
ishap.at,unknown,1.0,0,
kreis-rz.de,unknown,1.0,0,
coreundprojects.de,unknown,1.0,0,
edvschule-plattling.de,unknown,1.0,0,
fiz-karlsruhe.de,unknown,1.0,0,
still.de,unknown,1.0,0,
edv.to,unknown,1.0,0,
promethos.de,unknown,1.0,0,
experts-talents.de,unknown,1.0,0,
rdwu.ac.in,unknown,1.0,0,
zuv.uni-heidelberg.de,unknown,1.0,0,
casaservice-berlin.de,unknown,1.0,0,
praxis-drlanger.de,unknown,1.0,0,
vitagroup.ag,unknown,1.0,0,
ofb.de,unknown,1.0,0,
zkn.de,unknown,1.0,0,
thatoneamiho.cc,unknown,1.0,0,
iai.spk-berlin.de,unknown,1.0,0,
porsche.ch,unknown,1.0,0,
student.vgu.edu.vn,unknown,1.0,0,
apetito.de,unknown,1.0,0,
googllemail.com,unknown,1.0,0,
leberecht-shk.de,unknown,1.0,0,
schwalbach.de,unknown,1.0,0,
walmrath.de,unknown,1.0,0,
fme.de,unknown,1.0,0,
spglobal.com,unknown,1.0,0,
fuxsbau.mozmail.com,unknown,1.0,0,
alho-group.com,unknown,1.0,0,
kunstakademie-muenster.de,unknown,1.0,0,
ibe-ludwigshafen.de,unknown,1.0,0,
ups.com,unknown,1.0,0,
kulturstiftung.de,unknown,1.0,0,
centraltermites.site,unknown,1.0,0,
t2med.de,unknown,1.0,0,
gedenkstaette-esterwegen.de,unknown,1.0,0,
lung.mv-regierung.de,unknown,1.0,0,
fonlos.de,unknown,1.0,0,
s4s-bc.eu,unknown,1.0,0,
international-football-institute.com,unknown,1.0,0,
hds.ch,unknown,1.0,0,
stc-engineering.de,unknown,1.0,0,
gsw-sigmaringen.de,unknown,1.0,0,
mhplus.de,unknown,1.0,0,
muehbauer-mt.de,unknown,1.0,0,
cliffordchance.com,unknown,1.0,0,
gbchur.ch,unknown,1.0,0,
berufsschule.paulinenpflege.de,unknown,1.0,0,
email.ch,unknown,1.0,0,
tmuenf.thueringen.de,unknown,1.0,0,
swhl.de,unknown,1.0,0,
b-safety.com,unknown,1.0,0,
kvo.de,unknown,1.0,0,
bag-holding.com,unknown,1.0,0,
joerg-kasper.de,unknown,1.0,0,
m-bloecher.de,unknown,1.0,0,
s2015.tu-chemnitz.de,unknown,1.0,0,
szathmary.net,unknown,1.0,0,
salsali.cc,unknown,1.0,0,
gluecksritter.me,unknown,1.0,0,
nuart.cc,unknown,1.0,0,
maju-k.de,unknown,1.0,0,
miqr.de,unknown,1.0,0,
ekcd.de,unknown,1.0,0,
marionlaurentius.de,unknown,1.0,0,
awi-vbw.de,unknown,1.0,0,
hdpgmbh.de,unknown,1.0,0,
wenger.to,unknown,1.0,0,
skf-duelmen-coesfeld.de,unknown,1.0,0,
justdog.de,unknown,1.0,0,
iup-net.de,unknown,1.0,0,
die-kauffmanns.de,unknown,1.0,0,
kab-bamberg.de,unknown,1.0,0,
kapo.sg.ch,unknown,1.0,0,
texware.de,unknown,1.0,0,
fenzke.de,unknown,1.0,0,
buslay-online.de,unknown,1.0,0,
mediafiction.de,unknown,1.0,0,
wall.de,unknown,1.0,0,
wpbayern.de,unknown,1.0,0,
psm3.com,unknown,1.0,0,
jbcvdj.de,unknown,1.0,0,
coaching-rosenblatt.de,unknown,1.0,0,
jacob.de,unknown,1.0,0,
suchthilfe.at,unknown,1.0,0,
its.jnj.com,unknown,1.0,0,
gdv.de,unknown,1.0,0,
mattiweb.de,unknown,1.0,0,
hdeg.essen.de,unknown,1.0,0,
gm.xe,unknown,1.0,0,
bucherhydraulics.com,unknown,1.0,0,
fosbosstraubingde.onmicrosoft.com,unknown,1.0,0,
bibu-kronach.de,unknown,1.0,0,
comlink.org,unknown,1.0,0,
ajakobs.de,unknown,1.0,0,
fam-schatz.de,unknown,1.0,0,
martinriedel.net,unknown,1.0,0,
gerolsbach.de,unknown,1.0,0,
focus-4.de,unknown,1.0,0,
edeka-foodservice.de,unknown,1.0,0,
helopal.com,unknown,1.0,0,
graeff.cc,unknown,1.0,0,
lsz.bwl.de,unknown,1.0,0,
landkreisgoettingen.de,unknown,1.0,0,
letterprotect.net,unknown,1.0,0,
uweknott.de,unknown,1.0,0,
jkf-kuebler.de,unknown,1.0,0,
brauns.de,unknown,1.0,0,
ritter-gerstner.de,unknown,1.0,0,
epidotes.de,unknown,1.0,0,
deuter.com,unknown,1.0,0,
polizei.slpol.de,unknown,1.0,0,
radiobremen.de,unknown,1.0,0,
annushka.ch,unknown,1.0,0,
eh-ludwigsburg.de,unknown,1.0,0,
gls-entwicklung.de,unknown,1.0,0,
ralf-richter.com,unknown,1.0,0,
thkoeln.de,unknown,1.0,0,
smail.thkoeln.de,unknown,1.0,0,
luftrettung.adac.de,unknown,1.0,0,
webmar-gmbh.de,unknown,1.0,0,
khaug.com,unknown,1.0,0,
strobgalerie.at,unknown,1.0,0,
synergia.de,unknown,1.0,0,
dr-hacksteiner.at,unknown,1.0,0,
t4rzan.de,unknown,1.0,0,
christineworch.com,unknown,1.0,0,
diakonie-sieg-rhein.de,unknown,1.0,0,
gleamer.ai,unknown,1.0,0,
lw-online.de,unknown,1.0,0,
persus.de,unknown,1.0,0,
bachmaenner.net,unknown,1.0,0,
evmedienhaus.de,unknown,1.0,0,
lindenfels.de,unknown,1.0,0,
gmail.om,unknown,1.0,0,
schlossfestspiele.de,unknown,1.0,0,
azellner.de,unknown,1.0,0,
lohmar.de,unknown,1.0,0,
kenfo.de,unknown,1.0,0,
kaiser-elektro.de,unknown,1.0,0,
pagebody.de,unknown,1.0,0,
edma.info,unknown,1.0,0,
online-martin.de,unknown,1.0,0,
mikemosch.de,unknown,1.0,0,
miriamschneider.de,unknown,1.0,0,
istb-rheinmain.de,unknown,1.0,0,
com-nex.de,unknown,1.0,0,
neuhausconsult.de,unknown,1.0,0,
dumhard.de,unknown,1.0,0,
mbytes-ds.de,unknown,1.0,0,
adler-parkett.de,unknown,1.0,0,
wgnr.eu,unknown,1.0,0,
benediktpannermayr.de,unknown,1.0,0,
ljr.de,unknown,1.0,0,
landgard.de,unknown,1.0,0,
gvbr.de,unknown,1.0,0,
vor.at,unknown,1.0,0,
profino.de,unknown,1.0,0,
pkoenig.org,unknown,1.0,0,
telsnig.de,unknown,1.0,0,
gemeinde-schkopau.de,unknown,1.0,0,
teccompanion.com,unknown,1.0,0,
schule-landsh.de,unknown,1.0,0,
schule.landsh.de,unknown,1.0,0,
tc-beratung.de,unknown,1.0,0,
daehn-hamburg.de,unknown,1.0,0,
zeller-gmelin.de,unknown,1.0,0,
shift.agency,unknown,1.0,0,
kischelewski.de,unknown,1.0,0,
medskin-suwelack.com,unknown,1.0,0,
hotmail.tu-dresden.de,unknown,1.0,0,
kranner.cc,unknown,1.0,0,
piamueller.net,unknown,1.0,0,
dwieland.de,unknown,1.0,0,
azs-ei.de,unknown,1.0,0,
druckmanufaktur.de,unknown,1.0,0,
dwih.org,unknown,1.0,0,
boettcher-systems.com,unknown,1.0,0,
hospitalverbund.de,unknown,1.0,0,
jawoll.de,unknown,1.0,0,
wb2net.de,unknown,1.0,0,
meinerzhagen.de,unknown,1.0,0,
scmt.com,unknown,1.0,0,
a1.neteva,unknown,1.0,0,
kuhlage.de,unknown,1.0,0,
frank-its.de,unknown,1.0,0,
sohnix.de,unknown,1.0,0,
serviceminds.de,unknown,1.0,0,
blaustein.de,unknown,1.0,0,
iteratec.com,unknown,1.0,0,
digitalent.gmbh,unknown,1.0,0,
die-business-manufaktur.de,unknown,1.0,0,
oberderdingen.net,unknown,1.0,0,
raumlusthoch3.de,unknown,1.0,0,
thomaspaus.de,unknown,1.0,0,
servaty.de,unknown,1.0,0,
fb-consulting.net,unknown,1.0,0,
bbeckenbach.de,unknown,1.0,0,
dahm-audio.de,unknown,1.0,0,
stu.tu-darmstadt.de,Germany,2.0,TU Darmstadt,
lbbw-im.de,unknown,1.0,0,
skm-informatik.com,unknown,1.0,0,
azs-eu.de,unknown,1.0,0,
musicandlaw.com,unknown,1.0,0,
gmial.om,unknown,1.0,0,
yahoo.om,unknown,1.0,0,
vbgbern.ch,unknown,1.0,0,
oraylis.de,unknown,1.0,0,
amla.de,unknown,1.0,0,
kabo-bonn.de,unknown,1.0,0,
filmwerk.de,unknown,1.0,0,
jr-interim.com,unknown,1.0,0,
sieda.com,unknown,1.0,0,
jaborek.eu,unknown,1.0,0,
bachmayer.de,unknown,1.0,0,
karthe.de,unknown,1.0,0,
gisa.de,unknown,1.0,0,
itwg.de,unknown,1.0,0,
lese-kultur.com,unknown,1.0,0,
fueak.bayern.de,unknown,1.0,0,
lehrte.de,unknown,1.0,0,
meag.com,unknown,1.0,0,
buildingsolutions.de,unknown,1.0,0,
drv-nordbayern.de,unknown,1.0,0,
knipfer.com,unknown,1.0,0,
goekal.de,unknown,1.0,0,
die4otts.de,unknown,1.0,0,
attendorn.org,unknown,1.0,0,
k100.info,unknown,1.0,0,
caritas-paderborn.de,unknown,1.0,0,
ort-online.net,unknown,1.0,0,
keb-erzbistum-bamberg.de,unknown,1.0,0,
salzburg-ag.at,unknown,1.0,0,
repairon.de,unknown,1.0,0,
beran-grit.de,unknown,1.0,0,
ab-gedreht.de,unknown,1.0,0,
elminavdic.com,unknown,1.0,0,
ovbleer.de,unknown,1.0,0,
editos.de,unknown,1.0,0,
re-fd.de,unknown,1.0,0,
sani-aktuell.de,unknown,1.0,0,
evamarie-meuter.de,unknown,1.0,0,
klebs-hartmann.de,unknown,1.0,0,
wfg-sankt-augustin.de,unknown,1.0,0,
ksp.de,unknown,1.0,0,
fia-academy.de,unknown,1.0,0,
sbk-zh.ch,unknown,1.0,0,
hanko.de,unknown,1.0,0,
praevention.at,unknown,1.0,0,
kiste.org,unknown,1.0,0,
baltys.de,unknown,1.0,0,
microtherm.de,unknown,1.0,0,
netzwerkarbeit.org,unknown,1.0,0,
efde-gmbh.de,unknown,1.0,0,
millenniumtechnology.de,unknown,1.0,0,
eitler.net,unknown,1.0,0,
bbssoltau.de,unknown,1.0,0,
ekka.de,unknown,1.0,0,
amg-nv.com,unknown,1.0,0,
skopos-view.de,unknown,1.0,0,
born-ermel.de,unknown,1.0,0,
fokken.de,unknown,1.0,0,
stratoor.com,unknown,1.0,0,
management-hp.com,unknown,1.0,0,
conaglio.de,unknown,1.0,0,
gethappycustomers.com,unknown,1.0,0,
v-t-i.de,unknown,1.0,0,
chumbiauca.me,unknown,1.0,0,
lensers.de,unknown,1.0,0,
joerg-schlueter.com,unknown,1.0,0,
sinnbuero.de,unknown,1.0,0,
schmitz.net,unknown,1.0,0,
essential-bytes.de,unknown,1.0,0,
portica.de,unknown,1.0,0,
kornbusch.com,unknown,1.0,0,
proovis.de,unknown,1.0,0,
barbara-bourguignon.de,unknown,1.0,0,
ahaonline.info,unknown,1.0,0,
comteamgroup.com,unknown,1.0,0,
iswa.uni-stuttgart.de,unknown,1.0,0,
uster.com,unknown,1.0,0,
jascha.wtf,unknown,1.0,0,
freitag-gruppe.de,unknown,1.0,0,
ksu.edu.sa,unknown,1.0,0,
pvdach.com,unknown,1.0,0,
df-zukunftswerk.eu,unknown,1.0,0,
neuhausen-fildern.de,unknown,1.0,0,
zech-management.de,unknown,1.0,0,
bergunde.net,unknown,1.0,0,
innovativekiloesungen.de,unknown,1.0,0,
stefanholst.com,unknown,1.0,0,
ai-now-leipzig.de,unknown,1.0,0,
sandy-buhlmann.ch,unknown,1.0,0,
stefanhenn.de,unknown,1.0,0,
kornikow.de,unknown,1.0,0,
honed-consulting.com,unknown,1.0,0,
hoev.rlp.de,unknown,1.0,0,
fls-ulm.de,unknown,1.0,0,
familie-moormann.de,unknown,1.0,0,
stadt-speyer.de,unknown,1.0,0,
zsl-rstue.de,unknown,1.0,0,
sjr-erlangen.de,unknown,1.0,0,
marcapo.com,unknown,1.0,0,
mbdx.de,unknown,1.0,0,
masc-no.de,unknown,1.0,0,
stacys.mom,unknown,1.0,0,
ironforge.ch,unknown,1.0,0,
sruv.de,unknown,1.0,0,
muellmail.com,unknown,1.0,0,
thrun-scc.de,unknown,1.0,0,
katako.de,unknown,1.0,0,
evalag.de,unknown,1.0,0,
klimmer-gmbh.de,unknown,1.0,0,
wekadoo.at,unknown,1.0,0,
beitsch.de,unknown,1.0,0,
mvg.at,unknown,1.0,0,
co-ps.com,unknown,1.0,0,
novevo.ch,unknown,1.0,0,
yves-schaller.de,unknown,1.0,0,
konsum-weimar.de,unknown,1.0,0,
huwi.de,unknown,1.0,0,
nicomichalak.de,unknown,1.0,0,
lzg-rlp.de,unknown,1.0,0,
orthogen.com,unknown,1.0,0,
abg.de,unknown,1.0,0,
xpek.de,unknown,1.0,0,
lra-toelz.de,unknown,1.0,0,
coliquio.de,unknown,1.0,0,
stadtwerke-gelsenkirchen.de,unknown,1.0,0,
von-itter.com,unknown,1.0,0,
bhe.de,unknown,1.0,0,
bpc.ag,unknown,1.0,0,
pfalzkom.de,unknown,1.0,0,
zahnaerzte-schoneneberg.de,unknown,1.0,0,
bosch.de,unknown,1.0,0,
sisterhood-berlin.de,unknown,1.0,0,
mg-rp.com,unknown,1.0,0,
stadtwerke-peine.de,unknown,1.0,0,
venti-oelde.de,unknown,1.0,0,
rapidletter.net,unknown,1.0,0,
urz.uni-heidelberg.de,unknown,1.0,0,
ct-netze.de,unknown,1.0,0,
rpda.hessen.de,unknown,1.0,0,
c3advisors.de,unknown,1.0,0,
jyu.fi,unknown,1.0,0,
swlk.nrw,unknown,1.0,0,
layart.net,unknown,1.0,0,
grundl.de,unknown,1.0,0,
email.gmx,unknown,1.0,0,
muehlhausen-marketing.de,unknown,1.0,0,
johanneum-ldk.de,unknown,1.0,0,
die-gerwens.de,unknown,1.0,0,
geda.de,unknown,1.0,0,
tad.de,unknown,1.0,0,
balingen.de,unknown,1.0,0,
invia-dortmund.de,unknown,1.0,0,
snets.it,unknown,1.0,0,
praxis-frost.de,unknown,1.0,0,
mz-emden.net,unknown,1.0,0,
perspektive-zukunft.com,unknown,1.0,0,
smarketer.de,unknown,1.0,0,
hollenbenders.com,unknown,1.0,0,
vondreger.de,unknown,1.0,0,
volkerdymel.de,unknown,1.0,0,
bison-group.com,unknown,1.0,0,
seglits.de,unknown,1.0,0,
dominik-block.de,unknown,1.0,0,
sh1999.com,unknown,1.0,0,
statistik.hessen.de,unknown,1.0,0,
kaufmanns.email,unknown,1.0,0,
makeideashappen.de,unknown,1.0,0,
clipmyhorse.tv,unknown,1.0,0,
theresaschleicher.de,unknown,1.0,0,
stockwerk2.de,unknown,1.0,0,
westfalen.com,unknown,1.0,0,
herzberg-consulting.com,unknown,1.0,0,
urbanandmainlines.com,unknown,1.0,0,
bethel.de,unknown,1.0,0,
nshgroup.com,unknown,1.0,0,
ecoplanberlin.de,unknown,1.0,0,
hubersuhner.com,unknown,1.0,0,
hcc.hessen.de,unknown,1.0,0,
sprinteins.com,unknown,1.0,0,
bbz-marburg.de,unknown,1.0,0,
wpa.wien,unknown,1.0,0,
ingrammicro.com,unknown,1.0,0,
pfisterer.com,unknown,1.0,0,
leipziger-messe.de,unknown,1.0,0,
juechen.de,unknown,1.0,0,
grps.ekvw.de,unknown,1.0,0,
moehrke-online.de,unknown,1.0,0,
inpe.br,unknown,1.0,0,
scheibling.de,unknown,1.0,0,
kath-tg.ch,unknown,1.0,0,
hoeflmaier.de,unknown,1.0,0,
voice-effect.com,unknown,1.0,0,
gastroenterologe.koeln,unknown,1.0,0,
rang-werbetechnik.de,unknown,1.0,0,
schunck.de,unknown,1.0,0,
tqg.de,unknown,1.0,0,
caritas-rheine.de,unknown,1.0,0,
bfw-schoemberg.de,unknown,1.0,0,
porr.ch,unknown,1.0,0,
mafrino.de,unknown,1.0,0,
rauchzeichen-agentur.de,unknown,1.0,0,
asb-barthel.de,unknown,1.0,0,
schaefer-textkultur.de,unknown,1.0,0,
shell.com,unknown,1.0,0,
airtruckservice.de,unknown,1.0,0,
lat.dlh.de,unknown,1.0,0,
kingspan.com,unknown,1.0,0,
sps-ni-portal.de,unknown,1.0,0,
stellasolutions.de,unknown,1.0,0,
gsrn.de,unknown,1.0,0,
takasago.com,unknown,1.0,0,
bu-a.com,unknown,1.0,0,
gmpkonzept.de,unknown,1.0,0,
sgl-wuerzburg.de,unknown,1.0,0,
ifsma.de,unknown,1.0,0,
antonhappel.com,unknown,1.0,0,
naturheilweisen.net,unknown,1.0,0,
ajb-berlin.de,unknown,1.0,0,
wdebuhr.de,unknown,1.0,0,
slashwhy.de,unknown,1.0,0,
aribis.de,unknown,1.0,0,
bqd6u.anonbox.net,unknown,1.0,0,
goneswaran.de,unknown,1.0,0,
mann-gottes.de,unknown,1.0,0,
derheller.de,unknown,1.0,0,
brudek.de,unknown,1.0,0,
praesidium.uni-kiel.de,unknown,1.0,0,
annebergner.de,unknown,1.0,0,
rader-macher.de,unknown,1.0,0,
smail.th-koln.de,unknown,1.0,0,
ibukinet.de,unknown,1.0,0,
compoundexpress.com,unknown,1.0,0,
konarske.ch,unknown,1.0,0,
blum-novotest.com,unknown,1.0,0,
rose-4-you.de,unknown,1.0,0,
bunte-hunde.com,unknown,1.0,0,
psy.lmu.de,unknown,1.0,0,
patrickhoeppener.de,unknown,1.0,0,
immobilienservice-lemgo.de,unknown,1.0,0,
meinvereinspilot.de,unknown,1.0,0,
schulen.olten.ch,unknown,1.0,0,
mbi-berlin.de,unknown,1.0,0,
mpcservice.de,unknown,1.0,0,
mpcservice.com,unknown,1.0,0,
doski.de,unknown,1.0,0,
grammel.net,unknown,1.0,0,
lejlamujakic.com,unknown,1.0,0,
clees.net,unknown,1.0,0,
exyte.net,unknown,1.0,0,
f-krueger.net,unknown,1.0,0,
praxis-maucher.ch,unknown,1.0,0,
gnkag.ch,unknown,1.0,0,
gvk10.de,unknown,1.0,0,
berg-apotheke.de,unknown,1.0,0,
hellinger.legal,unknown,1.0,0,
janssen-agile.de,unknown,1.0,0,
korsunskyy.com,unknown,1.0,0,
hokamp.info,unknown,1.0,0,
druckerei-bindschaedler.ch,unknown,1.0,0,
gast.tu-darmstadt.de,Germany,2.0,TU Darmstadt,
schulen-nidau.ch,unknown,1.0,0,
montanhydraulik.com,unknown,1.0,0,
einteam.pro,unknown,1.0,0,
munsch.de,unknown,1.0,0,
maike-wende.de,unknown,1.0,0,
dmartens.de,unknown,1.0,0,
arne-habermann.de,unknown,1.0,0,
regniers.de,unknown,1.0,0,
apeldorn.associates,unknown,1.0,0,
autosen.com,unknown,1.0,0,
avroberlin.de,unknown,1.0,0,
medienrecht-ohlen.de,unknown,1.0,0,
werkstatt-berufskolleg.de,unknown,1.0,0,
edu.uiz.ac.ma,unknown,1.0,0,
dataseal.de,unknown,1.0,0,
dumbass.nl,unknown,1.0,0,
hamburg4ever.de,unknown,1.0,0,
herbort.de,unknown,1.0,0,
kinderschutzbund-rosenheim.de,unknown,1.0,0,
nadolski.ch,unknown,1.0,0,
zev-energie.de,unknown,1.0,0,
kriwan.de,unknown,1.0,0,
mesago.com,unknown,1.0,0,
akkon-hochschule.de,unknown,1.0,0,
virtualservices.ch,unknown,1.0,0,
mansoura.de,unknown,1.0,0,
ewimed.com,unknown,1.0,0,
gfu.net,unknown,1.0,0,
ta.fh-muenster.de,unknown,1.0,0,
mait-group.com,unknown,1.0,0,
geocapture.de,unknown,1.0,0,
vonridder.com,unknown,1.0,0,
lhlh.org,unknown,1.0,0,
ritas-fotostudio.de,unknown,1.0,0,
bilderfaengerfilm.de,unknown,1.0,0,
marcelkorte.com,unknown,1.0,0,
espagne.de,unknown,1.0,0,
ort4u.de,unknown,1.0,0,
consetus.de,unknown,1.0,0,
wagner-herzkamp.de,unknown,1.0,0,
axians.de,unknown,1.0,0,
fensterbau-kuhnle.de,unknown,1.0,0,
ff.jcu.cz,unknown,1.0,0,
melanie-hallensleben.de,unknown,1.0,0,
up-oa.de,unknown,1.0,0,
rbb-wv-sn.de,unknown,1.0,0,
primaservice.eu,unknown,1.0,0,
salzwerke.de,unknown,1.0,0,
rhansen.de,unknown,1.0,0,
diakonie-minden.de,unknown,1.0,0,
amberg-sulzbach.de,unknown,1.0,0,
azmplus.com,unknown,1.0,0,
dal.de,unknown,1.0,0,
smail.inf.h-brs.de,unknown,1.0,0,
iso-gruppe.com,unknown,1.0,0,
romaus.de,unknown,1.0,0,
bvs.schule.koeln.de,unknown,1.0,0,
promedis24.de,unknown,1.0,0,
meinnutzfahrzeug.de,unknown,1.0,0,
gmail.comn,unknown,1.0,0,
g-b-c.de,unknown,1.0,0,
anton-clemens.de,unknown,1.0,0,
droste-verlag.de,unknown,1.0,0,
flws.muenchen.musin.de,unknown,1.0,0,
stadtwerke-sh.de,unknown,1.0,0,
daxcore-it.de,unknown,1.0,0,
slbb.de,unknown,1.0,0,
kulturkreis.eu,unknown,1.0,0,
xadspoteffects.com,unknown,1.0,0,
necub.com,unknown,1.0,0,
zfsl-moenchengladbach.nrw.schule,unknown,1.0,0,
dzmitry-stashkevich.de,unknown,1.0,0,
sip-tel.eu,unknown,1.0,0,
lt-kilgenstein.de,unknown,1.0,0,
schule-naters.ch,unknown,1.0,0,
drv-westfalen.de,unknown,1.0,0,
pro-cm.de,unknown,1.0,0,
bildungsinstitut.de,unknown,1.0,0,
wuerth-leasing.de,unknown,1.0,0,
romer-automation.de,unknown,1.0,0,
gymvolution-club.de,unknown,1.0,0,
forvismazars.com,unknown,1.0,0,
fehrle.net,unknown,1.0,0,
gemeindebrieselang.de,unknown,1.0,0,
gruemel.de,unknown,1.0,0,
erdfisch.de,unknown,1.0,0,
bauoek.uni-stuttgart.de,unknown,1.0,0,
hilynx.de,unknown,1.0,0,
brandenburg.mleuv.de,unknown,1.0,0,
littlesun.com,unknown,1.0,0,
ssi-schaefer.com,unknown,1.0,0,
kopperschmidt-service.de,unknown,1.0,0,
lbuemail.ch,unknown,1.0,0,
incom.org,unknown,1.0,0,
rumbergdesign.de,unknown,1.0,0,
ip-w.de,unknown,1.0,0,
bonwell.de,unknown,1.0,0,
gdowzok.de,unknown,1.0,0,
zawm.be,unknown,1.0,0,
ms-warenvertrieb.de,unknown,1.0,0,
axica.de,unknown,1.0,0,
llb-detmold.de,unknown,1.0,0,
osxofulk.com,unknown,1.0,0,
poesd.com,unknown,1.0,0,
lektorat-oezdem.de,unknown,1.0,0,
data-aware.de,unknown,1.0,0,
bfs-abrechnung.de,unknown,1.0,0,
synergio-training.de,unknown,1.0,0,
tic.ch,unknown,1.0,0,
uteplatthaus.de,unknown,1.0,0,
wirth.online,unknown,1.0,0,
viernheim.de,unknown,1.0,0,
speckmann-family.de,unknown,1.0,0,
janawilhelmi.de,unknown,1.0,0,
fwr-wetzlar.de,unknown,1.0,0,
droege-gmbh.com,unknown,1.0,0,
analyticus.de,unknown,1.0,0,
diakoniewerk-oberlausitz.de,unknown,1.0,0,
m3diaskills.de,unknown,1.0,0,
rheinselzgehtaus.de,unknown,1.0,0,
emfyo.de,unknown,1.0,0,
analytiqcompass.de,unknown,1.0,0,
sohn-consult.de,unknown,1.0,0,
bergerundfilm.de,unknown,1.0,0,
hevert.de,unknown,1.0,0,
climatelaw.at,unknown,1.0,0,
3lpi.de,unknown,1.0,0,
lrandh.thueringen.de,unknown,1.0,0,
kkg-do.eu,unknown,1.0,0,
neu.edu.vn,unknown,1.0,0,
napa.vn,unknown,1.0,0,
kgfk.de,unknown,1.0,0,
kabarak.ac.ke,unknown,1.0,0,
ueh.edu.vn,unknown,1.0,0,
huenermann.net,unknown,1.0,0,
mathematik.uni-halle.de,unknown,1.0,0,
aust.edu,unknown,1.0,0,
christuniversity.in,unknown,1.0,0,
weyrauch.eu.com,unknown,1.0,0,
efda.de,unknown,1.0,0,
oddo-bhf.com,unknown,1.0,0,
info.al,unknown,1.0,0,
agoradigital.de,unknown,1.0,0,
afi-akademie.de,unknown,1.0,0,
nicole-drews.com,unknown,1.0,0,
autometer.ch,unknown,1.0,0,
baer-schuhe.de,unknown,1.0,0,
hafita.de,unknown,1.0,0,
plan-erfolg.de,unknown,1.0,0,
kellermann-melle.de,unknown,1.0,0,
aeschbacher.ch,unknown,1.0,0,
schlinge-mann.de,unknown,1.0,0,
rsger.de,unknown,1.0,0,
mmdu.de,unknown,1.0,0,
hbs-hattersheim.de,unknown,1.0,0,
ald-vt.de,unknown,1.0,0,
dunningen.de,unknown,1.0,0,
iga2027.ruhr,unknown,1.0,0,
rocvantwente.nl,unknown,1.0,0,
dxglobal.com,unknown,1.0,0,
ekw.uni-kiel.de,unknown,1.0,0,
wsi.uni-kiel.de,unknown,1.0,0,
wiso.uni-kiel.de,unknown,1.0,0,
visionconsulting.de,unknown,1.0,0,
aiiko.de,unknown,1.0,0,
gmec-electronics.com,unknown,1.0,0,
hwk-duesseldorf.de,unknown,1.0,0,
vollendorf.de,unknown,1.0,0,
resonanzcapital.com,unknown,1.0,0,
weber.name,unknown,1.0,0,
doertekuhn.de,unknown,1.0,0,
sendi.de,unknown,1.0,0,
endress.com,unknown,1.0,0,
dreifive.com,unknown,1.0,0,
pretot-design.de,unknown,1.0,0,
govdigital.de,unknown,1.0,0,
mypaketshop.com,unknown,1.0,0,
yaho.de,unknown,1.0,0,
piasetzki.de,unknown,1.0,0,
ajeene.org,unknown,1.0,0,
leibinger-stiftung.de,unknown,1.0,0,
krebaum.de,unknown,1.0,0,
duden-institute.de,unknown,1.0,0,
fvs-stiftung.de,unknown,1.0,0,
aerztehaus-bc.de,unknown,1.0,0,
sgstern.de,unknown,1.0,0,
benchmall.de,unknown,1.0,0,
chrisgood.ch,unknown,1.0,0,
cottbus.ihk.de,unknown,1.0,0,
blecke.de,unknown,1.0,0,
enwa-consult.de,unknown,1.0,0,
mgh.harvard.edu,unknown,1.0,0,
rhi.net,unknown,1.0,0,
flacus.de,unknown,1.0,0,
reiche-partner.de,unknown,1.0,0,
varta-ag.com,unknown,1.0,0,
ad-agents.com,unknown,1.0,0,
gerhardy.net,unknown,1.0,0,
stadtbibliothekbasel.ch,unknown,1.0,0,
druckchemie.com,unknown,1.0,0,
johann-bunte.de,unknown,1.0,0,
mag-ias.com,unknown,1.0,0,
ohnestress.com,unknown,1.0,0,
northlabs.org,unknown,1.0,0,
schmeden.de,unknown,1.0,0,
peterschnell.de,unknown,1.0,0,
winterscheid-online.de,unknown,1.0,0,
clubprivado.de,unknown,1.0,0,
digitalwerk-schwarzwald.de,unknown,1.0,0,
postei.de,unknown,1.0,0,
hwk-mannheim.de,unknown,1.0,0,
michaelkleck.com,unknown,1.0,0,
ghg-alsdorf.de,unknown,1.0,0,
hei-ler.com,unknown,1.0,0,
vg-nastaetten.de,unknown,1.0,0,
pollux-ems.com,unknown,1.0,0,
sarbandi.com,unknown,1.0,0,
emplify.de,unknown,1.0,0,
sw-magdeburg.de,unknown,1.0,0,
milenakeller.ch,unknown,1.0,0,
schaefer.onl,unknown,1.0,0,
schlattergroup.com,unknown,1.0,0,
conplement.de,unknown,1.0,0,
schoppischoen.de,unknown,1.0,0,
vendomat.ch,unknown,1.0,0,
sdreher.de,unknown,1.0,0,
sdfd.com,unknown,1.0,0,
kennschmi.com,unknown,1.0,0,
it-gymnasium.at,unknown,1.0,0,
dual-scale.com,unknown,1.0,0,
evergold-cs.de,unknown,1.0,0,
frank.de,unknown,1.0,0,
umardo.de,unknown,1.0,0,
hautarztpraxis-am-park.de,unknown,1.0,0,
evh-pfalz.de,unknown,1.0,0,
jonida.at,unknown,1.0,0,
european-aerosols.com,unknown,1.0,0,
kissel-landau.de,unknown,1.0,0,
fa-be.de,unknown,1.0,0,
ratzebande.de,unknown,1.0,0,
brightside.de,unknown,1.0,0,
ww35.de,unknown,1.0,0,
porsche.co.at,unknown,1.0,0,
hmf-it.de,unknown,1.0,0,
schule-zieglersche.de,unknown,1.0,0,
baerenhof.at,unknown,1.0,0,
juettemann.de,unknown,1.0,0,
address-solutions.de,unknown,1.0,0,
diesbachmedien.de,unknown,1.0,0,
sch.ink,unknown,1.0,0,
experchem.de,unknown,1.0,0,
umwelt.uni-hannover.de,unknown,1.0,0,
vnw.de,unknown,1.0,0,
lzf.bwl.de,unknown,1.0,0,
bzgth.thueringen.de,unknown,1.0,0,
gym-hch.de,unknown,1.0,0,
swlb.de,unknown,1.0,0,
euronda.de,unknown,1.0,0,
top-management.tn,unknown,1.0,0,
kjf-augsburg.de,unknown,1.0,0,
techpark.de,unknown,1.0,0,
milz-bieber.de,unknown,1.0,0,
ids-imaging.com,unknown,1.0,0,
thyssengas.com,unknown,1.0,0,
h2apex.com,unknown,1.0,0,
thessalis.gr,unknown,1.0,0,
lingen.de,unknown,1.0,0,
stadtwerke-weiden.de,unknown,1.0,0,
mouritz.de,unknown,1.0,0,
timsanten.de,unknown,1.0,0,
gaeste-wlan.net,unknown,1.0,0,
frauenakademie.de,unknown,1.0,0,
annikafroehlich.com,unknown,1.0,0,
benbonset.com,unknown,1.0,0,
cts-reha-bw.de,unknown,1.0,0,
aquante.ch,unknown,1.0,0,
v14.de,unknown,1.0,0,
eon-energie.com,unknown,1.0,0,
quadriga.eu,unknown,1.0,0,
epikur.de,unknown,1.0,0,
mannzen.de,unknown,1.0,0,
netzhaut-design.de,unknown,1.0,0,
kj-law.de,unknown,1.0,0,
buerotiger.de,unknown,1.0,0,
abkoo.de,unknown,1.0,0,
xpand-stiftung.de,unknown,1.0,0,
gmail.vom,unknown,1.0,0,
liadhene.com,unknown,1.0,0,
klrplus.e,unknown,1.0,0,
erikgeyer.de,unknown,1.0,0,
igl-info.at,unknown,1.0,0,
edunow.digital,unknown,1.0,0,
diakonie-bethanien.de,unknown,1.0,0,
grafiketc.com,unknown,1.0,0,
bcdevelopment.de,unknown,1.0,0,
diana-roesler.de,unknown,1.0,0,
cordell.de,unknown,1.0,0,
josef-gehring.de,unknown,1.0,0,
gymharen.de,unknown,1.0,0,
grootmoor.net,unknown,1.0,0,
durgiai.ch,unknown,1.0,0,
siegen-wittgenstein.de,unknown,1.0,0,
star-stadtlohn.de,unknown,1.0,0,
wegner-netz.de,unknown,1.0,0,
mubea.com,unknown,1.0,0,
epi2go.de,unknown,1.0,0,
waltan.de,unknown,1.0,0,
marianzefferer.at,unknown,1.0,0,
yahoo.com.au,unknown,1.0,0,
uri.swiss,unknown,1.0,0,
metras.de,unknown,1.0,0,
scheppat.com,unknown,1.0,0,
ovos.at,unknown,1.0,0,
hak-villach.at,unknown,1.0,0,
studmail.com,unknown,1.0,0,
stud.hwg-lu.de,unknown,1.0,0,
roewaplan.de,unknown,1.0,0,
join-ada.com,unknown,1.0,0,
dextradata.com,unknown,1.0,0,
ts-gruppe.com,unknown,1.0,0,
stoeves.de,unknown,1.0,0,
meissner-media.com,unknown,1.0,0,
smartliberty.ch,unknown,1.0,0,
ba-melle.de,unknown,1.0,0,
vege.net,unknown,1.0,0,
vvowl.de,unknown,1.0,0,
agl.de,unknown,1.0,0,
miro-ka.de,unknown,1.0,0,
h-d.md,unknown,1.0,0,
sprakermi.de,unknown,1.0,0,
bambaloo.de,unknown,1.0,0,
gms-deizisau.de,unknown,1.0,0,
firnbergschulen.at,unknown,1.0,0,
beckmann-software.de,unknown,1.0,0,
gramann.earth,unknown,1.0,0,
fresenb.org,unknown,1.0,0,
b4value.net,unknown,1.0,0,
wupperkoenig.de,unknown,1.0,0,
camjoint.com,unknown,1.0,0,
bitfami.com,unknown,1.0,0,
crolll.de,unknown,1.0,0,
iee.fraunhofer.de,unknown,1.0,0,
fulmidas.de,unknown,1.0,0,
finow.de,unknown,1.0,0,
bbs-cb.de,unknown,1.0,0,
cam-con.ch,unknown,1.0,0,
gew-nrw.de,unknown,1.0,0,
niewohner.de,unknown,1.0,0,
laepple.de,unknown,1.0,0,
intervideo.de,unknown,1.0,0,
edu.schulen.bfi,unknown,1.0,0,
xn--egb-kln-e1a.de,unknown,1.0,0,
lkv-nrw.de,unknown,1.0,0,
lbv.nrw.de,unknown,1.0,0,
dotxan.com,unknown,1.0,0,
wpno.com,unknown,1.0,0,
michaelgross.net,unknown,1.0,0,
slk-praxis.de,unknown,1.0,0,
bavariayachts.com,unknown,1.0,0,
bauindustrie-nrw.de,unknown,1.0,0,
continuous-next.com,unknown,1.0,0,
continuous-next.de,unknown,1.0,0,
lfb.nrw,unknown,1.0,0,
leo-statz-berufskolleg.de,unknown,1.0,0,
htz-neuwied.de,unknown,1.0,0,
weinstadt.de,unknown,1.0,0,
xnets.de,unknown,1.0,0,
brain-worx.net,unknown,1.0,0,
whitespring.eu,unknown,1.0,0,
landesverein.de,unknown,1.0,0,
spremberg.org,unknown,1.0,0,
blueadvisory.de,unknown,1.0,0,
dh-aachen.de,unknown,1.0,0,
th-brandenbburg.de,unknown,1.0,0,
waffender.de,unknown,1.0,0,
abexis.ch,unknown,1.0,0,
eisendle.it,unknown,1.0,0,
rstenlenz.com,unknown,1.0,0,
anne-rosken.de,unknown,1.0,0,
galbreath.de,unknown,1.0,0,
mentoringhessen.de,unknown,1.0,0,
audi-es.de,unknown,1.0,0,
kirche-hamburg-ost.de,unknown,1.0,0,
siegel.work,unknown,1.0,0,
sim.spk-berlin.de,unknown,1.0,0,
kinderdorf.it,unknown,1.0,0,
nddn.de,unknown,1.0,0,
nidec.com,unknown,1.0,0,
hauckundhauck.de,unknown,1.0,0,
michaelneubert.de,unknown,1.0,0,
boersenverein-nord.de,unknown,1.0,0,
ritter-sport.de,unknown,1.0,0,
birgitroettger.com,unknown,1.0,0,
allesdeins.at,unknown,1.0,0,
aerowest.net,unknown,1.0,0,
gt-glas.de,unknown,1.0,0,
obirah.com,unknown,1.0,0,
bgu-frankfurt.de,unknown,1.0,0,
lemoinegermany.com,unknown,1.0,0,
rp-images.de,unknown,1.0,0,
svarv.studio,unknown,1.0,0,
rightmart.de,unknown,1.0,0,
dolmetscher-rumaenisch.de,unknown,1.0,0,
enes.de,unknown,1.0,0,
schwegler-rae.de,unknown,1.0,0,
morafiqy.com,unknown,1.0,0,
tintenfrisch.at,unknown,1.0,0,
goohlema.com,unknown,1.0,0,
jvambt.berlin.de,unknown,1.0,0,
hanke-advisory.de,unknown,1.0,0,
comdeo.de,unknown,1.0,0,
medienwerk.cc,unknown,1.0,0,
pim-blog.de,unknown,1.0,0,
wella.com,unknown,1.0,0,
sprachlit.uni-regensburg.de,unknown,1.0,0,
elli.eco,unknown,1.0,0,
hoermann-automotive.com,unknown,1.0,0,
manook.eu,unknown,1.0,0,
ildikototh.net,unknown,1.0,0,
twinsoft.de,unknown,1.0,0,
hoffmann-group.com,unknown,1.0,0,
dl-secure-it.de,unknown,1.0,0,
gefa.de,unknown,1.0,0,
stepken.de,unknown,1.0,0,
schmitz-waldwirtschaft.de,unknown,1.0,0,
schwan-stabilo.com,unknown,1.0,0,
robert-schaller.eu,unknown,1.0,0,
zfsl.nrw.de,unknown,1.0,0,
margit-ebbers.de,unknown,1.0,0,
pfafflogistik.de,unknown,1.0,0,
tridelta.de,unknown,1.0,0,
ethieme.de,unknown,1.0,0,
jura.uni-hannover.de,unknown,1.0,0,
clever-group.ag,unknown,1.0,0,
lra.landkreis-cham.de,unknown,1.0,0,
cerisun.com,unknown,1.0,0,
bks.at,unknown,1.0,0,
gobs-bispingen.eu,unknown,1.0,0,
baurconsult.com,unknown,1.0,0,
agfa.com,unknown,1.0,0,
matthewes.de,unknown,1.0,0,
wirkungplus.de,unknown,1.0,0,
tiefenbach.eu,unknown,1.0,0,
aloisianum.at,unknown,1.0,0,
fibrecoat.de,unknown,1.0,0,
dr-strohkendl.de,unknown,1.0,0,
bechert.biz,unknown,1.0,0,
marco-schrenk.de,unknown,1.0,0,
asperg.de,unknown,1.0,0,
zuberundmerz.de,unknown,1.0,0,
medtech.tn,unknown,1.0,0,
alg.gr.ch,unknown,1.0,0,
gc-slr.de,unknown,1.0,0,
netze-bw.de,unknown,1.0,0,
teichner.de,unknown,1.0,0,
markus-fischer.name,unknown,1.0,0,
dorntls.de,unknown,1.0,0,
rbs.schulen-steinheim.de,unknown,1.0,0,
frank-wedekind.com,unknown,1.0,0,
reinartz.de,unknown,1.0,0,
kirchner-pr.de,unknown,1.0,0,
bsz-ae-dd.de,unknown,1.0,0,
paulinenpflege.de,unknown,1.0,0,
sommerfoto.de,unknown,1.0,0,
leanza.ch,unknown,1.0,0,
certina-group.com,unknown,1.0,0,
profilog.de,unknown,1.0,0,
helmholtz-hzi.de,unknown,1.0,0,
hollux.de,unknown,1.0,0,
nicodem.biz,unknown,1.0,0,
subsolutions.at,unknown,1.0,0,
issw.uni-heidelberg.de,unknown,1.0,0,
librokloud.com,unknown,1.0,0,
ennepetal.de,unknown,1.0,0,
kuhndesign.de,unknown,1.0,0,
medintim.de,unknown,1.0,0,
balmes-online.de,unknown,1.0,0,
edu.schule-rothrist.ch,unknown,1.0,0,
xyz-hp.de,unknown,1.0,0,
polyglot-kids.com,unknown,1.0,0,
th-reutlingen.de,unknown,1.0,0,
susanne-affenzeller.at,unknown,1.0,0,
webdesign-sieland.de,unknown,1.0,0,
robvanlinda.digital,unknown,1.0,0,
my-vpa.com,unknown,1.0,0,
bloomtoshine.com,unknown,1.0,0,
altun.de,unknown,1.0,0,
urologie-weiss.de,unknown,1.0,0,
kjd.de,unknown,1.0,0,
zai-online.de,unknown,1.0,0,
pa-kemptner.de,unknown,1.0,0,
gym-hd.seminar-bw.de,unknown,1.0,0,
00post.de,unknown,1.0,0,
connecting-humans.de,unknown,1.0,0,
klassarch.uni-kiel.de,unknown,1.0,0,
rexel.at,unknown,1.0,0,
viastore.com,unknown,1.0,0,
celle.de,unknown,1.0,0,
danfoss.com,unknown,1.0,0,
neuerkerode.de,unknown,1.0,0,
biniok.de,unknown,1.0,0,
mb68-consulting.de,unknown,1.0,0,
brainomix.com,unknown,1.0,0,
kps.de,unknown,1.0,0,
ekd-solar.de,unknown,1.0,0,
culmen.de,unknown,1.0,0,
cetto.de,unknown,1.0,0,
onkelboris.c,unknown,1.0,0,
bplusd.de,unknown,1.0,0,
kie.de,unknown,1.0,0,
norbert-gymnasium.de,unknown,1.0,0,
h-j-s.biz,unknown,1.0,0,
sffn.de,unknown,1.0,0,
ase-seniorexperts.com,unknown,1.0,0,
stb.de,unknown,1.0,0,
contract-gmbh.com,unknown,1.0,0,
telc.net,unknown,1.0,0,
hensby-vanwealth.com,unknown,1.0,0,
aimq.de,unknown,1.0,0,
guidoharm.de,unknown,1.0,0,
4xheer.de,unknown,1.0,0,
grellweb.de,unknown,1.0,0,
gutmann.de,unknown,1.0,0,
anklick-bar.de,unknown,1.0,0,
greengrowthfutura.de,unknown,1.0,0,
geobasis-bb.de,unknown,1.0,0,
eschborn.de,unknown,1.0,0,
jobrad.org,unknown,1.0,0,
metz-ce.de,unknown,1.0,0,
mypatent.de,unknown,1.0,0,
nmbgmbh.de,unknown,1.0,0,
ba-sz.berlin.d,unknown,1.0,0,
julianmedia.de,unknown,1.0,0,
engel-mail.net,unknown,1.0,0,
ortho-unfall-muc.de,unknown,1.0,0,
frauenarzt-lorenz.de,unknown,1.0,0,
stiftisches.de,unknown,1.0,0,
dagmarlingg.de,unknown,1.0,0,
hb-ts.de,unknown,1.0,0,
intakt-pf.de,unknown,1.0,0,
stadtbibliothek-leverkusen.de,unknown,1.0,0,
fritz-planung.de,unknown,1.0,0,
freemail.hu,unknown,1.0,0,
itb-online.de,unknown,1.0,0,
tergau-walkenhorst.com,unknown,1.0,0,
onfact.de,unknown,1.0,0,
hotelzoo.de,unknown,1.0,0,
botres.com,unknown,1.0,0,
kanzlei.wente.de,unknown,1.0,0,
baete-behlau.de,unknown,1.0,0,
tanjakaminski.net,unknown,1.0,0,
gymnasium-bammental.de,unknown,1.0,0,
hochheim.de,unknown,1.0,0,
heinze-akademie.de,unknown,1.0,0,
vg.berlin.de,unknown,1.0,0,
dedicated-people.de,unknown,1.0,0,
heller.biz,unknown,1.0,0,
takko.de,unknown,1.0,0,
tzg.online,unknown,1.0,0,
huckgmbh.de,unknown,1.0,0,
zoo-am-meer-bremerhaven.de,unknown,1.0,0,
smscoaching.de,unknown,1.0,0,
flyconnect.de,unknown,1.0,0,
cvjm-hochschule.de,unknown,1.0,0,
europaschule-schwalmtal.logineo.de,unknown,1.0,0,
angulis.de,unknown,1.0,0,
ima-gt.de,unknown,1.0,0,
diwe-dev.de,unknown,1.0,0,
jobzyy.com,unknown,1.0,0,
schroeter-ka.de,unknown,1.0,0,
kuetscher.com,unknown,1.0,0,
roeserweb.de,unknown,1.0,0,
schockmel.eu,unknown,1.0,0,
michele-bauer.de,unknown,1.0,0,
diakonie-sh.de,unknown,1.0,0,
diako-thueringen.de,unknown,1.0,0,
gesundheitsrondell.de,unknown,1.0,0,
roechling.com,unknown,1.0,0,
charite.dw,unknown,1.0,0,
ariad.de,unknown,1.0,0,
wolfcraft.com,unknown,1.0,0,
siegburg.de,unknown,1.0,0,
studierendenwerke.de,unknown,1.0,0,
heyfreeda.com,unknown,1.0,0,
utoronto.ca,unknown,1.0,0,
metro.de,unknown,1.0,0,
elna-fiftyone.de,unknown,1.0,0,
beinbrecht.de,unknown,1.0,0,
martin-gross.net,unknown,1.0,0,
parow-souchon.com,unknown,1.0,0,
veda.net,unknown,1.0,0,
fitt.de,unknown,1.0,0,
wvv.de,unknown,1.0,0,
schuengelschwarz.de,unknown,1.0,0,
tomenendal.de,unknown,1.0,0,
zema.de,unknown,1.0,0,
mp71.de,unknown,1.0,0,
stefan-morsch-stiftung.de,unknown,1.0,0,
ues.edu.sv,unknown,1.0,0,
bjb.com,unknown,1.0,0,
ws-langner.de,unknown,1.0,0,
fraumama.de,unknown,1.0,0,
zander-gruppe.de,unknown,1.0,0,
akad.ch,unknown,1.0,0,
baghaki.com,unknown,1.0,0,
id-industries.com,unknown,1.0,0,
gmil.com,unknown,1.0,0,
riverty.com,unknown,1.0,0,
gmaail.com,unknown,1.0,0,
icloud.con,unknown,1.0,0,
fa35.berlin.de,unknown,1.0,0,
bruker.com,unknown,1.0,0,
bad-salzuflen.de,unknown,1.0,0,
familieburk.de,unknown,1.0,0,
itms.online,unknown,1.0,0,
kreuznacherdiakonie.de,unknown,1.0,0,
montessori-dietzenbach.de,unknown,1.0,0,
stbg-mm.de,unknown,1.0,0,
dr-uwe-brinkmann.de,unknown,1.0,0,
e-anwalt.de,unknown,1.0,0,
katharinastapel.de,unknown,1.0,0,
kkh-hagen.de,unknown,1.0,0,
staatsgalerie.bwl.de,unknown,1.0,0,
gerd-eichinger.de,unknown,1.0,0,
neumann76.de,unknown,1.0,0,
public-experts.de,unknown,1.0,0,
wrave.de,unknown,1.0,0,
ziegelwerkb.de,unknown,1.0,0,
saaleschule.de,unknown,1.0,0,
estrella.capital,unknown,1.0,0,
lbm-speyer.rlp.de,unknown,1.0,0,
nia-medtech.com,unknown,1.0,0,
pr-manufaktur.de,unknown,1.0,0,
gmail.comeãÿ,unknown,1.0,0,
adelmann.eu,unknown,1.0,0,
ziemann-gruppe.de,unknown,1.0,0,
diak-klinikum.de,unknown,1.0,0,
logistik-job.de,unknown,1.0,0,
melansek.de,unknown,1.0,0,
ibw.ch,unknown,1.0,0,
recovery.cat,unknown,1.0,0,
natani.de,unknown,1.0,0,
peek-und-cloppenburg.de,unknown,1.0,0,
seilernet.eu,unknown,1.0,0,
oetmann.de,unknown,1.0,0,
forexnews.bg,unknown,1.0,0,
pioneo.de,unknown,1.0,0,
bsr-geisenheim.de,unknown,1.0,0,
krusat.de,unknown,1.0,0,
schmoele.de,unknown,1.0,0,
andre-nagel.com,unknown,1.0,0,
laasenhof.de,unknown,1.0,0,
lessing-gymnasium-karlsruhe.de,unknown,1.0,0,
solnet.ch,unknown,1.0,0,
akademie-biberach.de,unknown,1.0,0,
confluentes.info,unknown,1.0,0,
wiweko.com,unknown,1.0,0,
hospiz-trier.de,unknown,1.0,0,
herb.bayern,unknown,1.0,0,
komm-it.de,unknown,1.0,0,
praxiswest.de,unknown,1.0,0,
klm.com,unknown,1.0,0,
kolter-ingenieure.de,unknown,1.0,0,
hrz.tu-freiberg.de,unknown,1.0,0,
georgiasouthern.edu,unknown,1.0,0,
lk-bs.de,unknown,1.0,0,
awsh.de,unknown,1.0,0,
traveljunkies.tours,unknown,1.0,0,
online-schorsch.de,unknown,1.0,0,
drberndt.de,unknown,1.0,0,
feldhoffer.de,unknown,1.0,0,
marweb.de,unknown,1.0,0,
europten.com,unknown,1.0,0,
dornier-group.com,unknown,1.0,0,
bta-weiterbildung.de,unknown,1.0,0,
vpe.de,unknown,1.0,0,
dm.at,unknown,1.0,0,
germanistik.uni-freiburg.de,unknown,1.0,0,
bskp.de,unknown,1.0,0,
wiwi.tu-chemnitz.de,unknown,1.0,0,
rrn.org.np,unknown,1.0,0,
bawi.info,unknown,1.0,0,
daliamoniat.com,unknown,1.0,0,
eks.ch,unknown,1.0,0,
kijek.de,unknown,1.0,0,
visiref.de,unknown,1.0,0,
diakoneo.de,unknown,1.0,0,
hww.eu,unknown,1.0,0,
fexxa.de,unknown,1.0,0,
drv-bw.de,unknown,1.0,0,
bollmann.com,unknown,1.0,0,
bobbio.net,unknown,1.0,0,
konsum-digital.de,unknown,1.0,0,
ag-schwerin.mv-justiz.de,unknown,1.0,0,
wurth-international.com,unknown,1.0,0,
fa23.berlin.de,unknown,1.0,0,
alf.world,unknown,1.0,0,
trw.com,unknown,1.0,0,
bfj.bund.de,unknown,1.0,0,
bbk.schule,unknown,1.0,0,
cs-cms.de,unknown,1.0,0,
medicus-today.com,unknown,1.0,0,
bautalents.de,unknown,1.0,0,
familie-sonntag.com,unknown,1.0,0,
sozial-pr.net,unknown,1.0,0,
netcetera.com,unknown,1.0,0,
eda.admin.ch,unknown,1.0,0,
nct-heidelberg.de,unknown,1.0,0,
sti.valantic.com,unknown,1.0,0,
s-san.de,unknown,1.0,0,
rhein-lahn.rlp.de,unknown,1.0,0,
alka-celic.de,unknown,1.0,0,
bildung-next-level.de,unknown,1.0,0,
edu.schulbfi.at,unknown,1.0,0,
isen.yncrea.fr,unknown,1.0,0,
thomas-mann.org,unknown,1.0,0,
integration-factory.de,unknown,1.0,0,
trimet.de,unknown,1.0,0,
dessg.de,unknown,1.0,0,
folio-lektorat.de,unknown,1.0,0,
stift-thueringen.de,unknown,1.0,0,
experte-test.com,unknown,1.0,0,
inbox.ondmarc.com,unknown,1.0,0,
bad-berleburg.de,unknown,1.0,0,
brandecker.com,unknown,1.0,0,
wortefueralle.com,unknown,1.0,0,
ectaveo.ch,unknown,1.0,0,
klevenhusen.de,unknown,1.0,0,
kormann.info,unknown,1.0,0,
darvuelta.de,unknown,1.0,0,
tahayildiz.de,unknown,1.0,0,
rsb-bad.de,unknown,1.0,0,
kraemers-postfach.de,unknown,1.0,0,
boulaghmal.de,unknown,1.0,0,
bochumerakademie.de,unknown,1.0,0,
kessler-oldenburg.de,unknown,1.0,0,
redi-school.org,unknown,1.0,0,
polgargym.at,unknown,1.0,0,
gofind-trail.de,unknown,1.0,0,
drk-limburg.de,unknown,1.0,0,
bargteheide.de,unknown,1.0,0,
forsten.berlin.de,unknown,1.0,0,
gcs-consulting.de,unknown,1.0,0,
luebeck.org,unknown,1.0,0,
ttbl.de,unknown,1.0,0,
mlkg.schule,unknown,1.0,0,
resilienz-residenz.de,unknown,1.0,0,
deitersen.de,unknown,1.0,0,
perkinelmer.com,unknown,1.0,0,
avery.com,unknown,1.0,0,
portfolio-concept.de,unknown,1.0,0,
evawoerner.de,unknown,1.0,0,
braitling.de,unknown,1.0,0,
wirksamdigital.com,unknown,1.0,0,
yvonne-frohwerk.de,unknown,1.0,0,
elbe-werkstaetten.de,unknown,1.0,0,
schuhl-online.de,unknown,1.0,0,
asigermany.de,unknown,1.0,0,
postcode-lotterie.de,unknown,1.0,0,
glasfaser-nordwest.de,unknown,1.0,0,
hospicall.com,unknown,1.0,0,
bazzline.net,unknown,1.0,0,
smartfeld.ch,unknown,1.0,0,
mil.brandenburg.de,unknown,1.0,0,
drk-lippe.de,unknown,1.0,0,
alasco.de,unknown,1.0,0,
koos.at,unknown,1.0,0,
kreis-pinneberg.de,unknown,1.0,0,
vgdiez.de,unknown,1.0,0,
cassini.de,unknown,1.0,0,
rietzler-gruppe.de,unknown,1.0,0,
zerobotics.de,unknown,1.0,0,
oscarweil.de,unknown,1.0,0,
esanum.de,unknown,1.0,0,
dynatrace.com,unknown,1.0,0,
moebel-bohn.de,unknown,1.0,0,
hpz-paf.de,unknown,1.0,0,
currentglobal.com,unknown,1.0,0,
musterschule.de,unknown,1.0,0,
habmann.info,unknown,1.0,0,
glauchau.de,unknown,1.0,0,
anja-zoerner.de,unknown,1.0,0,
c-rack.de,unknown,1.0,0,
kvchur.ch,unknown,1.0,0,
shltm.de,unknown,1.0,0,
passmail.com,unknown,1.0,0,
bezirk-mittelfranken.de,unknown,1.0,0,
bvs-bk.de,unknown,1.0,0,
boehmler.de,unknown,1.0,0,
schroeder-hh.eu,unknown,1.0,0,
sentko.de,unknown,1.0,0,
strellson.com,unknown,1.0,0,
an-co.de,unknown,1.0,0,
rosch-delta.com,unknown,1.0,0,
kw-berlin.de,unknown,1.0,0,
marketpro.de,unknown,1.0,0,
mafessoni.de,unknown,1.0,0,
rit.edu,unknown,1.0,0,
vgr-gruppe.de,unknown,1.0,0,
sjga.de,unknown,1.0,0,
gras.li,unknown,1.0,0,
kuebler-spedition.de,unknown,1.0,0,
eduschulenbfi.at,unknown,1.0,0,
edu.schulenfi.at,unknown,1.0,0,
berndfruehling.de,unknown,1.0,0,
lappsoft.de,unknown,1.0,0,
hdnet.de,unknown,1.0,0,
literaturhaus-berlin.de,unknown,1.0,0,
hvk.schule,unknown,1.0,0,
evo-energie.de,unknown,1.0,0,
schnoorimmobilien.de,unknown,1.0,0,
exposedna.com,unknown,1.0,0,
aim-akademie.org,unknown,1.0,0,
mahnaz.de,unknown,1.0,0,
remote-works.de,unknown,1.0,0,
trainig.lug-ag.de,unknown,1.0,0,
airamed.de,unknown,1.0,0,
doz.ibadual.com,unknown,1.0,0,
dwbsm.de,unknown,1.0,0,
ephesusweb.de,unknown,1.0,0,
marme.de,unknown,1.0,0,
mogash.com,unknown,1.0,0,
hoppenlau.de,unknown,1.0,0,
schuleflaachtal.ch,unknown,1.0,0,
hpos.lernsax.de,unknown,1.0,0,
i-m-k.de,unknown,1.0,0,
oberlandesgericht.bremen.de,unknown,1.0,0,
wuet.de,unknown,1.0,0,
mzkb.de,unknown,1.0,0,
bildung-ooe.gv.at,unknown,1.0,0,
paulushaus.de,unknown,1.0,0,
pathologie-muenchen.de,unknown,1.0,0,
sus.schulen-horw.ch,unknown,1.0,0,
jekauc.de,unknown,1.0,0,
kallenborn.info,unknown,1.0,0,
mpiib-berlin.mpg.de,unknown,1.0,0,
node.energy,unknown,1.0,0,
katharina-bellmann.de,unknown,1.0,0,
futurfai.com,unknown,1.0,0,
conbau.com,unknown,1.0,0,
kanzlei-gille.com,unknown,1.0,0,
wielaender.de,unknown,1.0,0,
aeg-kaarst.org,unknown,1.0,0,
bbs-wissen.de,unknown,1.0,0,
lauschbar.de,unknown,1.0,0,
pepping-online.de,unknown,1.0,0,
jaclar.at,unknown,1.0,0,
aihax.ai,unknown,1.0,0,
coffeemaster.de,unknown,1.0,0,
meindl-entsorgung.de,unknown,1.0,0,
ggs-daudenzell.de,unknown,1.0,0,
uni-hannover.de,unknown,1.0,0,
mitlinx.de,unknown,1.0,0,
das-stress-studio.de,unknown,1.0,0,
edu.unito.it,unknown,1.0,0,
manfred-rose.de,unknown,1.0,0,
daniela-ewers.de,unknown,1.0,0,
wer-wie.de,unknown,1.0,0,
mimibaumgart.de,unknown,1.0,0,
cscholl-immobilien.de,unknown,1.0,0,
sm.bwl.de,unknown,1.0,0,
haedicke.de,unknown,1.0,0,
petra-krasemann.de,unknown,1.0,0,
nicola-aale.com,unknown,1.0,0,
mseuf.edu.ph,unknown,1.0,0,
nabard.org,unknown,1.0,0,
wilabonn.de,unknown,1.0,0,
zanv.de,unknown,1.0,0,
andre-gross.de,unknown,1.0,0,
lrabb.de,unknown,1.0,0,
hor-dresden.de,unknown,1.0,0,
atikon.com,unknown,1.0,0,
siriuspartners.eu,unknown,1.0,0,
roiteam.com,unknown,1.0,0,
meranandbeacock.com,unknown,1.0,0,
polizei.brandenburg.de,unknown,1.0,0,
fzeka.lernsax.de,unknown,1.0,0,
gmx.ds,unknown,1.0,0,
parsqube.de,unknown,1.0,0,
fm-petit.de,unknown,1.0,0,
sindra-rheine.de,unknown,1.0,0,
bayern-fass.de,unknown,1.0,0,
mobile-software.ag,unknown,1.0,0,
cognigy.com,unknown,1.0,0,
hausverwaltung-koeln.com,unknown,1.0,0,
pixelstun.de,unknown,1.0,0,
bogner.com,unknown,1.0,0,
umg.ac.id,unknown,1.0,0,
isdfeniqs.com,unknown,1.0,0,
eur.nl,unknown,1.0,0,
tlvwa.thueringen.de,unknown,1.0,0,
krebshilfe.de,unknown,1.0,0,
inosolve.com,unknown,1.0,0,
bbz-mitte.de,unknown,1.0,0,
mittwald.de,unknown,1.0,0,
bsdwest.de,unknown,1.0,0,
traub-gmbh.de,unknown,1.0,0,
butchereit.de,unknown,1.0,0,
rebeq.de,unknown,1.0,0,
his-he.de,unknown,1.0,0,
dr-atomic.de,unknown,1.0,0,
wpvonarnim.de,unknown,1.0,0,
amt-nordstormarn.de,unknown,1.0,0,
pgs-solutions.de,unknown,1.0,0,
deula.de,unknown,1.0,0,
meyer-schoenherr.de,unknown,1.0,0,
dr-rath.de,unknown,1.0,0,
bk-h.de,unknown,1.0,0,
matari.ch,unknown,1.0,0,
katsiouras.de,unknown,1.0,0,
kai4all.de,unknown,1.0,0,
lauer-weiss.de,unknown,1.0,0,
deutscheoperberlin.de,unknown,1.0,0,
sg.berlin.de,unknown,1.0,0,
lipoid-kosmetik.com,unknown,1.0,0,
eto.de,unknown,1.0,0,
w-weingarten.com,unknown,1.0,0,
dksb-dresden.de,unknown,1.0,0,
holzbauing.ch,unknown,1.0,0,
pickmotion.de,unknown,1.0,0,
feo-berlin.de,unknown,1.0,0,
systemicscout.de,unknown,1.0,0,
eumara.com,unknown,1.0,0,
j711.de,unknown,1.0,0,
jensthelen.de,unknown,1.0,0,
lavaggio.pl,unknown,1.0,0,
anwaltskanzlei-online.de,unknown,1.0,0,
dorogosling.com,unknown,1.0,0,
patrickmeller.de,unknown,1.0,0,
fa-rapp.de,unknown,1.0,0,
qii.de,unknown,1.0,0,
schell.eu,unknown,1.0,0,
aws-schaefer.de,unknown,1.0,0,
membrapure.de,unknown,1.0,0,
data-science.training,unknown,1.0,0,
mohari.de,unknown,1.0,0,
kai-altenhof.de,unknown,1.0,0,
wallnernet.de,unknown,1.0,0,
ibavi.de,unknown,1.0,0,
stud.unilu.ch,unknown,1.0,0,
wamser.life,unknown,1.0,0,
c4datamanagement.at,unknown,1.0,0,
siemens-ergy.com,unknown,1.0,0,
energieagentur.rlp.de,unknown,1.0,0,
amt-buesum-wesselburen.de,unknown,1.0,0,
homeday.de,unknown,1.0,0,
verbio.de,unknown,1.0,0,
honestly.com,unknown,1.0,0,
rathmayer.de,unknown,1.0,0,
pfs-ka.seminar-bw.de,unknown,1.0,0,
random42.aleeas.com,unknown,1.0,0,
max-wessling.de,unknown,1.0,0,
aki-institut.org,unknown,1.0,0,
stiftundsinn.de,unknown,1.0,0,
coma.de,unknown,1.0,0,
unitedschool.schule,Swizerland,1.0,0,
hph-bsb.de,Germany,1.0,0,
wrc.edu.np,Nepal,1.0,Tribhuvan University,
die-kommunikationstrainerin.at,Austria,1.0,0,
physiozug.ch,Swizerland,1.0,0,
stud.uni,Germany,1.0,0,
nicoleraukamp.com,unknown,1.0,0,
edu.donua-uni.ac.at,Austria,2.0,Universität für Weiterbildung Krems,
rkw-sachsenanhalt.de,unknown,1.0,0,
ufop.edu.br,Brezil,2.0,Universidade Federal de Ouro Preto,
petraweihs.de,unknown,1.0,0,
pharmatechnik.de,unknown,1.0,0,
alphabit.info,unknown,1.0,0,
aurubis.com,unknown,1.0,0,
vhs.lueneburg.de,unknown,1.0,0,
drkchemnitz.de,unknown,1.0,0,
kaisercommunication.de,unknown,1.0,0,
prounix.de,unknown,1.0,0,
hilscher.com,unknown,1.0,0,
lsj-sachsen.de,unknown,1.0,0,
unisort.com,unknown,1.0,0,
eqos-kommunikation.com,unknown,1.0,0,
vwa.edu.vn,Vietnam,2.0,Vietnam Women's Academy,
friedrichsen.biz,unknown,1.0,0,
qoph.de,unknown,1.0,0,
planung-sachs.de,unknown,1.0,0,
uni-koblenz.de.com,Germany,2.0,Universität Koblenz,
aphiliate.ch,unknown,1.0,0,
kamphans-consulting.de,unknown,1.0,0,
alphamark.de,unknown,1.0,0,
philipp-marquardt.de,unknown,1.0,0,
adragos-pharma.com,unknown,1.0,0,
hs-rottenburg.de,Germany,2.0,Hochschule für Forstwirtschaft Rottenburg,
afh-luebecl.de,unknown,1.0,0,
kamphoefener.de,unknown,1.0,0,
bau.edu.tr,Turkey,2.0,Bahcesehir University,
phoenixstudiosst.com,unknown,1.0,0,
windolph-media.de,unknown,1.0,0,
stefanie-junius.de,unknown,1.0,0,
bz-gifhorn.de,unknown,1.0,0,
stackit.cloud,unknown,1.0,0,
m4edu.pro,unknown,1.0,0,
edu.uni-seeburg.at,Austria,2.0,Privatuniversität Schloss Seeburg,
alphacam.de,unknown,1.0,0,
phgr.ch,Switzerland,2.0,Pädagogische Hochschule Graubünden,
stephanblum.net,unknown,1.0,0,
smi.sachsen.de,unknown,1.0,0,
dunix.de,unknown,1.0,0,
polizei.sachsen-anhalt.de,unknown,1.0,0,
teacher.rahn.education,unknown,1.0,0,
montessoriverein-chemnitz.de,unknown,1.0,0,
mwk.niedersachsen.de,unknown,1.0,0,
marcusbauer.tv,unknown,1.0,0,
fhg-tirol.ac.at,Austria,2.0,FH Gesundheit Tirol,
althoffhotels.com,unknown,1.0,0,
dhsn.de,Germany,2.0,Duale Hochschule Sachsen,
vhs-dresden.de,unknown,1.0,0,
nlpvw.niedersachsen.de,unknown,1.0,0,
ads.uni-passau,unknown,1.0,0,
vollmarcommunications.de,unknown,1.0,0,
philipp-gotterbarm.de,unknown,1.0,0,
shs-consulting.de,unknown,1.0,0,
ac-reunion.fr,unknown,1.0,0,
mailbox.uni-due.de,Germany,2.0,Universität Duisburg-Essen,
physio2brain.de,unknown,1.0,0,
nla.niedersachsen.de,unknown,1.0,0,
unitedschool.ch,unknown,1.0,0,
nlq-niedersachsen.de,unknown,1.0,0,
unikonstanz.de,Germany,2.0,Universität Konstanz,
itu.edu.tr,Turkey,2.0,Instanbul Technical University,
x-it-service.de,unknown,1.0,0,
iq-realestate.de,unknown,1.0,0,
performanord.bremen.de,unknown,1.0,0,
stud.thga.de,unknown,1.0,0,
xpecto.com,unknown,1.0,0,
wqs.de,unknown,1.0,0,
gabo.de,unknown,1.0,0,
xella.com,unknown,1.0,0,
ins.uni-bonn.de,unknown,1.0,0,
schueler.ks-lahr.de,unknown,1.0,0,
eurokey.de,unknown,1.0,0,
wgv-portal.de,unknown,1.0,0,
alberto-pants.com,unknown,1.0,0,
aurelia-holding.de,unknown,1.0,0,
reilingen.de,unknown,1.0,0,
wege-bielefeld.de,unknown,1.0,0,
pci.uni-hannover.de,unknown,1.0,0,
ash-berlin.de,unknown,1.0,0,
m-net.de,unknown,1.0,0,
physik.uni-bonn.de,unknown,1.0,0,
asv.bremen.de,unknown,1.0,0,
europace.de,unknown,1.0,0,
ifu.uni-stuttgart.de,unknown,1.0,0,
sits.com,unknown,1.0,0,
ibisacam.co.at,unknown,1.0,0,
jura.uni-bonn.de,unknown,1.0,0,
study.katho-nrw.de,unknown,1.0,0,
infraserv.com,unknown,1.0,0,
mglb.de,unknown,1.0,0,
ia.uni-stuttgart.de,unknown,1.0,0,
schwaebischhall.de,unknown,1.0,0,
faculty.accadis.com,unknown,1.0,0,
nidda.de,unknown,1.0,0,
leibniz-lib.de,unknown,1.0,0,
eiszoone.de,unknown,1.0,0,
cut-energy.de,unknown,1.0,0,
elaine.io,unknown,1.0,0,
ndb.badw.de,unknown,1.0,0,
he-esslingen.de,unknown,1.0,0,
bk.hamburg.de,unknown,1.0,0,
agu-management.de,unknown,1.0,0,
dieberater.com,unknown,1.0,0,
chocoversum.de,unknown,1.0,0,
carlgross.de,unknown,1.0,0,
mayen.de,unknown,1.0,0,
rodunercom.ch,unknown,1.0,0,
wurm.de,unknown,1.0,0,
interflon.de,unknown,1.0,0,
marburg-stadt.de,unknown,1.0,0,
ili.digital,unknown,1.0,0,
gesundheit.bremen.de,unknown,1.0,0,
nottuln.de,unknown,1.0,0,
drg.de,unknown,1.0,0,
gmal.com,unknown,1.0,0,
unbox.at,unknown,1.0,0,
promantis.de,unknown,1.0,0,
frankenhardt.de,unknown,1.0,0,
gvnw.de,unknown,1.0,0,
drgueldener.de,unknown,1.0,0,
pmainz.de,unknown,1.0,0,
lanuk.nrw.de,unknown,1.0,0,
bsinfo.eu,unknown,1.0,0,
gv.hamburg.de,unknown,1.0,0,
pg.com,unknown,1.0,0,
schulung-bbw.de,unknown,1.0,0,
stud.hs-kehl.de,unknown,1.0,0,
studmail.de,unknown,1.0,0,
gsta.spk-berlin.de,unknown,1.0,0,
deutscheschulsportstiftung.de,unknown,1.0,0,
kern.bayern.de,unknown,1.0,0,
dornbirn.sparkasse.at,unknown,1.0,0,
inneres.bremen.de,unknown,1.0,0,
bdnets.com,unknown,1.0,0,
reclam.de,unknown,1.0,0,
kanzleioptimisten.de,unknown,1.0,0,
madsack.de,unknown,1.0,0,
arno-design.de,unknown,1.0,0,
volkswohl-bund.de,unknown,1.0,0,
bottrop.de,unknown,1.0,0,
fairnet.de,unknown,1.0,0,
baden-baden.de,unknown,1.0,0,
wiiw.ac.at,unknown,1.0,0,
lat.de,unknown,1.0,0,
sportamt.bremen.de,unknown,1.0,0,
gemeinde-heidesee.de,unknown,1.0,0,
tln.bbw-hamburg.de,unknown,1.0,0,
bwai.hamburg.de,unknown,1.0,0,
pasewalk.de,unknown,1.0,0,
stumail.hwg-lu.de,unknown,1.0,0,
nauen.de,unknown,1.0,0,
afsd.bremen.de,unknown,1.0,0,
maera.de,unknown,1.0,0,
ukleemann.de,unknown,1.0,0,
adm.hfm-berlin.de,unknown,1.0,0,
ndb.badw-muenchen.de,unknown,1.0,0,
samedi.de,unknown,1.0,0,
bbs-holzminden.de,unknown,1.0,0,
lotto-berlin.de,unknown,1.0,0,
myconsult.de,unknown,1.0,0,
fz-gr.lernsax.de,unknown,1.0,0,
soziales.bremen.de,unknown,1.0,0,
bau.bremen.de,unknown,1.0,0,
bsz-neuburg.de,unknown,1.0,0,
tefsfdst12fsf3.com,unknown,1.0,0,
precitec.de,unknown,1.0,0,
soka-bau.de,unknown,1.0,0,
ikk-sw.de,unknown,1.0,0,
traxion.com,unknown,1.0,0,
gv-rangsdorf.de,unknown,1.0,0,
habisreutinger.de,unknown,1.0,0,
vreden.de,unknown,1.0,0,
andrasjung.de,unknown,1.0,0,
byana.de,unknown,1.0,0,
koenigsbrunn.de,unknown,1.0,0,
gmai.com,unknown,1.0,0,
lbv.hamburg.de,unknown,1.0,0,
serv-vision.de,unknown,1.0,0,
kieler-ostufer.de,unknown,1.0,0,
wbg-wob.de,unknown,1.0,0,
kh.de,unknown,1.0,0,
preh.de,unknown,1.0,0,
schifferstadt.de,unknown,1.0,0,
pxc.io,unknown,1.0,0,
sum-rg.at,unknown,1.0,0,
saschawolff.de,unknown,1.0,0,
kasse.hamburg.de,unknown,1.0,0,
huessergmuer.ch,unknown,1.0,0,
kae.be,unknown,1.0,0,
swansea.ac.uk,unknown,1.0,0,
admeta.at,unknown,1.0,0,
isoe.de,unknown,1.0,0,
wwb.de,unknown,1.0,0,
organisationsmanagement.online,unknown,1.0,0,
zirnig.at,unknown,1.0,0,
partners4excellence.de,unknown,1.0,0,
nexeria.de,unknown,1.0,0,
c-m-nextlevel.de,unknown,1.0,0,
ib-3d.de,unknown,1.0,0,
katharinasarbach-consulting.ch,unknown,1.0,0,
wertkonzepte.com,unknown,1.0,0,
itu.com.tr,unknown,1.0,0,
henrykrumb.de,unknown,1.0,0,
eks-krefeld.de,unknown,1.0,0,
cinestar.de,unknown,1.0,0,
closeup.de,unknown,1.0,0,
anova.de,unknown,1.0,0,
mpe.mpg.de,unknown,1.0,0,
schloss-gaienhofen.email,unknown,1.0,0,
agfw.de,unknown,1.0,0,
truckenthanner.com,unknown,1.0,0,
ihkdigital.de,unknown,1.0,0,
scubitus.de,unknown,1.0,0,
nmsschrems.ac.at,unknown,1.0,0,
klinikallianz.com,unknown,1.0,0,
bz-wobi.de,unknown,1.0,0,
casa.or.at,unknown,1.0,0,
4all.at,unknown,1.0,0,
ga1a.net,unknown,1.0,0,
myvisualminds.org,unknown,1.0,0,
mante.info,unknown,1.0,0,
gmmail.com,unknown,1.0,0,
lechtal.at,unknown,1.0,0,
stegemeyer.eu,unknown,1.0,0,
grundschule-amelinghausen.de,unknown,1.0,0,
ufms.br,unknown,1.0,0,
drk-oe.de,unknown,1.0,0,
runde-team.de,unknown,1.0,0,
ngd.de,unknown,1.0,0,
histosem.uni-kiel.de,unknown,1.0,0,
patrickadamek.de,unknown,1.0,0,
lgr.ch,unknown,1.0,0,
gentner.de,unknown,1.0,0,
avio.de,unknown,1.0,0,
dietz.eu,unknown,1.0,0,
pichler-edv.at,unknown,1.0,0,
osmaniye.edu.tr,unknown,1.0,0,
auf.bundeswehr.de,unknown,1.0,0,
gs-riesenbeck.de,unknown,1.0,0,
sigmund-freud-institut.de,unknown,1.0,0,
statistik.ji.zh.ch,unknown,1.0,0,
kkag.com,unknown,1.0,0,
epilepsiezentrum.de,unknown,1.0,0,
kindermann.de,unknown,1.0,0,
fmx.de,unknown,1.0,0,
mllev.landsh.de,unknown,1.0,0,
amtfuermigration.hamburg.de,unknown,1.0,0,
neumayer-stiftung.de,unknown,1.0,0,
traumgarten.de,unknown,1.0,0,
psychologie.uni-hannover.de,unknown,1.0,0,
tuleva.de,unknown,1.0,0,
bingen.de,unknown,1.0,0,
ogr.gelisim.edu.tr,unknown,1.0,0,
uhem.itu.edu.tr,unknown,1.0,0,
herford.de,unknown,1.0,0,
mink-buersten.de,unknown,1.0,0,
vkmb.com,unknown,1.0,0,
cultur-a.de,unknown,1.0,0,
scheinkoenig.com,unknown,1.0,0,
wei-sen.de,unknown,1.0,0,
jadebay.de,unknown,1.0,0,
sb3c.de,unknown,1.0,0,
lacharente.fr,unknown,1.0,0,
gail.com,unknown,1.0,0,
agindi.de,unknown,1.0,0,
konze.de,unknown,1.0,0,
rh-wd.de,unknown,1.0,0,
dalyanfoundation.ch,unknown,1.0,0,
bbs1-northeim.de,unknown,1.0,0,
haag-dettingen.de,unknown,1.0,0,
masters-of-marketing.de,unknown,1.0,0,
laka-bw.de,unknown,1.0,0,
bsz-neumarkt.de,unknown,1.0,0,
grieper.de,unknown,1.0,0,
chiru.med.uni-giessen.de,unknown,1.0,0,
vander-thies.de,unknown,1.0,0,
opemo.de,unknown,1.0,0,
condenast.com,unknown,1.0,0,
annajagdmann.de,unknown,1.0,0,
t.moving-bits.net,unknown,1.0,0,
aron-homberg.de,unknown,1.0,0,
reinhardthenkelmann.de,unknown,1.0,0,
hoheluft.hamburg.de,unknown,1.0,0,
publicsmiles.com,unknown,1.0,0,
systain.com,unknown,1.0,0,
noventic.com,unknown,1.0,0,
die-tauchbasis.de,unknown,1.0,0,
ru.schulerzbistum.de,unknown,1.0,0,
ministrygroup.de,unknown,1.0,0,
uhl.ch,unknown,1.0,0,
pg-safety.com,unknown,1.0,0,
nvent.com,unknown,1.0,0,
brueckner-textile.com,unknown,1.0,0,
blueitem.de,unknown,1.0,0,
bs-landsberg.de,unknown,1.0,0,
modell-hohenlohe.de,unknown,1.0,0,
alumni.usp.br,unknown,1.0,0,
velbert.de,unknown,1.0,0,
baek-nb.de,unknown,1.0,0,
gbbk.de,unknown,1.0,0,
skrabar.com,unknown,1.0,0,
scylla-akademie.de,unknown,1.0,0,
familie-haefele.de,unknown,1.0,0,
potentialu.co,unknown,1.0,0,
gleich-it.com,unknown,1.0,0,
ieg.fraunhofer.de,unknown,1.0,0,
orangecyberdefense.com,unknown,1.0,0,
wujkiw.de,unknown,1.0,0,
amea-consulting.de,unknown,1.0,0,
exovo.org,unknown,1.0,0,
trojovsky1.de,unknown,1.0,0,
bs-pinneberg.de,unknown,1.0,0,
martius.de,unknown,1.0,0,
mediation-titze.de,unknown,1.0,0,
gerwig.ch,unknown,1.0,0,
frs.co.at,unknown,1.0,0,
nachhaltig-sichtbar.ch,unknown,1.0,0,
leania.co,unknown,1.0,0,
aha-jugendhilfe.de,unknown,1.0,0,
team-one.de,unknown,1.0,0,
cyledge.com,unknown,1.0,0,
hausgross.de,unknown,1.0,0,
sw-ol.de,unknown,1.0,0,
crijoto.gmbh,unknown,1.0,0,
dewaldnet.de,unknown,1.0,0,
simonduss.ch,unknown,1.0,0,
ksbk.de,unknown,1.0,0,
bztg-oldenburg.de,unknown,1.0,0,
digital-transfer.net,unknown,1.0,0,
greenhouse-schools.de,unknown,1.0,0,
puchi.eu,unknown,1.0,0,
eberle-corporatewear.de,unknown,1.0,0,
docatwork.de,unknown,1.0,0,
emailhub.kr,unknown,1.0,0,
hammele.eu,unknown,1.0,0,
triangility.com,unknown,1.0,0,
duesseldorfer-akademie.de,unknown,1.0,0,
deine-dgb.de,unknown,1.0,0,
die-keimzelle.de,unknown,1.0,0,
sol-sports.net,unknown,1.0,0,
tim-hensel.de,unknown,1.0,0,
neue-arbeit-essen.de,unknown,1.0,0,
treuen.de,unknown,1.0,0,
adveniat.de,unknown,1.0,0,
stubenbastei.at,unknown,1.0,0,
hogl.de,unknown,1.0,0,
rvwg-netz.de,unknown,1.0,0,
axians-infoma.de,unknown,1.0,0,
6frankes.de,unknown,1.0,0,
katharinadufner.de,unknown,1.0,0,
rizz-marketing.de,unknown,1.0,0,
hosti.de,unknown,1.0,0,
ankemenzler.com,unknown,1.0,0,
marienburger-golfclub.de,unknown,1.0,0,
ralfdick.de,unknown,1.0,0,
vdk.de,unknown,1.0,0,
radiologie-kapweg.de,unknown,1.0,0,
tafel.de,unknown,1.0,0,
online.no,unknown,1.0,0,
gemeinde-wangen.de,unknown,1.0,0,
on-geo.de,unknown,1.0,0,
tma-milk.com,unknown,1.0,0,
galeriee.de,unknown,1.0,0,
rothkopf-huberty.de,unknown,1.0,0,
kuenkel.tech,unknown,1.0,0,
awo-rostock.de,unknown,1.0,0,
cohu.com,unknown,1.0,0,
pronovabkk.de,unknown,1.0,0,
skript-consulting.de,unknown,1.0,0,
craemer.info,unknown,1.0,0,
gepa.de,unknown,1.0,0,
grundig-gbs.com,unknown,1.0,0,
bbs-bassgeige.de,unknown,1.0,0,
psychotherapie-kauffmann.de,unknown,1.0,0,
stadtwerke-gaggenau.de,unknown,1.0,0,
paritaet-hessen.org,unknown,1.0,0,
feron.de,unknown,1.0,0,
vebs.de,unknown,1.0,0,
jaquelinehoffmann.de,unknown,1.0,0,
stadt-datteln.de,unknown,1.0,0,
lra-oa.bayern.de,unknown,1.0,0,
pauline-schlenker.com,unknown,1.0,0,
kraehahn.com,unknown,1.0,0,
e.email,unknown,1.0,0,
manfredheider.de,unknown,1.0,0,
schulelyss.ch,unknown,1.0,0,
gips-sl.nl,unknown,1.0,0,
changeable.de,unknown,1.0,0,
dbott.eu,unknown,1.0,0,
woi.guru,unknown,1.0,0,
kobi-gymnasium.de,unknown,1.0,0,
thw-vost.de,unknown,1.0,0,
grobimed.de,unknown,1.0,0,
primus.or.at,unknown,1.0,0,
potsdam-mittelmark.de,unknown,1.0,0,
wurzer-umwelt.de,unknown,1.0,0,
krippel.org,unknown,1.0,0,
lohfert.net,unknown,1.0,0,
barmelweid.ch,unknown,1.0,0,
beckmarcel.de,unknown,1.0,0,
nikolaushoenig.com,unknown,1.0,0,
sarecki.de,unknown,1.0,0,
johann-maier.de,unknown,1.0,0,
dess.de,unknown,1.0,0,
funnybaby.de,unknown,1.0,0,
sarahathletics.com,unknown,1.0,0,
metanow.ae,unknown,1.0,0,
stuetzle-energieberatung.de,unknown,1.0,0,
klinikum-lev.de,unknown,1.0,0,
mi-connect.de,unknown,1.0,0,
ecovadis.com,unknown,1.0,0,
kreis-unna.de,unknown,1.0,0,
ll-facility.de,unknown,1.0,0,
wedekinder.de,unknown,1.0,0,
polizei-rlp.de,unknown,1.0,0,
vinzenz-sd.de,unknown,1.0,0,
goldenova.de,unknown,1.0,0,
catella-pm.de,unknown,1.0,0,
itgain.de,unknown,1.0,0,
udea.edu.co,unknown,1.0,0,
geschichte.uni-regensburg.de,unknown,1.0,0,
krause-leipzig.eu,unknown,1.0,0,
cashflowquartier.com,unknown,1.0,0,
nct-dresden.de,unknown,1.0,0,
revati.de,unknown,1.0,0,
filipx.com,unknown,1.0,0,
kretle.de,unknown,1.0,0,
bh-b.de,unknown,1.0,0,
mildenberger-peter.de,unknown,1.0,0,
iqhb.bremen.de,unknown,1.0,0,
wissenschaft.bremen.de,unknown,1.0,0,
constantia-versicherungen.de,unknown,1.0,0,
kinder.bremen.de,unknown,1.0,0,
sts-lurup.de,unknown,1.0,0,
hubit.de,unknown,1.0,0,
wdt.de,unknown,1.0,0,
md-nord.de,unknown,1.0,0,
rkt.de,unknown,1.0,0,
bvv.de,unknown,1.0,0,
nuernberg-gummi.de,unknown,1.0,0,
lra-wm.bayern.de,unknown,1.0,0,
wigge.eu,unknown,1.0,0,
mevis.de,unknown,1.0,0,
psi.ch,unknown,1.0,0,
staatsanwalt.bremen.de,unknown,1.0,0,
sprinkenhof.de,unknown,1.0,0,
koester.club,unknown,1.0,0,
viamedis.de,unknown,1.0,0,
cablemail.de,unknown,1.0,0,
pc-doc.ch,unknown,1.0,0,
dr-arabin.de,unknown,1.0,0,
komericki.com,unknown,1.0,0,
sapp.co.at,unknown,1.0,0,
schwelm.de,unknown,1.0,0,
felchlin.com,unknown,1.0,0,
ac.at,unknown,1.0,0,
aekhb.de,unknown,1.0,0,
landkreis-zwickau.de,unknown,1.0,0,
gymnasium-eisenstadt.at,unknown,1.0,0,
schlich.org,unknown,1.0,0,
sovanta.com,unknown,1.0,0,
energieallianz-bayern.de,unknown,1.0,0,
haberkorn.com,unknown,1.0,0,
wangerooge.de,unknown,1.0,0,
tuebingen.de,unknown,1.0,0,
aktas-consulting.com,unknown,1.0,0,
mcg-kirchzarten.de,unknown,1.0,0,
iec.tu-freiberg.de,unknown,1.0,0,
jahn-bb.de,unknown,1.0,0,
reinheim.de,unknown,1.0,0,
kkimk.de,unknown,1.0,0,
ingoboelter.de,unknown,1.0,0,
kolibri360.de,unknown,1.0,0,
interkulturell.essen.de,unknown,1.0,0,
kinberlin.de,unknown,1.0,0,
planzirkel.de,unknown,1.0,0,
sdsa.de,unknown,1.0,0,
gpr.bremen.de,unknown,1.0,0,
dkgev.de,unknown,1.0,0,
tabernig.de,unknown,1.0,0,
soon-systems.de,unknown,1.0,0,
dtre.agency,unknown,1.0,0,
iks.fraunhofer.de,unknown,1.0,0,
xfavaj.com,unknown,1.0,0,
langhuggerrampp.de,unknown,1.0,0,
pieres.de,unknown,1.0,0,
evolution.codes,unknown,1.0,0,
zahnarzt-witte.de,unknown,1.0,0,
cenabis.de,unknown,1.0,0,
neuf.fr,unknown,1.0,0,
gymnasiumverl.de,unknown,1.0,0,
svenbarske.de,unknown,1.0,0,
reutlingen.de,unknown,1.0,0,
r7-corp.com,unknown,1.0,0,
swisspor.com,unknown,1.0,0,
ffranke.eu,unknown,1.0,0,
ober-meier.de,unknown,1.0,0,
schloemmer-partner.at,unknown,1.0,0,
7vt.de,unknown,1.0,0,
akademos-ag.ch,unknown,1.0,0,
llob.ch,unknown,1.0,0,
aretis.com.au,unknown,1.0,0,
flender-therapie.de,unknown,1.0,0,
wht.bremen.de,unknown,1.0,0,
treuhand.de,unknown,1.0,0,
health-tech-innovators.de,unknown,1.0,0,
hristov.io,unknown,1.0,0,
agrar-leyerhof.de,unknown,1.0,0,
dmw-consulting.de,unknown,1.0,0,
stud.schule-wolfenschiessen.ch,unknown,1.0,0,
stefan-hintermeier.de,unknown,1.0,0,
presse-druck.de,unknown,1.0,0,
naewie.de,unknown,1.0,0,
alsaleh.de,unknown,1.0,0,
trier-saarburg.de,unknown,1.0,0,
schnell-solutions.de,unknown,1.0,0,
bvm.hamburg.de,unknown,1.0,0,
kayser.koeln,unknown,1.0,0,
beyoutiful-yoga.de,unknown,1.0,0,
froemel-gierens.de,unknown,1.0,0,
mariaspring.de,unknown,1.0,0,
mario-pfob.de,unknown,1.0,0,
almirall.com,unknown,1.0,0,
jg-refractories.com,unknown,1.0,0,
verheggen-71.de,unknown,1.0,0,
ovgu.gmbh,unknown,1.0,0,
identwerk.de,unknown,1.0,0,
efupox.co.uk,unknown,1.0,0,
uni-regensburg.de,unknown,1.0,0,
sl-rack.de,unknown,1.0,0,
haldenberg-realschule.de,unknown,1.0,0,
fiore-gmbh.de,unknown,1.0,0,
elbsolut.de,unknown,1.0,0,
erzbistumberlin.de,unknown,1.0,0,
feledziak.com,unknown,1.0,0,
servusmoin.net,unknown,1.0,0,
kraemer-automotive.com,unknown,1.0,0,
artface-digital.de,unknown,1.0,0,
niklitschek.de,unknown,1.0,0,
hopimail.de,unknown,1.0,0,
esther-spang.de,unknown,1.0,0,
heidenreichs-mail.de,unknown,1.0,0,
igesia.de,unknown,1.0,0,
cooltrainers.at,unknown,1.0,0,
west-coast.de,unknown,1.0,0,
geo.sab.ac.lk,unknown,1.0,0,
schatzies.de,unknown,1.0,0,
textdas.de,unknown,1.0,0,
deakin.edu.au,unknown,1.0,0,
midas-gmbh.de,unknown,1.0,0,
tholl-gmbh.de,unknown,1.0,0,
cleanfitness.life,unknown,1.0,0,
cs4art.de,unknown,1.0,0,
tolgakilicarslan.com,unknown,1.0,0,
mgm.gov.tr,unknown,1.0,0,
msv-systemhaus.de,unknown,1.0,0,
viminds.de,unknown,1.0,0,
ogr.eskisehir.edu.tr,unknown,1.0,0,
svlfg.de,unknown,1.0,0,
krutzki.eu,unknown,1.0,0,
olafmanges.de,unknown,1.0,0,
hbs-epp.de,unknown,1.0,0,
weinheim.de,unknown,1.0,0,
chartindustries.com,unknown,1.0,0,
papsdorf.org,unknown,1.0,0,
istanbul.edu.tr,unknown,1.0,0,
teku-gmbh.de,unknown,1.0,0,
tasild.com,unknown,1.0,0,
andacom.ch,unknown,1.0,0,
form21.org,unknown,1.0,0,
harver.com,unknown,1.0,0,
lennartschleifer.de,unknown,1.0,0,
bueckerpaletten.de,unknown,1.0,0,
suedwestfalen.com,unknown,1.0,0,
rentenbank.de,unknown,1.0,0,
mallepell.net,unknown,1.0,0,
fis-europe.com,unknown,1.0,0,
ditar.de,unknown,1.0,0,
maczula.de,unknown,1.0,0,
willigis-online.de,unknown,1.0,0,
plan-soft.com,unknown,1.0,0,
anyware-consulting.de,unknown,1.0,0,
weiher-sylt.de,unknown,1.0,0,
yulia-vm.de,unknown,1.0,0,
yendex.ru,unknown,1.0,0,
ev-schule.zentrum.de,unknown,1.0,0,
implies-audit.de,unknown,1.0,0,
alleze.eu,unknown,1.0,0,
studierendenwerk.hamburg.de,unknown,1.0,0,
brot-haus.de,unknown,1.0,0,
foertsch-online.com,unknown,1.0,0,
wiebler.de,unknown,1.0,0,
novofactum.de,unknown,1.0,0,
mags.nrw.de,unknown,1.0,0,
confias.ai,unknown,1.0,0,
ahfs-detmold.de,unknown,1.0,0,
zapf-gmbh.de,unknown,1.0,0,
oliver-fischer-it.de,unknown,1.0,0,
bauchfleisch.org,unknown,1.0,0,
lisanickolaus.de,unknown,1.0,0,
schulen-leoben.at,unknown,1.0,0,
albert-ebenbichler.com,unknown,1.0,0,
silberweiss.de,unknown,1.0,0,
lernkulturzeit.de,unknown,1.0,0,
mpreis.at,unknown,1.0,0,
neuenburg.de,unknown,1.0,0,
vbz.ch,unknown,1.0,0,
bitschulungscenter.at,unknown,1.0,0,
visionm.de,unknown,1.0,0,
myspot.marketing,unknown,1.0,0,
frankenpost.de,unknown,1.0,0,
osthof.de,unknown,1.0,0,
gmh.hamburg.de,unknown,1.0,0,
endress-stromerzeuger.de,unknown,1.0,0,
kaarst.de,unknown,1.0,0,
schuleschlieren.ch,unknown,1.0,0,
newtreeweb.de,unknown,1.0,0,
gs-klint.de,unknown,1.0,0,
ipfdd.de,unknown,1.0,0,
stainer.de,unknown,1.0,0,
bagwfbm.de,unknown,1.0,0,
blinc-eu.org,unknown,1.0,0,
muri-be.ch,unknown,1.0,0,
leibinger-group.com,unknown,1.0,0,
s-schmidt.net,unknown,1.0,0,
s.schmidt.net,unknown,1.0,0,
bkukr.de,unknown,1.0,0,
lulemi.com,unknown,1.0,0,
dsb.leviterlegal.de,unknown,1.0,0,
anettezanker-belz.de,unknown,1.0,0,
westfalia-spielgeraete.de,unknown,1.0,0,
cdharite.de,unknown,1.0,0,
hdo-l.de,unknown,1.0,0,
subr.edu,unknown,1.0,0,
coelnzoom.de,unknown,1.0,0,
stud.krw.ch,unknown,1.0,0,
hcts.uni-heidelberg.de,unknown,1.0,0,
apotheken-drhenle.de,unknown,1.0,0,
rochusmummert.com,unknown,1.0,0,
bonn-netz.de,unknown,1.0,0,
bluestone-tec.com,unknown,1.0,0,
ideal-versicherung.de,unknown,1.0,0,
stb-metzger.de,unknown,1.0,0,
bejoynt.de,unknown,1.0,0,
eckwe.com,unknown,1.0,0,
talentspring-academy.com,unknown,1.0,0,
boloria.de,unknown,1.0,0,
afs-gt.schule,unknown,1.0,0,
kja-koeln.de,unknown,1.0,0,
stmk.gv.at,unknown,1.0,0,
novonordisk.com,unknown,1.0,0,
sabine-jones.com,unknown,1.0,0,
kager.co.at,unknown,1.0,0,
24-real-estate.de,unknown,1.0,0,
edeka.bio,unknown,1.0,0,
asg-bildungsforum.de,unknown,1.0,0,
riedlnet.de,unknown,1.0,0,
hbk-essen.de,unknown,1.0,0,
wiedenest.de,unknown,1.0,0,
guevenal-ydh.com,unknown,1.0,0,
telegance.de,unknown,1.0,0,
stillig.de,unknown,1.0,0,
koehler-vogtlaender.de,unknown,1.0,0,
kaljus.de,unknown,1.0,0,
bdb-online.de,unknown,1.0,0,
ptk-nrw.de,unknown,1.0,0,
insentis.com,unknown,1.0,0,
neocortex.de,unknown,1.0,0,
steigmann.net,unknown,1.0,0,
wspassau.de,unknown,1.0,0,
schule.wallisellen.ch,unknown,1.0,0,
radboudumc.nl,unknown,1.0,0,
kreis-neuwied.de,unknown,1.0,0,
nuvio.health,unknown,1.0,0,
sbh-nordost.de,unknown,1.0,0,
factur.de,unknown,1.0,0,
uni-duisburg-essen.de,unknown,1.0,0,
chiesi.com,unknown,1.0,0,
iap.uni-bonn.de,unknown,1.0,0,
tabor-schulungszentrum.de,unknown,1.0,0,
websalm.de,unknown,1.0,0,
inpro-kl.de,unknown,1.0,0,
scarefox.at,unknown,1.0,0,
t-onlie.de,unknown,1.0,0,
psychologethiel.de,unknown,1.0,0,
mayer.tirol,unknown,1.0,0,
math.uni-bonn.de,unknown,1.0,0,
thynik.com,unknown,1.0,0,
calarese.com,unknown,1.0,0,
sabinewatty.de,unknown,1.0,0,
si.uni-stuttgart.de,unknown,1.0,0,
vewaltung.uni-bonn.de,unknown,1.0,0,
iai.uni-bonn.de,unknown,1.0,0,
ilr.uni-bonn.de,unknown,1.0,0,
schwancosmetics.com,unknown,1.0,0,
leb.hamburg.de,unknown,1.0,0,
sigridrottmann.de,unknown,1.0,0,
adm-institut.de,unknown,1.0,0,
or.uni-bonn.de,unknown,1.0,0,
astro.uni-bonn.de,unknown,1.0,0,
bridgehouse.de,unknown,1.0,0,
2027.temporarily.de,unknown,1.0,0,
tr.pte.hu,unknown,1.0,0,
creativware.de,unknown,1.0,0,
wildnerakademie.onmicrosoft.com,unknown,1.0,0,
znaf.bund.de,unknown,1.0,0,
zischtig.ch,unknown,1.0,0,
victor-mayer.com,unknown,1.0,0,
m-art-medien.de,unknown,1.0,0,
cognigy.nice.com,unknown,1.0,0,
haw-kiel.de,unknown,1.0,0,
zukunftsmotor.org,unknown,1.0,0,
koerperwerkstatt-kuerten.de,unknown,1.0,0,
cbrennecke.de,unknown,1.0,0,
fvs-berufskolleg.de,unknown,1.0,0,
dinger-bauunternehmen.de,unknown,1.0,0,
toussaint.ch,unknown,1.0,0,
atw-hh.de,unknown,1.0,0,
ate-hh.de,unknown,1.0,0,
stu.schulechur.ch,unknown,1.0,0,
dralias.com,unknown,1.0,0,
drk-bochum.de,unknown,1.0,0,
campus.fct.unl.pt,unknown,1.0,0,
bwk-westerstede.de,unknown,1.0,0,
karer-consulting.com,unknown,1.0,0,
wiebelitz.de,unknown,1.0,0,
hmtm-hannover.de,unknown,1.0,0,
ammerland-klinik.de,unknown,1.0,0,
hpm.de,unknown,1.0,0,
duofashion.de,unknown,1.0,0,
valbit.de,unknown,1.0,0,
oeaw.ac.at,unknown,1.0,0,
wms-engineering.de,unknown,1.0,0,
sekpro.de,unknown,1.0,0,
gus-germany.com,unknown,1.0,0,
studium.hspv.nrw.de,unknown,1.0,0,
iwb.uni-stuttgart.de,unknown,1.0,0,
gbs.uni-frankfurt.de,unknown,1.0,0,
btz-koeln.de,unknown,1.0,0,
mb.de,unknown,1.0,0,
female-leadership-development.de,unknown,1.0,0,
icloud.ocm,unknown,1.0,0,
dtu.dk,unknown,1.0,0,
ck-gesund.de,unknown,1.0,0,
rambler.ua,unknown,1.0,0,
test12fsf3.com,unknown,1.0,0,
ccon.com,unknown,1.0,0,
kloppe-media.com,unknown,1.0,0,
nikatrade.ch,unknown,1.0,0,
hasskompass.de,unknown,1.0,0,
gisslerlearning.ch,unknown,1.0,0,
dice.uni-bonn.de,unknown,1.0,0,
oc.uni-stuttgart.de,unknown,1.0,0,
env.ethz.ch,unknown,1.0,0,
betreuungswerk.de,unknown,1.0,0,
bewegtezeiten.de,unknown,1.0,0,
filler.de,unknown,1.0,0,
actors4business.com,unknown,1.0,0,
hein-familie.de,unknown,1.0,0,
itsm.uni-stuttgart.de,unknown,1.0,0,
kraut.de,unknown,1.0,0,
mandalay-shop.com,unknown,1.0,0,
designdigital.de,unknown,1.0,0,
gewusst-ki.de,unknown,1.0,0,
uwm.edu,unknown,1.0,0,
fammeyer.de,unknown,1.0,0,
hydraulicworks.com,unknown,1.0,0,
cfsarchitects.com,unknown,1.0,0,
montessori-muenchen.de,unknown,1.0,0,
lit.eu,unknown,1.0,0,
boehm-cider.de,unknown,1.0,0,
rhodesholidays.gr,unknown,1.0,0,
jamesbfoster.com,unknown,1.0,0,
bgvbruck.at,unknown,1.0,0,
max-planck.com,unknown,1.0,0,
dehnen.net,unknown,1.0,0,
adalher.net,unknown,1.0,0,
vfemail.net,unknown,1.0,0,
wurtinger.info,unknown,1.0,0,
ehb.be,unknown,1.0,0,
dieplanstelle.de,unknown,1.0,0,
students.unibe.ch,unknown,1.0,0,
missio-hilft.de,unknown,1.0,0,
sws-rt.org,unknown,1.0,0,
fpgb.de,unknown,1.0,0,
structiqon.de,unknown,1.0,0,
verwahltung.uni-bonn.de,unknown,1.0,0,
afs-software.com,unknown,1.0,0,
andreahelbig.de,unknown,1.0,0,
nissan.de,unknown,1.0,0,
humtec.rwth-aachen.de,unknown,1.0,0,
sugato.de,unknown,1.0,0,
oni.de,unknown,1.0,0,
andreatrunev.de,unknown,1.0,0,
pari-personal.de,unknown,1.0,0,
mojodesign.de,unknown,1.0,0,
stuertz.com,unknown,1.0,0,
foconis.de,unknown,1.0,0,
4-b.ch,unknown,1.0,0,
station71.de,unknown,1.0,0,
fh-wedel.de,unknown,1.0,0,
katharina-voigt.de,unknown,1.0,0,
regenlab.com,unknown,1.0,0,
bpmediawork.de,unknown,1.0,0,
gesamtschule-nv.de,unknown,1.0,0,
abkoch.de,unknown,1.0,0,
lakog.uni-stuttgart.de,unknown,1.0,0,
mobidrom.nrw,unknown,1.0,0,
msbsp.de,unknown,1.0,0,
etik.com,unknown,1.0,0,
stglicht.de,unknown,1.0,0,
bleistahl.de,unknown,1.0,0,
freemanizer.com,unknown,1.0,0,
gymnasium-viechtach.de,unknown,1.0,0,
smartbageco.com,unknown,1.0,0,
sra.uni-hannover.de,unknown,1.0,0,
sobz-willisau.ch,unknown,1.0,0,
balsen.de,unknown,1.0,0,
kids.heliosschule.de,unknown,1.0,0,
stadt-helmstedt.de,unknown,1.0,0,
degruyterbrill.com,unknown,1.0,0,
kuvb.de,unknown,1.0,0,
tabula-rasa.studio,unknown,1.0,0,
hirschvogel.com,unknown,1.0,0,
fb3.rwth-aachen.de,unknown,1.0,0,
edu.escp.eu,unknown,1.0,0,
velit.consulting,unknown,1.0,0,
wolffworte.de,unknown,1.0,0,
stu.haw-kiel.de,unknown,1.0,0,
fuhrmann1.de,unknown,1.0,0,
borisreinhard.com,unknown,1.0,0,
continentale.de,unknown,1.0,0,
robo-studio.de,unknown,1.0,0,
waibler.de,unknown,1.0,0,
outloook.de,unknown,1.0,0,
schaefersweb.de,unknown,1.0,0,
peacsolutions.eu,unknown,1.0,0,
cox.net,unknown,1.0,0,
markonsult.de,unknown,1.0,0,
datehype.com,unknown,1.0,0,
thehoefer.family,unknown,1.0,0,
meyer.at,unknown,1.0,0,
graf.info,unknown,1.0,0,
visiongaia.de,unknown,1.0,0,
volkermurmann.de,unknown,1.0,0,
hofer-personal.at,unknown,1.0,0,
hoelkinger.com,unknown,1.0,0,
stadt-peine.de,unknown,1.0,0,
meine-dateien.info,unknown,1.0,0,
swizz-partner.ch,unknown,1.0,0,
vividabkk.de,unknown,1.0,0,
lennertschneidervins.de,unknown,1.0,0,
bassfaul.de,unknown,1.0,0,
gaschi.com,unknown,1.0,0,
neurozentrum-tempelhof.berlin,unknown,1.0,0,
ggb.kbs.schule,unknown,1.0,0,
lubu.at,unknown,1.0,0,
1972.ch,unknown,1.0,0,
v-lab.one,unknown,1.0,0,
jabbusch.de,unknown,1.0,0,
autonoma.cat,unknown,1.0,0,
krausnaimer.com,unknown,1.0,0,
datatrain.de,unknown,1.0,0,
nat.uni-kassel.de,unknown,1.0,0,
dr-michael-krebs.de,unknown,1.0,0,
trainingday.at,unknown,1.0,0,
lumina-stoffwindeln.at,unknown,1.0,0,
int.fraunhofer.de,unknown,1.0,0,
csys.de,unknown,1.0,0,
museumsverband-hessen.de,unknown,1.0,0,
cskiel.org,unknown,1.0,0,
ma-ina.de,unknown,1.0,0,
letra.de,unknown,1.0,0,
incher.uni-kassel.de,unknown,1.0,0,
edu.sbb.ch,unknown,1.0,0,
synlab.com,unknown,1.0,0,
fav.at,unknown,1.0,0,
hologic.com,unknown,1.0,0,
ivd-nord.de,unknown,1.0,0,
mourer.de,unknown,1.0,0,
arwini.de,unknown,1.0,0,
myoncare.com,unknown,1.0,0,
road-online.de,unknown,1.0,0,
nespf.com,unknown,1.0,0,
asl.uni-kassel.de,unknown,1.0,0,
lr-bl.ch,unknown,1.0,0,
uwa.edu.au,unknown,1.0,0,
drk-kv-calw.de,unknown,1.0,0,
comben.com,unknown,1.0,0,
elfin.de,unknown,1.0,0,
noelie.com,unknown,1.0,0,
lernende.netwalden.ch,unknown,1.0,0,
fundin.de,unknown,1.0,0,
gmail.c,unknown,1.0,0,
markus-rix.de,unknown,1.0,0,
informatik.uni-stuttgart.de,unknown,1.0,0,
freisschulen.ch,unknown,1.0,0,
isd.uni-stuttgart.de,unknown,1.0,0,
godirect.de,unknown,1.0,0,
wiener-neustadt.at,unknown,1.0,0,
inosys.de,unknown,1.0,0,
gbd24.de,unknown,1.0,0,
anexum.at,unknown,1.0,0,
neuhold-concult.com,unknown,1.0,0,
24-autohof.de,unknown,1.0,0,
goelz-consulting.de,unknown,1.0,0,
mobistar.de,unknown,1.0,0,
lebenshilfe-werke.de,unknown,1.0,0,
volz-ekt.de,unknown,1.0,0,
netco-group.de,unknown,1.0,0,
personalrat.uni-stuttgart.de,unknown,1.0,0,
lra-mue.de,unknown,1.0,0,
cas.de,unknown,1.0,0,
neuhold-consult.com,unknown,1.0,0,
bcvoss.de,unknown,1.0,0,
kmvm.net,unknown,1.0,0,
konz.de,unknown,1.0,0,
diedoerings.de,unknown,1.0,0,
duerrstiftung.eu,unknown,1.0,0,
vgben.de,unknown,1.0,0,
zpd.hamburg.de,unknown,1.0,0,
perlenfein-karriereakademie.de,unknown,1.0,0,
valyue.de,unknown,1.0,0,
macondo.com,unknown,1.0,0,
awo-kv-wesel.de,unknown,1.0,0,
schoellershammer.de,unknown,1.0,0,
doccheck.com,unknown,1.0,0,
ibisacam.at,unknown,1.0,0,
sowi.uni-giessen.de,unknown,1.0,0,
lorenzgilli.com,unknown,1.0,0,
lysk.de,unknown,1.0,0,
habiwan.net,unknown,1.0,0,
michael-sender.de,unknown,1.0,0,
vs-moebel.de,unknown,1.0,0,
nesopf.com,unknown,1.0,0,
familiepetrovic.at,unknown,1.0,0,
zapp.ch,unknown,1.0,0,
cvuafr.bwl.de,unknown,1.0,0,
caritas-bistum-mainz.de,unknown,1.0,0,
sgl-gmbh.de,unknown,1.0,0,
binaervarianz.de,unknown,1.0,0,
tfa.berlin.de,unknown,1.0,0,
rathgeber.eu,unknown,1.0,0,
adminmail.org,unknown,1.0,0,
t-boss.de,unknown,1.0,0,
holzbau-stocksiefen.de,unknown,1.0,0,
melzer.digital,unknown,1.0,0,
merzig.de,unknown,1.0,0,
etud.univ-angers.fr,unknown,1.0,0,
helitransair.com,unknown,1.0,0,
rimane.eu,unknown,1.0,0,
dreher-stetter.com,unknown,1.0,0,
praeventivio.de,unknown,1.0,0,
haerterei-technotherm.de,unknown,1.0,0,
clockodo.com,unknown,1.0,0,
js-mettingen.de,unknown,1.0,0,
montinet.ch,unknown,1.0,0,
ziehn.online,unknown,1.0,0,
marenotten.de,unknown,1.0,0,
vwu.ac.at,unknown,1.0,0,
eliaswendt.de,unknown,1.0,0,
thilo-bergner.de,unknown,1.0,0,
schaeferinfo.de,unknown,1.0,0,
luechow-dannenberg.de,unknown,1.0,0,
progress-agrar.de,unknown,1.0,0,
storopack.com,unknown,1.0,0,
leistungslotse.com,unknown,1.0,0,
sinfiro.de,unknown,1.0,0,
gradus.uni-stuttgart.de,unknown,1.0,0,
kga-salute.de,unknown,1.0,0,
fmq.uni-stuttgart.de,unknown,1.0,0,
bsbadw.de,unknown,1.0,0,
linz-airport.com,unknown,1.0,0,
schmidt-florian.at,unknown,1.0,0,
zetting-it-services.de,unknown,1.0,0,
747studios.de,unknown,1.0,0,
geographie.uni-kiel.de,unknown,1.0,0,
digt.ch,unknown,1.0,0,
adiuvis.ch,unknown,1.0,0,
wollmeiner.de,unknown,1.0,0,
a-rosa.com,unknown,1.0,0,
usach.cl,unknown,1.0,0,
kaipo.at,unknown,1.0,0,
piedmont.org,unknown,1.0,0,
klaiber.eu,unknown,1.0,0,
juki-igersheim.de,unknown,1.0,0,
holzhauer-pumpen.de,unknown,1.0,0,
faddel.com,unknown,1.0,0,
tayadatec.com,unknown,1.0,0,
bit-gendorf.de,unknown,1.0,0,
u3ver.at,unknown,1.0,0,
gmx.bet,unknown,1.0,0,
uwaterloo.ca,unknown,1.0,0,
nicola-wessinghage.de,unknown,1.0,0,
pfarrei-baar.ch,unknown,1.0,0,
lb-solutions.de,unknown,1.0,0,
spz.uni-frankfurt.de,unknown,1.0,0,
racorn.de,unknown,1.0,0,
bbs-nr.semrlp.de,unknown,1.0,0,
pawelbartosik.com,unknown,1.0,0,
reactionbiology.com,unknown,1.0,0,
feig.online,unknown,1.0,0,
krankenhaus-varel.de,unknown,1.0,0,
rehazentren-bw.de,unknown,1.0,0,
aic4nl.nl,unknown,1.0,0,
ekd.de,unknown,1.0,0,
digispics.com,unknown,1.0,0,
chalupny.de,unknown,1.0,0,
web-id.de,unknown,1.0,0,
lindenthal.online,unknown,1.0,0,
medicenter-schleswig.de,unknown,1.0,0,
aleal.de,unknown,1.0,0,
rudmann.digital,unknown,1.0,0,
wilczek-it.de,unknown,1.0,0,
achenbach.de,unknown,1.0,0,
fin-reg.ch,unknown,1.0,0,
jehledorner.li,unknown,1.0,0,
mao-texterei.de,unknown,1.0,0,
pro4d.de,unknown,1.0,0,
ts.uni-stuttgart.de,unknown,1.0,0,
e-planit.net,unknown,1.0,0,
nextiteration.de,unknown,1.0,0,
uniqus.uni-stuttgart.de,unknown,1.0,0,
kampnet.de,unknown,1.0,0,
tanja-titzmann.de,unknown,1.0,0,
peterschellenberg.com,unknown,1.0,0,
theo2.physik.uni-stuttgart.de,unknown,1.0,0,
ipvs.uni-stuttgart.de,unknown,1.0,0,
ivps.uni-stuttgart.de,unknown,1.0,0,
bremer.ch,unknown,1.0,0,
gumppenberg.de,unknown,1.0,0,
simone-link.de,unknown,1.0,0,
groedl.com,unknown,1.0,0,
lastmile-mgt.de,unknown,1.0,0,
schulechur.ch,unknown,1.0,0,
dhm.de,unknown,1.0,0,
ehg-rottweil.de,unknown,1.0,0,
gellermann.online,unknown,1.0,0,
syntagit.de,unknown,1.0,0,
teepack.com,unknown,1.0,0,
general-overnight.com,unknown,1.0,0,
fisica.uminho.pt,unknown,1.0,0,
dembeck.me,unknown,1.0,0,
jub-riester-immobilien.de,unknown,1.0,0,
buchauer.com,unknown,1.0,0,
zso-mannheim.de,unknown,1.0,0,
edu.triagon-academy.com,unknown,1.0,0,
mauderer.de,unknown,1.0,0,
radeschnig.at,unknown,1.0,0,
ff.cuni.cz,unknown,1.0,0,
hmdf.hessen.de,unknown,1.0,0,
polipol.de,unknown,1.0,0,
me-n.de,unknown,1.0,0,
moerfelden-walldorf.de,unknown,1.0,0,
cut-print-service.de,unknown,1.0,0,
monika-owczarek.com,unknown,1.0,0,
rhoenmuseum.de,unknown,1.0,0,
jacubasch.eu,unknown,1.0,0,
choerner.de,unknown,1.0,0,
dewa-anlagen.de,unknown,1.0,0,
mapongo.de,unknown,1.0,0,
bitalm.de,unknown,1.0,0,
traces.uni-stuttgart.de,unknown,1.0,0,
starnick.de,unknown,1.0,0,
finnova.com,unknown,1.0,0,
lra-m.bayern.de,unknown,1.0,0,
schulprozessbegleitung.de,unknown,1.0,0,
bibaugsburg.de,unknown,1.0,0,
atgentertainment.de,unknown,1.0,0,
awo-kreiskleve.de,unknown,1.0,0,
mpi-hd.mpg.de,unknown,1.0,0,
danielbiermann.ch,unknown,1.0,0,
lt.hs-fulda.de,unknown,1.0,0,
schramberg.de,unknown,1.0,0,
rs-waldmuenchen.schule,unknown,1.0,0,
cxteneko.com,unknown,1.0,0,
genz-consulting.de,unknown,1.0,0,
swu.de,unknown,1.0,0,
schule-boenigen.ch,unknown,1.0,0,
matthias-reinspach.de,unknown,1.0,0,
lrh-stmk.gv.at,unknown,1.0,0,
inchangers.de,unknown,1.0,0,
rosenheim.de,unknown,1.0,0,
volteuropa.org,unknown,1.0,0,
naabtal-realschule.de,unknown,1.0,0,
kein-strom.de,unknown,1.0,0,
schulen-frauenfeld.ch,unknown,1.0,0,
bk-senne.de,unknown,1.0,0,
beierlein.net,unknown,1.0,0,
hnne.de,unknown,1.0,0,
franeknhardt.de,unknown,1.0,0,
lerncode.ch,unknown,1.0,0,
werdorf.com,unknown,1.0,0,
lka-berlin.de,unknown,1.0,0,
bisdn.de,unknown,1.0,0,
schneiderpen.de,unknown,1.0,0,
caritas-netzwerk-it.de,unknown,1.0,0,
jelumare.de,unknown,1.0,0,
igs.jena.de,unknown,1.0,0,
grimme-institut.de,unknown,1.0,0,
taylorwessing.com,unknown,1.0,0,
thomys.com,unknown,1.0,0,
bergfreunde.de,unknown,1.0,0,
pan-klinik.de,unknown,1.0,0,
havelbus.de,unknown,1.0,0,
nbs.de,unknown,1.0,0,
euroakadmei.de,unknown,1.0,0,
enotj.com,unknown,1.0,0,
fkfs.de,unknown,1.0,0,
claudio-baettig.ch,unknown,1.0,0,
thiele.de,unknown,1.0,0,
soz.uni-frankfurt.de,unknown,1.0,0,
wilke-markus.de,unknown,1.0,0,
bkamwasserturm.eu,unknown,1.0,0,
gimal.com,unknown,1.0,0,
vogelsaenger.de,unknown,1.0,0,
agmail.com,unknown,1.0,0,
villach.org,unknown,1.0,0,
gns-systems.de,unknown,1.0,0,
strangmueller.de,unknown,1.0,0,
lovehoneygroup.com,unknown,1.0,0,
entrenous.de,unknown,1.0,0,
autoneum.com,unknown,1.0,0,
how-bizarre.de,unknown,1.0,0,
marktler.com,unknown,1.0,0,
bayreuther-fleisch.de,unknown,1.0,0,
canadalife.de,unknown,1.0,0,
ikado.de,unknown,1.0,0,
cyclelasers.com,unknown,1.0,0,
stadt.lueneburg.de,unknown,1.0,0,
gruma.de,unknown,1.0,0,
cuxhavener.com,unknown,1.0,0,
h-dortmund.de,unknown,1.0,0,
actief-personal.de,unknown,1.0,0,
thomsen.it,unknown,1.0,0,
tuchanka.de,unknown,1.0,0,
aekn.de,unknown,1.0,0,
vw.ph-karlsruhe.de,unknown,1.0,0,
planet-held.de,unknown,1.0,0,
coolback.de,unknown,1.0,0,
gemeinde-petting.de,unknown,1.0,0,
nvs.schule.koeln,unknown,1.0,0,
wal-boetzingen.de,unknown,1.0,0,
wg-data.de,unknown,1.0,0,
seebrich.de,unknown,1.0,0,
beyer24.com,unknown,1.0,0,
deimel-wittmar.de,unknown,1.0,0,
stduen.uni.lu,unknown,1.0,0,
markkleeberg.de,unknown,1.0,0,
realschule-lage.de,unknown,1.0,0,
michaelschugardt.de,unknown,1.0,0,
axxcon.com,unknown,1.0,0,
obs-varel.de,unknown,1.0,0,
andrejherber.de,unknown,1.0,0,
betonwald.com,unknown,1.0,0,
jt-advisory.de,unknown,1.0,0,
imakeai.de,unknown,1.0,0,
see-marketing.de,unknown,1.0,0,
ai-quanton.com,unknown,1.0,0,
dexpo.space,unknown,1.0,0,
gysuenet.de,unknown,1.0,0,
rf-projektagentur.de,unknown,1.0,0,
mschenk.net,unknown,1.0,0,
asavis.de,unknown,1.0,0,
immblend.de,unknown,1.0,0,
gabriele-schaefer.de,unknown,1.0,0,
marantec.com,unknown,1.0,0,
tt.falkenhahn.de,unknown,1.0,0,
dlb-ovi.de,unknown,1.0,0,
live.se,unknown,1.0,0,
baaila.de,unknown,1.0,0,
rhein-main.de,unknown,1.0,0,
etz-stuttgart.de,unknown,1.0,0,
estherarens.de,unknown,1.0,0,
com-line.ch,unknown,1.0,0,
oegb.at,unknown,1.0,0,
fiimak-akademie.at,unknown,1.0,0,
ihre-steuerberater.de,unknown,1.0,0,
bezirk-schwaben.de,unknown,1.0,0,
student.uva.nl,unknown,1.0,0,
oerlikon.com,unknown,1.0,0,
perma-trade.de,unknown,1.0,0,
franziska-spaetling.de,unknown,1.0,0,
david-brandenburg.de,unknown,1.0,0,
mattheisen.de,unknown,1.0,0,
bm-marketing.net,unknown,1.0,0,
torsten-dietl.de,unknown,1.0,0,
merlato.de,unknown,1.0,0,
e-h-group.com,unknown,1.0,0,
awo-ludwigsburg.de,unknown,1.0,0,
dwh.de,unknown,1.0,0,
cv23.de,unknown,1.0,0,
s-bo.net,unknown,1.0,0,
optical-noise.ch,unknown,1.0,0,
westlotto.com,unknown,1.0,0,
sjp.ac.lk,unknown,1.0,0,
hotel-neptun.de,unknown,1.0,0,
gigaset.com,unknown,1.0,0,
kilcher.de,unknown,1.0,0,
waldinberlin.de,unknown,1.0,0,
k-rock.ch,unknown,1.0,0,
mangoblau.de,unknown,1.0,0,
laekb.de,unknown,1.0,0,
x-tention.ch,unknown,1.0,0,
wittekindshof.de,unknown,1.0,0,
gedore.com,unknown,1.0,0,
josua-stegmann-heim.de,unknown,1.0,0,
witt.nrw,unknown,1.0,0,
schilter.email,unknown,1.0,0,
extern.oth-regensburg.de,unknown,1.0,0,
lapp.tv,unknown,1.0,0,
dagmarfischer.com,unknown,1.0,0,
gategarching.com,unknown,1.0,0,
schwesternverband.de,unknown,1.0,0,
igoultra.de,unknown,1.0,0,
enmacc.com,unknown,1.0,0,
filderbenden.de,unknown,1.0,0,
danielseifert.com,unknown,1.0,0,
staudenmaier.info,unknown,1.0,0,
haiming.de,unknown,1.0,0,
sarens.com,unknown,1.0,0,
werneuchen.de,unknown,1.0,0,
obsbohmte.eu,unknown,1.0,0,
abzh.ch,unknown,1.0,0,
volksbank-ulm-biberach.de,unknown,1.0,0,
pichler.co.it,unknown,1.0,0,
warners.net,unknown,1.0,0,
msa.nl,unknown,1.0,0,
bilding21.ch,unknown,1.0,0,
sguenderoth.de,unknown,1.0,0,
bj.admin.ch,unknown,1.0,0,
glagow.com,unknown,1.0,0,
igs-landstuhl.de,unknown,1.0,0,
rehaanwaelte.ch,unknown,1.0,0,
vimeo.com,unknown,1.0,0,
paadiatech.com,unknown,1.0,0,
schmitter-hydraulik.de,unknown,1.0,0,
sebastian-hillebrand.de,unknown,1.0,0,
kwm-klinikum.de,unknown,1.0,0,
chiefsandindians.de,unknown,1.0,0,
itconcepts.net,unknown,1.0,0,
eiban.com,unknown,1.0,0,
fagsi.com,unknown,1.0,0,
andreashenningsen.de,unknown,1.0,0,
hallole.eu,unknown,1.0,0,
winlink.de,unknown,1.0,0,
wortdetektei.de,unknown,1.0,0,
mountboron.com,unknown,1.0,0,
tonline.de,unknown,1.0,0,
marketmind.at,unknown,1.0,0,
kalidi.de,unknown,1.0,0,
tanjahiller.de,unknown,1.0,0,
seytter.com,unknown,1.0,0,
luap.de,unknown,1.0,0,
gridx.de,unknown,1.0,0,
zvon.de,unknown,1.0,0,
gymnasium-plochingen.de,unknown,1.0,0,
nhup.de,unknown,1.0,0,
georg-rutz.ch,unknown,1.0,0,
zeese.net,unknown,1.0,0,
faigle.com,unknown,1.0,0,
wandelwerker.com,unknown,1.0,0,
ptsj.at,unknown,1.0,0,
avellasalazar.de,unknown,1.0,0,
grafthomas.de,unknown,1.0,0,
sozialwesen-witt.de,unknown,1.0,0,
cisio-gmbh.com,unknown,1.0,0,
moschinski.net,unknown,1.0,0,
sti-nextech.com,unknown,1.0,0,
stottele.net,unknown,1.0,0,
spiegelneuronen.info,unknown,1.0,0,
petra-gestaltet.de,unknown,1.0,0,
muenzel-boehm.de,unknown,1.0,0,
amrou.de,unknown,1.0,0,
consultr.at,unknown,1.0,0,
esepe.com,unknown,1.0,0,
arnos-world.net,unknown,1.0,0,
vetmed.uni-leipzig.de,unknown,1.0,0,
sonntag.net,unknown,1.0,0,
aroma-reiki-therapie.de,unknown,1.0,0,
die-autowerkstatt.de,unknown,1.0,0,
reimer-cologne.de,unknown,1.0,0,
kockerols.info,unknown,1.0,0,
langmann-consulting.de,unknown,1.0,0,
montessori-landau.de,unknown,1.0,0,
wangen.de,unknown,1.0,0,
hak-op.at,unknown,1.0,0,
my50plus.life,unknown,1.0,0,
dkrz.de,unknown,1.0,0,
dh-himmelsthuer.de,unknown,1.0,0,
cometas.ch,unknown,1.0,0,
elw.de,unknown,1.0,0,
ifsberlin.de,unknown,1.0,0,
biologie.hu-berlin.de,unknown,1.0,0,
bafu.admin.ch,unknown,1.0,0,
sherpa-design.de,unknown,1.0,0,
berufsbildneria.ch,unknown,1.0,0,
verena-vossmann.de,unknown,1.0,0,
landtag.nrw.de,unknown,1.0,0,
caritas-frankfurt.de,unknown,1.0,0,
ein-bild.com,unknown,1.0,0,
bdew.de,unknown,1.0,0,
iconscreen.de,unknown,1.0,0,
theisel.de,unknown,1.0,0,
family-kraus.com,unknown,1.0,0,
borna.de,unknown,1.0,0,
bayerische-pflegeakademie.de,unknown,1.0,0,
lang-marek.net,unknown,1.0,0,
dergutenachbar.de,unknown,1.0,0,
vmobil.at,unknown,1.0,0,
hoertkorn-finanzen.de,unknown,1.0,0,
die-radiologie.de,unknown,1.0,0,
helimail.de,unknown,1.0,0,
innenstadtkino.de,unknown,1.0,0,
llp-kanzlei.de,unknown,1.0,0,
pvatepla.com,unknown,1.0,0,
bahlinger.com,unknown,1.0,0,
senacor.com,unknown,1.0,0,
mplus-architekten.de,unknown,1.0,0,
voth-consulting.de,unknown,1.0,0,
bluecat-agency.ch,unknown,1.0,0,
roesenberger.com,unknown,1.0,0,
leeb-versicherungsmakler.de,unknown,1.0,0,
alwart-dufner.de,unknown,1.0,0,
rieker.de,unknown,1.0,0,
wismar.de,unknown,1.0,0,
goodly-technologies.com,unknown,1.0,0,
cybrex.de,unknown,1.0,0,
bim-berlin.de,unknown,1.0,0,
nietiedt.com,unknown,1.0,0,
aumovio.com,unknown,1.0,0,
awo-augsburg.de,unknown,1.0,0,
ipf.lernsax.de,unknown,1.0,0,
empira-invest.lu,unknown,1.0,0,
icloud.de,unknown,1.0,0,
vanessaveith.de,unknown,1.0,0,
bfdi.bund.de,unknown,1.0,0,
nwg-neuruppin.de,unknown,1.0,0,
claudia-reichelt.de,unknown,1.0,0,
kommunalagentur.nrw,unknown,1.0,0,
amt-gums.de,unknown,1.0,0,
oehringen.de,unknown,1.0,0,
hde.de,unknown,1.0,0,
schreiber-st.de,unknown,1.0,0,
to-bridge.com,unknown,1.0,0,
abitep.de,unknown,1.0,0,
alpenmove.de,unknown,1.0,0,
gruenberger-online.de,unknown,1.0,0,
badichler.com,unknown,1.0,0,
moselurmel.de,unknown,1.0,0,
mueller-hoch2.de,unknown,1.0,0,
albatrosggmbh.de,unknown,1.0,0,
schule-eisenerz.at,unknown,1.0,0,
fulbrightmail.org,unknown,1.0,0,
mau.se,unknown,1.0,0,
arku.com,unknown,1.0,0,
svazurich.ch,unknown,1.0,0,
wirkt.eu,unknown,1.0,0,
draustadt-haustechnik.at,unknown,1.0,0,
globus-baumarkt.de,unknown,1.0,0,
kalkstein-von-muehlenbein.de,unknown,1.0,0,
stepwise.ch,unknown,1.0,0,
thorstenwittmann.com,unknown,1.0,0,
helmeca.de,unknown,1.0,0,
diakonie-leverkusen.de,unknown,1.0,0,
ercan.email,unknown,1.0,0,
munchen.de,unknown,1.0,0,
inp-innovation.de,unknown,1.0,0,
schulegl.ch,unknown,1.0,0,
sab-gmbh.net,unknown,1.0,0,
mercuriurval.com,unknown,1.0,0,
ks-lahr.de,unknown,1.0,0,
bit.bremerhaven.de,unknown,1.0,0,
hghahn.de,unknown,1.0,0,
conwic.com,unknown,1.0,0,
proveg.org,unknown,1.0,0,
thomas-kupfer.com,unknown,1.0,0,
dormakaba.com,unknown,1.0,0,
abstract-technology.de,unknown,1.0,0,
fit-asset.de,unknown,1.0,0,
statuspro.de,unknown,1.0,0,
bdi.eu,unknown,1.0,0,
akazien-apotheke-arolsen.de,unknown,1.0,0,
radiomed-praxis.de,unknown,1.0,0,
kurbanova.org,unknown,1.0,0,
pedscience.de,unknown,1.0,0,
mesu.de,unknown,1.0,0,
ipsawo.de,unknown,1.0,0,
ps-cooperation.com,unknown,1.0,0,
isz.uni-heidelberg.de,unknown,1.0,0,
grg23-alterlaa.ac.at,unknown,1.0,0,
dsb-hechelmann.de,unknown,1.0,0,
clou-live.com,unknown,1.0,0,
gmaul.com,unknown,1.0,0,
huntheim.de,unknown,1.0,0,
ifa.de,unknown,1.0,0,
caritas-leipzig.de,unknown,1.0,0,
mue11er-mail.de,unknown,1.0,0,
migrationsamt.bremen.de,unknown,1.0,0,
profil-neuss.de,unknown,1.0,0,
angermayr.eu,unknown,1.0,0,
raunheim.de,unknown,1.0,0,
schulehinwil.ch,unknown,1.0,0,
buchermerk.com,unknown,1.0,0,
familie-may.com,unknown,1.0,0,
hessenetz.de,unknown,1.0,0,
christiangeis.com,unknown,1.0,0,
mask.me,unknown,1.0,0,
wittner.co.at,unknown,1.0,0,
schule-in-der-geisbach.de,unknown,1.0,0,
clavisinternational.com,unknown,1.0,0,
triera.net,unknown,1.0,0,
alexander-merkel.net,unknown,1.0,0,
anhamm.net,unknown,1.0,0,
purelymail.com,unknown,1.0,0,
avib.bremen.de,unknown,1.0,0,
un0.de,unknown,1.0,0,
pl-consulting.eu,unknown,1.0,0,
mendle.net,unknown,1.0,0,
pop-co.de,unknown,1.0,0,
mainsite.de,unknown,1.0,0,
kvwl.de,unknown,1.0,0,
battlekart-ejk.com,unknown,1.0,0,
kreativia.net,unknown,1.0,0,
pure-gmbh.com,unknown,1.0,0,
beyourecruiting.com,unknown,1.0,0,
zi.de,unknown,1.0,0,
dordt-thomalla.de,unknown,1.0,0,
peaktechnology.at,unknown,1.0,0,
globalct.com,unknown,1.0,0,
piusmartin.de,unknown,1.0,0,
hasomed.de,unknown,1.0,0,
maerkischer-kreis.de,unknown,1.0,0,
ipso.ch,unknown,1.0,0,
adeleon.de,unknown,1.0,0,
neubrandenburg.de,unknown,1.0,0,
detecon.com,unknown,1.0,0,
googmail.com,unknown,1.0,0,
cybertec-consulting.de,unknown,1.0,0,
laurapeters.de,unknown,1.0,0,
nowa.at,unknown,1.0,0,
hybrimin.com,unknown,1.0,0,
redcross.ch,unknown,1.0,0,
memeazon.com,unknown,1.0,0,
zwenzner.de,unknown,1.0,0,
veritasauto.com,unknown,1.0,0,
bettersorted.de,unknown,1.0,0,
fujifilm.com,unknown,1.0,0,
bhargava.de,unknown,1.0,0,
pichertcloud.de,unknown,1.0,0,
busch.de,unknown,1.0,0,
web.dd,unknown,1.0,0,
reneerkens.de,unknown,1.0,0,
die-schroeders.eu,unknown,1.0,0,
dc-ce.de,unknown,1.0,0,
katrinsimonmueller.de,unknown,1.0,0,
michael-kox.de,unknown,1.0,0,
ebkrw.org,unknown,1.0,0,
bszetdd.lernsax.de,unknown,1.0,0,
familie-otten.de,unknown,1.0,0,
drusenthal.de,unknown,1.0,0,
woltershome.de,unknown,1.0,0,
fairmas.com,unknown,1.0,0,
ibo.de,unknown,1.0,0,
fertig-web.de,unknown,1.0,0,
next2sun.de,unknown,1.0,0,
aha.ch,unknown,1.0,0,
stud.kantisargans.ch,unknown,1.0,0,
marketingpotenziale.de,unknown,1.0,0,
dataguard.de,unknown,1.0,0,
gymnasium-hennef.de,unknown,1.0,0,
minden-luebbecke.de,unknown,1.0,0,
mekm.eu,unknown,1.0,0,
bbs-mayen.de,unknown,1.0,0,
helimaform.de,unknown,1.0,0,
tuerantuer.de,unknown,1.0,0,
landkreis-emmendingen.de,unknown,1.0,0,
physik.tu-darmstadt.de,Germany,2.0,TU Darmstadt,
lenhardtleads.de,unknown,1.0,0,
temps.de,unknown,1.0,0,
greenmattergroup.com,unknown,1.0,0,
suedbund.de,unknown,1.0,0,
niederrhein.ihk.de,unknown,1.0,0,
jaunatronic.at,unknown,1.0,0,
praeha.de,unknown,1.0,0,
hg-hamburg.de,unknown,1.0,0,
jura-online.de,unknown,1.0,0,
otto-ofice.com,unknown,1.0,0,
optima-packaging.com,unknown,1.0,0,
katharinagrad.com,unknown,1.0,0,
srk-bern.ch,unknown,1.0,0,
rnd.de,unknown,1.0,0,
pfettrach-gruppe.de,unknown,1.0,0,
agathenstrasse.de,unknown,1.0,0,
ts-ingenieure.com,unknown,1.0,0,
wz-kliniken.de,unknown,1.0,0,
graf-von-montfort.net,unknown,1.0,0,
markus-aumer.de,unknown,1.0,0,
trillhaas.com,unknown,1.0,0,
dbing.de,unknown,1.0,0,
toad.de,unknown,1.0,0,
hotelderblauereiter.de,unknown,1.0,0,
evolvetech-solutions.de,unknown,1.0,0,
guhr-hamburg.de,unknown,1.0,0,
cozy.de,unknown,1.0,0,
viapet.de,unknown,1.0,0,
allprotec.de,unknown,1.0,0,
schaffsch.de,unknown,1.0,0,
doofe-kuh.de,unknown,1.0,0,
st-ulrich.at,unknown,1.0,0,
engels-champions.de,unknown,1.0,0,
selbstbestimmt.be,unknown,1.0,0,
aktion-mensche.de,unknown,1.0,0,
leibniz-remscheid.de,unknown,1.0,0,
bk-office-immo.de,unknown,1.0,0,
gantners.de,unknown,1.0,0,
braun-world.de,unknown,1.0,0,
schuelerstrasse22.de,unknown,1.0,0,
kleingartenconnect.de,unknown,1.0,0,
reckers-griesbach.com,unknown,1.0,0,
stadt-rees.de,unknown,1.0,0,
evang.at,unknown,1.0,0,
thinkconsult.de,unknown,1.0,0,
iig.at,unknown,1.0,0,
bdfexperts.de,unknown,1.0,0,
edu.ruhr-uni-bochum.de,unknown,1.0,0,
bzbs.ch,unknown,1.0,0,
gruene-bundestag.de,unknown,1.0,0,
kloos-med.de,unknown,1.0,0,
otto-office.com,unknown,1.0,0,
greencycle.de,unknown,1.0,0,
sek-ds.ch,unknown,1.0,0,
ks-foerderplus.de,unknown,1.0,0,
nhm.at,unknown,1.0,0,
techandteach.de,unknown,1.0,0,
tvu.de,unknown,1.0,0,
baumueller.com,unknown,1.0,0,
contentcom.de,unknown,1.0,0,
skymail.de,unknown,1.0,0,
hu-berlin.se,unknown,1.0,0,
erfolgsvisionen.de,unknown,1.0,0,
4ward4x4.com,unknown,1.0,0,
panzer-reputation.com,unknown,1.0,0,
audit-professionals.de,unknown,1.0,0,
gxp-brain.com,unknown,1.0,0,
auticon.com,unknown,1.0,0,
telemichel.tv,unknown,1.0,0,
nfcm.de,unknown,1.0,0,
vossmueller.com,unknown,1.0,0,
lkjbw.de,unknown,1.0,0,
laubengaier.de,unknown,1.0,0,
goerres.de,unknown,1.0,0,
andersconsulting.com,unknown,1.0,0,
herrmann-mse.de,unknown,1.0,0,
awo-koblenz.de,unknown,1.0,0,
hfm.uni-weimar.de,unknown,1.0,0,
ra-mecklenburg.de,unknown,1.0,0,
fvsg-buende.de,unknown,1.0,0,
ericrabe.de,unknown,1.0,0,
gec-denk.de,unknown,1.0,0,
praeha.net,unknown,1.0,0,
frg.wwschool.de,unknown,1.0,0,
schellmedia.de,unknown,1.0,0,
jkse.de,unknown,1.0,0,
moz.ac.at,unknown,1.0,0,
buelow-masiak.de,unknown,1.0,0,
fswh.de,unknown,1.0,0,
boc-de.com,unknown,1.0,0,
dwro.de,unknown,1.0,0,
refresh-online.de,unknown,1.0,0,
staceyhankeinc.com,unknown,1.0,0,
lossen-net.de,unknown,1.0,0,
ljusdal.se,unknown,1.0,0,
rosi-technology.de,unknown,1.0,0,
freiraumbaumanagement.ch,unknown,1.0,0,
impag.ch,unknown,1.0,0,
lagetsi.berlin.de,unknown,1.0,0,
siv.de,unknown,1.0,0,
solution-worker.de,unknown,1.0,0,
collmer.net,unknown,1.0,0,
gemeinde-willingen.de,unknown,1.0,0,
schlau.com,unknown,1.0,0,
thomasboegle.com,unknown,1.0,0,
christian-decher.de,unknown,1.0,0,
morgenstern.com,unknown,1.0,0,
christinaschmautz.com,unknown,1.0,0,
wwgsk.de,unknown,1.0,0,
livenet.org,unknown,1.0,0,
heinzonline.de,unknown,1.0,0,
green-ems.de,unknown,1.0,0,
espelage-immobilien.de,unknown,1.0,0,
gtm-online.de,unknown,1.0,0,
straubewegt.com,unknown,1.0,0,
xceptance.de,unknown,1.0,0,
praxisweilerhof.de,unknown,1.0,0,
nat.uni-hannover.de,unknown,1.0,0,
die-lobby.de,unknown,1.0,0,
med360grad.de,unknown,1.0,0,
probst.biz,unknown,1.0,0,
willytel.de,unknown,1.0,0,
words-in-motion.de,unknown,1.0,0,
ai.se,unknown,1.0,0,
alexle135.de,unknown,1.0,0,
buelach.ch,unknown,1.0,0,
leover.de,unknown,1.0,0,
dh77.de,unknown,1.0,0,
gwg-gladbeck.de,unknown,1.0,0,
holgergroth.de,unknown,1.0,0,
connectai.ch,unknown,1.0,0,
caritas-dicv-fr.de,unknown,1.0,0,
kvb.koeln,unknown,1.0,0,
umweltbank.de,unknown,1.0,0,
strickimicki.de,unknown,1.0,0,
botsandpeople.com,unknown,1.0,0,
iccloud.com,unknown,1.0,0,
gvb-gymnasium.de,unknown,1.0,0,
zollergroup.de,unknown,1.0,0,
smail.com,unknown,1.0,0,
frenzelit.com,unknown,1.0,0,
hubertgeurts.de,unknown,1.0,0,
familie-umlauff.de,unknown,1.0,0,
wwfw.de,unknown,1.0,0,
horvat.it,unknown,1.0,0,
brg-viktring.at,unknown,1.0,0,
sgrnet.de,unknown,1.0,0,
rosenhoehe.schule,unknown,1.0,0,
janinereinhard.de,unknown,1.0,0,
kanzlei-hohn.de,unknown,1.0,0,
buessliwerkstatt.ch,unknown,1.0,0,
feegel.de,unknown,1.0,0,
taasa.org,unknown,1.0,0,
gesamtschule-much.de,unknown,1.0,0,
pichelkastner.de,unknown,1.0,0,
matworks.de,unknown,1.0,0,
elmshorn.de,unknown,1.0,0,
protonza.com,unknown,1.0,0,
pjgaw.de,unknown,1.0,0,
stassfurt.de,unknown,1.0,0,
ksk-immobilien.de,unknown,1.0,0,
arcweb.com,unknown,1.0,0,
thgwob.de,unknown,1.0,0,
cloud-s.de,unknown,1.0,0,
your-change-coaching.com,unknown,1.0,0,
compub.de,unknown,1.0,0,
bs-holzfarbetextil.de,unknown,1.0,0,
franzdamm.de,unknown,1.0,0,
fielmann.com,unknown,1.0,0,
puregruppe.de,unknown,1.0,0,
gemeinde-michelau.de,unknown,1.0,0,
rkh-kliniken.de,unknown,1.0,0,
yahoo.se,unknown,1.0,0,
mentor.at,unknown,1.0,0,
sckell.at,unknown,1.0,0,
mws-neuburg.de,unknown,1.0,0,
michaelweyers.de,unknown,1.0,0,
bmrtrier.de,unknown,1.0,0,
netz-ll.de,unknown,1.0,0,
hv-nordin.de,unknown,1.0,0,
taunus-gin.de,unknown,1.0,0,
newmedia-gmbh.ch,unknown,1.0,0,
bkt-dn.de,unknown,1.0,0,
werner-medizin.de,unknown,1.0,0,
anjavonharsdorf.com,unknown,1.0,0,
bpav.de,unknown,1.0,0,
stud.fra.uas.de,unknown,1.0,0,
darimont.eu,unknown,1.0,0,
ppu.edu,unknown,1.0,0,
schule-alpnach.ch,unknown,1.0,0,
markuskristen.de,unknown,1.0,0,
fracfgav.com,unknown,1.0,0,
ens-nk.de,unknown,1.0,0,
ihreveraenderung.de,unknown,1.0,0,
rtc.edu,unknown,1.0,0,
essc.ch,unknown,1.0,0,
juliaerbut.me,unknown,1.0,0,
fs-musikevents.de,unknown,1.0,0,
bauverbaende-nds.de,unknown,1.0,0,
hoek.ch,unknown,1.0,0,
hebamme-teuerle.de,unknown,1.0,0,
innovation-hub.de,unknown,1.0,0,
derkeks.de,unknown,1.0,0,
creative-team-development.de,unknown,1.0,0,
barmag.com,unknown,1.0,0,
ymail.con,unknown,1.0,0,
stuttgart-financial.de,unknown,1.0,0,
korac.de,unknown,1.0,0,
classroom.ch,unknown,1.0,0,
uniza.sk,unknown,1.0,0,
verbrauchertrainer-bayern.de,unknown,1.0,0,
orgidea.com,unknown,1.0,0,
netspirits.de,unknown,1.0,0,
ifw.uni-stuttgart.de,unknown,1.0,0,
drk-pforzheim.de,unknown,1.0,0,
hcob-bank.com,unknown,1.0,0,
dominiksteiger.de,unknown,1.0,0,
securitas.ch,unknown,1.0,0,
bsfb.hamburg.de,unknown,1.0,0,
newmediaprojekt.de,unknown,1.0,0,
m-stadie.de,unknown,1.0,0,
knappworst.de,unknown,1.0,0,
katrin-moeltgen.de,unknown,1.0,0,
kundc.de,unknown,1.0,0,
vg-wachenheim.de,unknown,1.0,0,
maler-angelo.de,unknown,1.0,0,
must.edu.eg,unknown,1.0,0,
lichtensteig.sg.ch,unknown,1.0,0,
kardiologie-rottweil.de,unknown,1.0,0,
batri.de,unknown,1.0,0,
pmwo.de,unknown,1.0,0,
webmasters.de,unknown,1.0,0,
hittorf-iserv.de,unknown,1.0,0,
hp-altenberger.de,unknown,1.0,0,
schoenetagebox.de,unknown,1.0,0,
reimer-logistics.com,unknown,1.0,0,
sustainable.de,unknown,1.0,0,
pierce.de,unknown,1.0,0,
138os.lernsax.de,unknown,1.0,0,
grafik-zentrale.de,unknown,1.0,0,
dermasence.de,unknown,1.0,0,
koru.one,unknown,1.0,0,
marmorveredelung.de,unknown,1.0,0,
rosenberg-gmbh.com,unknown,1.0,0,
hk-bs.de,unknown,1.0,0,
delfingen.com,unknown,1.0,0,
tabea-skupin.de,unknown,1.0,0,
poliei.bund.de,unknown,1.0,0,
dammer.de,unknown,1.0,0,
schoenau.name,unknown,1.0,0,
computacenter.com,unknown,1.0,0,
hundefee.eu,unknown,1.0,0,
seehoefer.com,unknown,1.0,0,
pro-vs.de,unknown,1.0,0,
rs-mariastern.de,unknown,1.0,0,
juskys.de,unknown,1.0,0,
katharinagorka.de,unknown,1.0,0,
bmb.gv.at,unknown,1.0,0,
ohlberger.de,unknown,1.0,0,
ev-heimstiftung.de,unknown,1.0,0,
tecis.de,unknown,1.0,0,
fink-jacob.de,unknown,1.0,0,
cornelsenseelinger.com,unknown,1.0,0,
chrom-schmitt.de,unknown,1.0,0,
hoppecke.com,unknown,1.0,0,
stateofdesign.berlin,unknown,1.0,0,
advatera.com,unknown,1.0,0,
rudolfweb.de,unknown,1.0,0,
sebastian-fell.de,unknown,1.0,0,
ammann.com,unknown,1.0,0,
jandl.cc,unknown,1.0,0,
hwkpotsdam.de,unknown,1.0,0,
webanhalter.de,unknown,1.0,0,
betz-chrom.de,unknown,1.0,0,
rh.hamburg.de,unknown,1.0,0,
diesternis.de,unknown,1.0,0,
test123.com,unknown,1.0,0,
tuerckheim.de,unknown,1.0,0,
philsem.uni-kiel.de,unknown,1.0,0,
hunold-knoop.de,unknown,1.0,0,
kdg.be,unknown,1.0,0,
rehaneo.de,unknown,1.0,0,
hih.de,unknown,1.0,0,
nct-berlin.de,unknown,1.0,0,
ibes.ag,unknown,1.0,0,
anjaobermann.de,unknown,1.0,0,
derideenbotschafter.de,unknown,1.0,0,
catharina-huebner.de,unknown,1.0,0,
camissio.de,unknown,1.0,0,
jaegermarcel.de,unknown,1.0,0,
floriandietrich.de,unknown,1.0,0,
potte.net,unknown,1.0,0,
lizard.at,unknown,1.0,0,
nordbrief-ostsee.de,unknown,1.0,0,
probst.cc,unknown,1.0,0,
novadata-ki.de,unknown,1.0,0,
heilmann-beekes.de,unknown,1.0,0,
nabu.de,unknown,1.0,0,
koi-stadtmagazin.de,unknown,1.0,0,
ing.com,unknown,1.0,0,
bbzmoelln.de,unknown,1.0,0,
openitt.de,unknown,1.0,0,
jsmailbox.de,unknown,1.0,0,
kcp-consult.de,unknown,1.0,0,
schnetzerpuskas.com,unknown,1.0,0,
gfi-hannover-stolzenau.de,unknown,1.0,0,
hanse-haus.de,unknown,1.0,0,
vfgfggbhgbj.at,unknown,1.0,0,
hgbj.at,unknown,1.0,0,
mischadoering.de,unknown,1.0,0,
bildungsakademie-mmb.de,unknown,1.0,0,
yaboo.com,unknown,1.0,0,
consularia.de,unknown,1.0,0,
pal-wiping.com,unknown,1.0,0,
kimita.team,unknown,1.0,0,
studimail.hwg-lu.de,unknown,1.0,0,
angell.de,unknown,1.0,0,
stadtbau-wohnprojekte.de,unknown,1.0,0,
ibu.edu.tr,unknown,1.0,0,
scatch.org,unknown,1.0,0,
johanna-eck-schule.de,unknown,1.0,0,
lunkenheimer.de,unknown,1.0,0,
carite.de,unknown,1.0,0,
pluta.net,unknown,1.0,0,
heilbronn.ihk.de,unknown,1.0,0,
bien-zenker.de,unknown,1.0,0,
adbk.nrw.schule,unknown,1.0,0,
heikovolkmann.de,unknown,1.0,0,
geowerkstatt.org,unknown,1.0,0,
ka.sstfr.de,unknown,1.0,0,
streit-online.de,unknown,1.0,0,
on.phwien.ac.at,Austria,2.0,Pädagogische Hochschule Wien,
lfulg.sachsen.de,unknown,1.0,0,
sae.edu,unknown,1.0,0,
htw-saar.de,Germany,2.0,HTW Saar,
fintehs.com,unknown,1.0,0,
stud-phwien.ac.at,Austria,2.0,Pädagogische Hochschule Wien,
uni-konstanz.ce,Germany,2.0,Universität Konstanz,
blue-phoenix.com,unknown,1.0,0,
student.htw-berlin-de,Germany,2.0,HTW Berlin,
stephankoechling.de,unknown,1.0,0,
hs-gastroevent.de,unknown,1.0,0,
std.bogazici.edu.tr,Turkey,2.0,Bogazici University,
angelikagruber.co.at,unknown,1.0,0,
xn--itu-1s5a.edu.tr,Turkey,2.0,Instanbul Technical University,
iuc.edu.tr,Turkey,2.0,Istanbul University,
vhs-wetterau.de,unknown,1.0,0,
awo-hs.de,unknown,1.0,0,
utschs.de,unknown,1.0,0,
ksh.edu,unknown,1.0,0,
gmuender-vhs.de,unknown,1.0,0,
mindrails.de,unknown,1.0,0,
bwt-es-edu.de,unknown,1.0,0,
raiffeisen-campus.de,unknown,1.0,0,
opherk.com,unknown,1.0,0,
omniance.io,unknown,1.0,0,
utsc.edu.mx,Mexico,2.0,Santa Catarina Technological University,
student.htw-berlim.de,Germany,2.0,HTW Berlin,
gemeinde-schorfheide.de,unknown,1.0,0,
student-berlin.de,unknown,1.0,0,
hscheidtmann.de,unknown,1.0,0,
nationalmuseum.ch,unknown,1.0,0,
iu.edu.tr,Turkey,2.0,Istanbul University,
iti.edu.tr,Turkey,2.0,Instanbul Technical University,
uni-duesseldorf.d,Germany,2.0,HHU Düsseldorf,
schloesserland-sachsen.de,unknown,1.0,0,
news.teilchenbeschleuniger.de,unknown,1.0,0,
finanzwaerchstatt.ch,unknown,1.0,0,
schulportal.sachsen.de,unknown,1.0,0,
thomas-gruber.com,unknown,1.0,0,
stb-bauphysik.de,unknown,1.0,0,
kommunikationstechnik.org,unknown,1.0,0,
grahsl.at,unknown,1.0,0,
helukabel.de,unknown,1.0,0,
dadasophin.de,unknown,1.0,0,
epharisto-ev.de,unknown,1.0,0,
iitdalumni.com,unknown,1.0,0,
campusmoos.ch,unknown,1.0,0,
vhs-tdf-ndk.de,unknown,1.0,0,
hs-niedrrhein.de,Germany,2.0,Hochschule Niederrhein,
itu.edu.te,Turkey,2.0,Instanbul Technical University,
reinshagen-kommunikation.de,unknown,1.0,0,
iphocus.info,unknown,1.0,0,
eli-hofheim.schule,unknown,1.0,0,
cvetandimov.edu.mk,unknown,1.0,0,
pharmaqm.de,unknown,1.0,0,
hochschulverband.de,unknown,1.0,0,
gebrauchtwarencenter.com,unknown,1.0,0,
mw.niedersachsen.de,unknown,1.0,0,
kph-es.at,unknown,1.0,0,
immobilienservice-suemnig.de,unknown,1.0,0,
1stud.uni-due.de,Germany,2.0,Universität Duisburg-Essen,
wev-sachsen.de,unknown,1.0,0,
sv-sachsen.de,unknown,1.0,0,
arbeitsmedizin-pils.at,unknown,1.0,0,
kunstuni-linz.at,Austria,2.0,Kunstuniversität Linz,
stud-uni.due.de,Germany,2.0,Universität Duisburg-Essen,
kita.bremen.de,unknown,1.0,0,
uni-kn.de,unknown,1.0,0,
dobben-united.de,unknown,1.0,0,
delph-i.de,unknown,1.0,0,
schsrsmary.org,unknown,1.0,0,
students.hrheroes.de,unknown,1.0,0,
stiftung-niedersachsenmetall.de,unknown,1.0,0,
johs-boss.de,unknown,1.0,0,
hu.edu.eg,Egypt,2.0,Heliopolis University,
edu-dhsn.de,Germany,2.0,Duale Hochschule Sachsen,
stud.hs.ruhrwest.de,Germany,2.0,Hochschule Ruhr-West,
ug.edu.pl,Poland,2.0,University of Gdansk,
bilse.de,unknown,1.0,0,
vhs-arberland.de,unknown,1.0,0,
moje-communication.de,unknown,1.0,0,
unidistance.ch,Switzerland,2.0,UniDistance Suisse,
nephroteam.de,unknown,1.0,0,
kuka.com,unknown,1.0,0,
ai-ready-campus.com,unknown,1.0,0,
th-nuerberg.de,unknown,1.0,0,
th-nuernberg.com,unknown,1.0,0,
pts22.at,unknown,1.0,0,
th-nuernber.de,unknown,1.0,0,
hbl.ch,unknown,1.0,0,
fgz-risc.de,unknown,1.0,0,
edu.rptu.de,unknown,1.0,0,
syncwork.de,unknown,1.0,0,
hbg.schule.koeln,unknown,1.0,0,
th.nuernberg.de,unknown,1.0,0,
th-nuerenberg.de,unknown,1.0,0,
xn--th-nrnberg-deb.de,unknown,1.0,0,
dallgow.de,unknown,1.0,0,
gbd-biotechdia.de,unknown,1.0,0,
nah.sh,unknown,1.0,0,
vak.berlin.de,unknown,1.0,0,
alaniholding.de,unknown,1.0,0,
zechbau.de,unknown,1.0,0,
daniel-herrmann.io,unknown,1.0,0,
region-hannover.de,unknown,1.0,0,
th-nuenberg.de,unknown,1.0,0,
raps.com,unknown,1.0,0,
faa.uni-freiburg.de,unknown,1.0,0,
atinjo.com,unknown,1.0,0,
informatik.fh-nuernberg.de,unknown,1.0,0,
jip-impulse.de,unknown,1.0,0,
schule-pfaffnau.ch,unknown,1.0,0,
kindergesundheit.de,unknown,1.0,0,
carnet.hr,unknown,1.0,0,
naturalretreats.com,unknown,1.0,0,
food-akademie.de,unknown,1.0,0,
doz.hfm-berlin.de,unknown,1.0,0,
th-nã1⁄4rnberg.de,unknown,1.0,0,
nlpvuo.brandenburg.de,unknown,1.0,0,
pi5.physik.uni-stuttgart.de,unknown,1.0,0,
wuppertal.de,unknown,1.0,0,
wiw.uni-wuppertal.de,unknown,1.0,0,
th-mannheim.de,unknown,1.0,0,
th-online.de,unknown,1.0,0,
thnuernberg.de,unknown,1.0,0,
hfuk-nord.de,unknown,1.0,0,
lwk.nrw.de,unknown,1.0,0,
ggw-homburg.de,unknown,1.0,0,
sata.com,unknown,1.0,0,
math.uni-bielefeld.de,unknown,1.0,0,
martinum.de,unknown,1.0,0,
meisterbankett.at,unknown,1.0,0,
domino-deutschland.de,unknown,1.0,0,
bs28.de,unknown,1.0,0,
redbus.com,unknown,1.0,0,
bwstiftung.de,unknown,1.0,0,
rhrk.de,unknown,1.0,0,
kukservice.de,unknown,1.0,0,
sus.sek-andelfingen.ch,unknown,1.0,0,
bs-af.de,unknown,1.0,0,
hotmail.ca,unknown,1.0,0,
bnu.edu.cn,unknown,1.0,0,
th.nueernberg.de,unknown,1.0,0,
quasumi.de,unknown,1.0,0,
rs-ismaning.de,unknown,1.0,0,
intracon.com,unknown,1.0,0,
oswaedi.ch,unknown,1.0,0,
uoi.gr,unknown,1.0,0,
wildwood.de,unknown,1.0,0,
gastromondo.com,unknown,1.0,0,
jaser.de,unknown,1.0,0,
ch.abb.com,unknown,1.0,0,
os128.lernsax.de,unknown,1.0,0,
handelskammer-hamburg.de,unknown,1.0,0,
stud.mobile-university.de,unknown,1.0,0,
sterzinger.net,unknown,1.0,0,
eldrost.de,unknown,1.0,0,
benjaminmarquardt.de,unknown,1.0,0,
bob-transfer.de,unknown,1.0,0,
sensemail.ch,unknown,1.0,0,
hbit.de,unknown,1.0,0,
schridde.eu,unknown,1.0,0,
anderschmuecke.de,unknown,1.0,0,
scherr-klimke.de,unknown,1.0,0,
renck-weindel.de,unknown,1.0,0,
boes-immobilien.de,unknown,1.0,0,
mso-hef.de,unknown,1.0,0,
bs.ksn.at,unknown,1.0,0,
azv-unteres-sulmtal.de,unknown,1.0,0,
nbenl.de,unknown,1.0,0,
enerfect.de,unknown,1.0,0,
jor-wa.de,unknown,1.0,0,
geo.uni-bonn.de,unknown,1.0,0,
echopark.com,unknown,1.0,0,
oxan.de,unknown,1.0,0,
gkpokale.de,unknown,1.0,0,
bkk-lv-bayern.de,unknown,1.0,0,
it-klempel.de,unknown,1.0,0,
lra-regensburg.de,unknown,1.0,0,
sayanetworks.eu,unknown,1.0,0,
geckos.org.au,unknown,1.0,0,
ulfjensen.com,unknown,1.0,0,
pianotainment.com,unknown,1.0,0,
plan-dich.com,unknown,1.0,0,
stiebel-eltron.de,unknown,1.0,0,
tn.eckert-bfw.de,unknown,1.0,0,
bafin.de,unknown,1.0,0,
cloud.neduet.edu.pk,unknown,1.0,0,
rauseminare.de,unknown,1.0,0,
diehofmaenner.de,unknown,1.0,0,
typowerk.de,unknown,1.0,0,
debeka.de,unknown,1.0,0,
k8.design,unknown,1.0,0,
lippe-berufskolleg.de,unknown,1.0,0,
th-nerunberg.de,unknown,1.0,0,
lgh-steuer.de,unknown,1.0,0,
student.aau.dk,unknown,1.0,0,
guessingms.onmicrosoft.com,unknown,1.0,0,
biddyartdesign.de,unknown,1.0,0,
fischi.ch,unknown,1.0,0,
tschiers.de,unknown,1.0,0,
newworcare.de,unknown,1.0,0,
migration-arbeitswelt.de,unknown,1.0,0,
buhr-m.de,unknown,1.0,0,
transcomashipping.com,unknown,1.0,0,
timoringlein.com,unknown,1.0,0,
tc-neudecker.de,unknown,1.0,0,
pahlow.ws,unknown,1.0,0,
amnesty.de,unknown,1.0,0,
mu.edu.et,unknown,1.0,0,
theleansixsigmacompany.com,unknown,1.0,0,
kirchnerdaniel.de,unknown,1.0,0,
rhein-neckar-kreis.de,unknown,1.0,0,
silengua.de,unknown,1.0,0,
lars-zimmermann.info,unknown,1.0,0,
mail2online.de,unknown,1.0,0,
wackersdorf.de,unknown,1.0,0,
arbeitsmedizin.de,unknown,1.0,0,
skf-muenchen.de,unknown,1.0,0,
vaia-maedchenhaus.de,unknown,1.0,0,
zem.uni-bonn.de,unknown,1.0,0,
panketal.de,unknown,1.0,0,
st-ursula-freiburg.de,unknown,1.0,0,
schomburg.de,unknown,1.0,0,
oberschulzentrum-sterzing.eu,unknown,1.0,0,
fzkme.lernsx.de,unknown,1.0,0,
ggsd.de,unknown,1.0,0,
markusfischer.net,unknown,1.0,0,
enerwave.gr,unknown,1.0,0,
rea.de,unknown,1.0,0,
gai-netconsult.de,unknown,1.0,0,
staengle.de,unknown,1.0,0,
brainit.at,unknown,1.0,0,
stahlbau-us.de,unknown,1.0,0,
tadiplus.de,unknown,1.0,0,
bevestor.de,unknown,1.0,0,
rbeurskens.de,unknown,1.0,0,
hegau24.de,unknown,1.0,0,
wuerth.no,unknown,1.0,0,
mail.trichter65.de,unknown,1.0,0,
qvest-digital.com,unknown,1.0,0,
bosch-consult.com,unknown,1.0,0,
misera.cc,unknown,1.0,0,
rhoen-grabfeld.de,unknown,1.0,0,
marlaschnee.de,unknown,1.0,0,
natascha-bernhardt.de,unknown,1.0,0,
stb-heeb.de,unknown,1.0,0,
doctorant.inpt.ac.ma,unknown,1.0,0,
gms-weil.de,unknown,1.0,0,
th-neurnberg.de,unknown,1.0,0,
dominic-hain.de,unknown,1.0,0,
mup-group.com,unknown,1.0,0,
no-gard.de,unknown,1.0,0,
waldschule-schwanewede.net,unknown,1.0,0,
holz-rentsch.de,unknown,1.0,0,
mail.knou.ac.kr,unknown,1.0,0,
schuebeler.com,unknown,1.0,0,
agj-freiburg.de,unknown,1.0,0,
doctari.de,unknown,1.0,0,
finzler.de,unknown,1.0,0,
alexida.com,unknown,1.0,0,
gsdd.bipschulen.de,unknown,1.0,0,
datacomm.ch,unknown,1.0,0,
tecvia.com,unknown,1.0,0,
partner.h2.de,unknown,1.0,0,
jaeger-handling.de,unknown,1.0,0,
csun.edu,unknown,1.0,0,
schule-ursulinen.de,unknown,1.0,0,
th-nuernberh.de,unknown,1.0,0,
marco-marchetti.de,unknown,1.0,0,
ku.lt,unknown,1.0,0,
bildungsakademie-mettmann.de,unknown,1.0,0,
htl-ibk.at,unknown,1.0,0,
gillert-online.de,unknown,1.0,0,
fh-augsburg.de,unknown,1.0,0,
huesch.com,unknown,1.0,0,
gdv-dl.de,unknown,1.0,0,
manaia-consulting.de,unknown,1.0,0,
ensor.com,unknown,1.0,0,
azur-camping.de,unknown,1.0,0,
hirnwindungen.de,unknown,1.0,0,
schumei.de,unknown,1.0,0,
ms-trainer.net,unknown,1.0,0,
thw.eu,unknown,1.0,0,
pikaner.de,unknown,1.0,0,
lillipet.de,unknown,1.0,0,
careproakademie.de,unknown,1.0,0,
roederaue.de,unknown,1.0,0,
dnb.com,unknown,1.0,0,
privatgymnasium-weinheim.de,unknown,1.0,0,
xxxl.digital,unknown,1.0,0,
kaischmitz.eu,unknown,1.0,0,
outlook.con,unknown,1.0,0,
brief-box.eu,unknown,1.0,0,
ptz-online.de,unknown,1.0,0,
duhl.de,unknown,1.0,0,
josefsheim-wartenberg.de,unknown,1.0,0,
lzz.de,unknown,1.0,0,
caritas-brilon.de,unknown,1.0,0,
sz-amnf.de,unknown,1.0,0,
stwb.de,unknown,1.0,0,
hapnet.de,unknown,1.0,0,
arbogast.at,unknown,1.0,0,
bettersafe.at,unknown,1.0,0,
akg-wien.at,unknown,1.0,0,
uslu.org,unknown,1.0,0,
audiovisiones.info,unknown,1.0,0,
idz-jena.de,unknown,1.0,0,
tuke.de,unknown,1.0,0,
mediio.de,unknown,1.0,0,
tuerk-sarstedt.de,unknown,1.0,0,
katrinharke.de,unknown,1.0,0,
tobiasreiff.de,unknown,1.0,0,
physik.rwth-aachen.de,unknown,1.0,0,
europipe.com,unknown,1.0,0,
salusmax.de,unknown,1.0,0,
bcl-baulogistik.com,unknown,1.0,0,
recoschewitz.de,unknown,1.0,0,
wolfgangbauerconsult.com,unknown,1.0,0,
bzdh.de,unknown,1.0,0,
kreis-offenbach.de,unknown,1.0,0,
uimc.de,unknown,1.0,0,
handke.it,unknown,1.0,0,
elearningacademy.at,unknown,1.0,0,
exxonmobil.com,unknown,1.0,0,
jugendhilfe-koeln.de,unknown,1.0,0,
gg-fr.de,unknown,1.0,0,
f-zander.de,unknown,1.0,0,
office24seven.com,unknown,1.0,0,
gmaill.com,unknown,1.0,0,
sanotact.de,unknown,1.0,0,
hetterich.de,unknown,1.0,0,
sto.com,unknown,1.0,0,
seider.biz,unknown,1.0,0,
murolo.de,unknown,1.0,0,
labor-hn.com,unknown,1.0,0,
chemoform.com,unknown,1.0,0,
k-m.at,unknown,1.0,0,
consiness.com,unknown,1.0,0,
husemann.de,unknown,1.0,0,
bernwalder.de,unknown,1.0,0,
se-itconsulting.info,unknown,1.0,0,
bad-schwalbach.de,unknown,1.0,0,
heinzmann.de,unknown,1.0,0,
naderscape.net,unknown,1.0,0,
baier-whv.de,unknown,1.0,0,
luckycloud.de,unknown,1.0,0,
mapel.info,unknown,1.0,0,
bbsm-brandenburg.de,unknown,1.0,0,
fh-nuernberg.de,unknown,1.0,0,
rainer-herzog.infotrainer,unknown,1.0,0,
meerradio.de,unknown,1.0,0,
bhmayer.com,unknown,1.0,0,
ivkone.de,unknown,1.0,0,
rainer-herzog.info,unknown,1.0,0,
rikewinterberg.de,unknown,1.0,0,
radeloff.de,unknown,1.0,0,
goetzag.de,unknown,1.0,0,
wkrs.onmicrosoft.com,unknown,1.0,0,
wenco.de,unknown,1.0,0,
vogel-cs.de,unknown,1.0,0,
rtl2.de,unknown,1.0,0,
studium.fern-hagen.de,unknown,1.0,0,
t-engelhardt.de,unknown,1.0,0,
ilt.fraunhofer.de,unknown,1.0,0,
gall.bayern,unknown,1.0,0,
schoendelt.de,unknown,1.0,0,
kinderschutz.de,unknown,1.0,0,
zangl.cc,unknown,1.0,0,
digitaltrust.de,unknown,1.0,0,
mentefactum.com,unknown,1.0,0,
lead4a.com,unknown,1.0,0,
xceptance.net,unknown,1.0,0,
redbus.in,unknown,1.0,0,
gopicta.com,unknown,1.0,0,
raiffeisen.ua,unknown,1.0,0,
loeb.eu,unknown,1.0,0,
beck-werbeagentur.de,unknown,1.0,0,
th-nuerneberg.de,unknown,1.0,0,
ieft.ch,unknown,1.0,0,
rastede.de,unknown,1.0,0,
digum.de,unknown,1.0,0,
hubertusporschen.com,unknown,1.0,0,
eibl.eu,unknown,1.0,0,
wuestefeld.me,unknown,1.0,0,
pichlmayr-stiftung.de,unknown,1.0,0,
kunststoffverpackungen.de,unknown,1.0,0,
kalscheuer.schule,unknown,1.0,0,
live.uni-koblenz.de,unknown,1.0,0,
iserv-schillerschule.de,unknown,1.0,0,
havelland.de,unknown,1.0,0,
puhl.com,unknown,1.0,0,
place2charge.com,unknown,1.0,0,
global-project.de,unknown,1.0,0,
poweredbyprocess.com,unknown,1.0,0,
ideenmanager.at,unknown,1.0,0,
matthiascompes.com,unknown,1.0,0,
hoellen.org,unknown,1.0,0,
okari.com,unknown,1.0,0,
kfaber.ch,unknown,1.0,0,
dpu.ac.th,unknown,1.0,0,
itsm-cologne.de,unknown,1.0,0,
technischehoschulen.onmicrosoft.com,unknown,1.0,0,
da-vienna.at,unknown,1.0,0,
plazza.ch,unknown,1.0,0,
winkler-mail.net,unknown,1.0,0,
tmconcept.ch,unknown,1.0,0,
eitmanufacturing.eu,unknown,1.0,0,
stadtschmiede.org,unknown,1.0,0,
hua.gr,unknown,1.0,0,
bbzp.sz.ch,unknown,1.0,0,
moeschel.org,unknown,1.0,0,
fm-wolf.de,unknown,1.0,0,
artfam.de,unknown,1.0,0,
mpib-berlin.mpg.de,unknown,1.0,0,
txproducts.de,unknown,1.0,0,
fourbeats.de,unknown,1.0,0,
die-josts.de,unknown,1.0,0,
stadtwerke-erding.de,unknown,1.0,0,
architektur.uni-siegen.de,unknown,1.0,0,
it-schlee.de,unknown,1.0,0,
exp1.physik.uni-giessen.de,unknown,1.0,0,
morth-m.de,unknown,1.0,0,
xander-web.de,unknown,1.0,0,
bjoernweiss.de,unknown,1.0,0,
tgrs.de,unknown,1.0,0,
itconfigall.com,unknown,1.0,0,
schwarzschild.eu,unknown,1.0,0,
garcerafilms.com,unknown,1.0,0,
th-nuernberd.de,unknown,1.0,0,
memoriav.ch,unknown,1.0,0,
bittner.digital,unknown,1.0,0,
dietingen.de,unknown,1.0,0,
yahoo.dd,unknown,1.0,0,
steuerl.com,unknown,1.0,0,
textgeschichten.de,unknown,1.0,0,
masakow.de,unknown,1.0,0,
conos.at,unknown,1.0,0,
engel.marketing,unknown,1.0,0,
brix-services.com,unknown,1.0,0,
regendantz.net,unknown,1.0,0,
rs-gauting.de,unknown,1.0,0,
marckluesener.de,unknown,1.0,0,
nizza.xyz,unknown,1.0,0,
rausch.international,unknown,1.0,0,
zimmer-arzfeld.de,unknown,1.0,0,
reichardtfamily.de,unknown,1.0,0,
euromug.de,unknown,1.0,0,
olegraf.de,unknown,1.0,0,
charite.com,unknown,1.0,0,
amg.ch,unknown,1.0,0,
nomari.li,unknown,1.0,0,
aco-guss.com,unknown,1.0,0,
terpmail.umd.edu,unknown,1.0,0,
chgts.de,unknown,1.0,0,
scheu-dental.com,unknown,1.0,0,
rw-architects.de,unknown,1.0,0,
sustaine-consulting.de,unknown,1.0,0,
allianz.com,unknown,1.0,0,
de.smbcgroup.com,unknown,1.0,0,
haemmerle-automaten.de,unknown,1.0,0,
rebuz.bremen.de,unknown,1.0,0,
schardei.de,unknown,1.0,0,
coord.de,unknown,1.0,0,
schauerte-mode.de,unknown,1.0,0,
kemmerich-lortzing.de,unknown,1.0,0,
freund-cie.com,unknown,1.0,0,
biomedpark-medien.de,unknown,1.0,0,
create.co.at,unknown,1.0,0,
ehlers-kohfeld.de,unknown,1.0,0,
gbi-info.de,unknown,1.0,0,
genokolleg.de,unknown,1.0,0,
apcoa.de,unknown,1.0,0,
gymnasium-marienberg.de,unknown,1.0,0,
tettschlag.de,unknown,1.0,0,
netgo.de,unknown,1.0,0,
cheerful.com,unknown,1.0,0,
mdc-power.com,unknown,1.0,0,
ipm.fraunhofer.de,unknown,1.0,0,
cum-mente.eu,unknown,1.0,0,
mh-freiburg.de,unknown,1.0,0,
inail.it,unknown,1.0,0,
glg-mbh.de,unknown,1.0,0,
caritas-soest.de,unknown,1.0,0,
daniel-beinlich.de,unknown,1.0,0,
dsv.com,unknown,1.0,0,
zillenbiller.de,unknown,1.0,0,
zd-bb.de,unknown,1.0,0,
studen.uni-tuebingen.de,unknown,1.0,0,
doc-moya.de,unknown,1.0,0,
oujaidan.info,unknown,1.0,0,
outllook.in,unknown,1.0,0,
gmk-markenberatung.de,unknown,1.0,0,
gobu-e.com,unknown,1.0,0,
openserv.eu,unknown,1.0,0,
parabol.de,unknown,1.0,0,
iazenconsulting.onmicrosoft.com,unknown,1.0,0,
gym-kirchdorf.at,unknown,1.0,0,
rme-consulting.de,unknown,1.0,0,
its-kruschina.de,unknown,1.0,0,
astridheinedesign.de,unknown,1.0,0,
gabeju.de,unknown,1.0,0,
kerstinbuehring.ch,unknown,1.0,0,
kuble.com,unknown,1.0,0,
abbvie.com,unknown,1.0,0,
un-wuppertal.de,unknown,1.0,0,
hannah-sonnenstuhl.de,unknown,1.0,0,
kkf-oca.ch,unknown,1.0,0,
stadtweimar.de,unknown,1.0,0,
floriankette.de,unknown,1.0,0,
astridjungwirth.at,unknown,1.0,0,
amz-nordwest.de,unknown,1.0,0,
westlicheboerde.de,unknown,1.0,0,
mauer.lknoe.at,unknown,1.0,0,
nowofol.de,unknown,1.0,0,
baugeraete-baumaschinen-wagner.de,unknown,1.0,0,
berndjuhre.de,unknown,1.0,0,
iamdavid.de,unknown,1.0,0,
hybrimin.de,unknown,1.0,0,
grueger.net,unknown,1.0,0,
beltios.com,unknown,1.0,0,
bell.net,unknown,1.0,0,
ekosart.de,unknown,1.0,0,
fcn.de,unknown,1.0,0,
entega-medianet.de,unknown,1.0,0,
siopi.de,unknown,1.0,0,
elk-wue.de,unknown,1.0,0,
alarm-it-factory.de,unknown,1.0,0,
urlaubsexpete.de,unknown,1.0,0,
ckos.de,unknown,1.0,0,
th-nernberg.de,unknown,1.0,0,
lemit.de,unknown,1.0,0,
liewerenz.de,unknown,1.0,0,
lk-seenplatte.de,unknown,1.0,0,
aks.or.at,unknown,1.0,0,
bhbwash.com,unknown,1.0,0,
heissner.de,unknown,1.0,0,
koeppen-bct.de,unknown,1.0,0,
kks-halle.de,unknown,1.0,0,
transpack-krumbach.de,unknown,1.0,0,
verwaltung-uni-bonn.de,unknown,1.0,0,
bhakwien22.att,unknown,1.0,0,
dussmanngroup.com,unknown,1.0,0,
amh.de,unknown,1.0,0,
halstenberg.net,unknown,1.0,0,
nguci.de,unknown,1.0,0,
schulstiftung-ekm.de,unknown,1.0,0,
afs.de,unknown,1.0,0,
thnuernberg.co,unknown,1.0,0,
landkreis-waldshut.de,unknown,1.0,0,
hiway.at,unknown,1.0,0,
sms-group.com,unknown,1.0,0,
mp-postfach.de,unknown,1.0,0,
koerb.de,unknown,1.0,0,
ptvlogistics.com,unknown,1.0,0,
hellopetz.de,unknown,1.0,0,
graafmann.de,unknown,1.0,0,
schindele-net.de,unknown,1.0,0,
krott.info,unknown,1.0,0,
mdui.de,unknown,1.0,0,
getmoss.com,unknown,1.0,0,
iserv-rscampe.de,unknown,1.0,0,
wikaa.at,unknown,1.0,0,
unsekinder.net,unknown,1.0,0,
senzyme.de,unknown,1.0,0,
dayborn.co.uk,unknown,1.0,0,
frankmoelle.de,unknown,1.0,0,
jordan-ffm.de,unknown,1.0,0,
rrce.at,unknown,1.0,0,
teamkoenig.de,unknown,1.0,0,
gimuenchen.de,unknown,1.0,0,
th-nuernberg.dd,unknown,1.0,0,
doehler.com,unknown,1.0,0,
andraschek.at,unknown,1.0,0,
germlit.rwth-aachen.de,unknown,1.0,0,
tgu-service.de,unknown,1.0,0,
ait.landsh.de,unknown,1.0,0,
generalmail.com,unknown,1.0,0,
ludwig.lier.de,unknown,1.0,0,
hartstock.me,unknown,1.0,0,
alexanderjanisriedel.com,unknown,1.0,0,
jakob-online.com,unknown,1.0,0,
mwonline.de,unknown,1.0,0,
ling.uni-stuttgart.de,unknown,1.0,0,
delmann.ch,unknown,1.0,0,
luebbecke.de,unknown,1.0,0,
kau.edu.sa,unknown,1.0,0,
lrh.landsh.de,unknown,1.0,0,
ingdilligenz.de,unknown,1.0,0,
derbildungsenthusiast.de,unknown,1.0,0,
neustadt-dosse.de,unknown,1.0,0,
rosalind-salecker.de,unknown,1.0,0,
bfw-job.de,unknown,1.0,0,
venetis.eu,unknown,1.0,0,
slv-duisburg.de,unknown,1.0,0,
zielhoff.net,unknown,1.0,0,
drheuer.de,unknown,1.0,0,
notes-sandbox.de,unknown,1.0,0,
eskinyurt.com,unknown,1.0,0,
vollack.de,unknown,1.0,0,
maike-paetzel.de,unknown,1.0,0,
rz.hs-fulda.de,unknown,1.0,0,
we.de,unknown,1.0,0,
nelsen.de,unknown,1.0,0,
amboss.com,unknown,1.0,0,
gmx.dr,unknown,1.0,0,
amail.de,unknown,1.0,0,
vonpupka.de,unknown,1.0,0,
navigating.art,unknown,1.0,0,
ulpgc.es,unknown,1.0,0,
diakonie-leipzig.de,unknown,1.0,0,
dentxpert.net,unknown,1.0,0,
albert-schweitzer-stiftung.de,unknown,1.0,0,
dr-schnell.de,unknown,1.0,0,
th-nuremberg.de,unknown,1.0,0,
bewegungsexperte.com,unknown,1.0,0,
margrit-mueller.de,unknown,1.0,0,
oelgardt.info,unknown,1.0,0,
brandl.eu,unknown,1.0,0,
sabrinastaller.de,unknown,1.0,0,
21st.at,unknown,1.0,0,
uvg.edu.gt,unknown,1.0,0,
deutsche-boerse.com,unknown,1.0,0,
kayuan.de,unknown,1.0,0,
katrin-samson.de,unknown,1.0,0,
bauer.de,unknown,1.0,0,
ki-fit.at,unknown,1.0,0,
planetcare-smallsteps.com,unknown,1.0,0,
eglin.ch,unknown,1.0,0,
wuestemann-werbeagentur.de,unknown,1.0,0,
msdkb.de,unknown,1.0,0,
geisenfeld.de,unknown,1.0,0,
tedox.de,unknown,1.0,0,
bba-burgdorf.de,unknown,1.0,0,
icloiud.com,unknown,1.0,0,
mms-freistadt.at,unknown,1.0,0,
open-beta.ai,unknown,1.0,0,
th-nuenrberg.de,unknown,1.0,0,
verena-altmann.de,unknown,1.0,0,
hwk-osnabrueck.de,unknown,1.0,0,
fi-bs.de,unknown,1.0,0,
getcaya.com,unknown,1.0,0,
feba.de,unknown,1.0,0,
oliver-kittner.de,unknown,1.0,0,
vertecs.de,unknown,1.0,0,
caliaro.net,unknown,1.0,0,
kva-lausitz.de,unknown,1.0,0,
berufsschule.bz,unknown,1.0,0,
cit-ec.uni-bielefeld.de,unknown,1.0,0,
aelf-kw.bayern.de,unknown,1.0,0,
constantin.de,unknown,1.0,0,
optadata-gruppe.de,unknown,1.0,0,
think-about.it,unknown,1.0,0,
ipleiria.pt,unknown,1.0,0,
l.mittelschule-guenzburg.de,unknown,1.0,0,
awg.muenchen.musin.de,unknown,1.0,0,
schaper-coaching.com,unknown,1.0,0,
enacom.de,unknown,1.0,0,
zgki.de,unknown,1.0,0,
tellux.de,unknown,1.0,0,
rpmed.de,unknown,1.0,0,
lavantinum.ksn.at,unknown,1.0,0,
mpinb.mpg.de,unknown,1.0,0,
tnmslembach.at,unknown,1.0,0,
bfgoe.de,unknown,1.0,0,
2f-freiburg.de,unknown,1.0,0,
circle2.de,unknown,1.0,0,
dussmann.de,unknown,1.0,0,
swgt.at,unknown,1.0,0,
cehrmann.de,unknown,1.0,0,
unfuture.de,unknown,1.0,0,
uclm.es,unknown,1.0,0,
b-connective.de,unknown,1.0,0,
franke-ben.de,unknown,1.0,0,
th-nuernebrg.de,unknown,1.0,0,
blw.admin.ch,unknown,1.0,0,
glasmeyer-branding.de,unknown,1.0,0,
augenchirurgie.clinic,unknown,1.0,0,
bpt.eurofinseu.com,unknown,1.0,0,
schilk.de,unknown,1.0,0,
artax.com,unknown,1.0,0,
h2splan.de,unknown,1.0,0,
elsbethundich.de,unknown,1.0,0,
bbs2-emden.de,unknown,1.0,0,
mauriceschreiner.de,unknown,1.0,0,
staecker.org,unknown,1.0,0,
datango.de,unknown,1.0,0,
diebergs.net,unknown,1.0,0,
th-nuerenberg.com,unknown,1.0,0,
pluscoaching.eu,unknown,1.0,0,
winn-co.com,unknown,1.0,0,
avanade.com,unknown,1.0,0,
evb-elbe-weser.de,unknown,1.0,0,
simoms.email,unknown,1.0,0,
verhextdesign.de,unknown,1.0,0,
vs-wire.eu,unknown,1.0,0,
memopower.de,unknown,1.0,0,
on.wwu.de,unknown,1.0,0,
arche-nova.org,unknown,1.0,0,
by-schmidt.de,unknown,1.0,0,
ib-seiz.de,unknown,1.0,0,
anitahayoz.ch,unknown,1.0,0,
simai.de,unknown,1.0,0,
baf-fischbach.de,unknown,1.0,0,
fisglobal.com,unknown,1.0,0,
transform.at,unknown,1.0,0,
fiz-karslruhe.de,unknown,1.0,0,
montuori-sorrentino.com,unknown,1.0,0,
rheinhuette.com,unknown,1.0,0,
brain4hire.de,unknown,1.0,0,
arsmedium.com,unknown,1.0,0,
tigerhebezeuge.de,unknown,1.0,0,
andreas-erber.net,unknown,1.0,0,
ankurya.com,unknown,1.0,0,
bs29.hamburg.de,unknown,1.0,0,
endriklengwenat.de,unknown,1.0,0,
schmucke-sachen.de,unknown,1.0,0,
gymnasium-landau.de,unknown,1.0,0,
th-nuernberhg.de,unknown,1.0,0,
rainer.behrens.de,unknown,1.0,0,
hendrikstier.name,unknown,1.0,0,
witreu-abg.de,unknown,1.0,0,
schuleoberrieden.ch,unknown,1.0,0,
horninger.de,unknown,1.0,0,
rainer-behrens.de,unknown,1.0,0,
pmmortgage.net,unknown,1.0,0,
mallon.info,unknown,1.0,0,
rogers.com,unknown,1.0,0,
pitagoral.com,unknown,1.0,0,
rommelag.com,unknown,1.0,0,
ghms-moosburg.de,unknown,1.0,0,
awakenrecovery.com,unknown,1.0,0,
thiemobrand.de,unknown,1.0,0,
werner-knobloch.de,unknown,1.0,0,
jansche.de,unknown,1.0,0,
juriga.eu,unknown,1.0,0,
barczaitis.de,unknown,1.0,0,
smartlix.at,unknown,1.0,0,
agriconsult-gmbh.de,unknown,1.0,0,
manfredschreiber.de,unknown,1.0,0,
email.com,unknown,1.0,0,
derwok.de,unknown,1.0,0,
pc-notdienst-weimar.de,unknown,1.0,0,
evolution.uni-bonn.de,unknown,1.0,0,
riger.de,unknown,1.0,0,
x-it-service.com,unknown,1.0,0,
intcdc.uni-stuttgart.de,unknown,1.0,0,
gallmannn.org,unknown,1.0,0,
sarah-kramer.de,unknown,1.0,0,
lanzillotta-translations.de,unknown,1.0,0,
gibs.at,unknown,1.0,0,
ssystems.de,unknown,1.0,0,
wwk.de,unknown,1.0,0,
dagmar-morath.de,unknown,1.0,0,
magnus-frisch.de,unknown,1.0,0,
cells.uni-hannover.de,unknown,1.0,0,
gemeindegrafenau.de,unknown,1.0,0,
agiliana.de,unknown,1.0,0,
sankt-augustin.de,unknown,1.0,0,
vg-hm.de,unknown,1.0,0,
osu.edu,unknown,1.0,0,
aepli.ch,unknown,1.0,0,
bhakwien13.at,unknown,1.0,0,
bkhalle.de,unknown,1.0,0,
barmherzige-regensburg.de,unknown,1.0,0,
dgk.org,unknown,1.0,0,
djmmm.de,unknown,1.0,0,
we.unbox.at,unknown,1.0,0,
extern.dhsh.de,unknown,1.0,0,
stiftung-wuerth.de,unknown,1.0,0,
indiva-massage.de,unknown,1.0,0,
fink-ideen.eu,unknown,1.0,0,
mythriq.de,unknown,1.0,0,
rh-nuernberg.de,unknown,1.0,0,
intra.udk-berlin.com,unknown,1.0,0,
wohnbau-coburg.de,unknown,1.0,0,
fvas-waldstetten.de,unknown,1.0,0,
georg-halfar.com,unknown,1.0,0,
iaas.uni-stuttgart.de,unknown,1.0,0,
mpi-magdeburg.mpg.de,unknown,1.0,0,
atis-club.de,unknown,1.0,0,
ankalu.de,unknown,1.0,0,
th-nuernberg.d,unknown,1.0,0,
or-uni-bonn.de,unknown,1.0,0,
th-nuernbger.de,unknown,1.0,0,
mitivi.de,unknown,1.0,0,
rsplattling.de,unknown,1.0,0,
brekom.de,unknown,1.0,0,
kunstscheune.de,unknown,1.0,0,
timm-technology.de,unknown,1.0,0,
bargteheide-land.de,unknown,1.0,0,
deuerling.com,unknown,1.0,0,
th-nuerenber.de,unknown,1.0,0,
th-nurenberg.de,unknown,1.0,0,
th-nurrnberg.de,unknown,1.0,0,
guido-peschmann.de,unknown,1.0,0,
peppermint-vp.com,unknown,1.0,0,
kristnet.eu,unknown,1.0,0,
cordare.gmbh,unknown,1.0,0,
immobix.de,unknown,1.0,0,
deutscher-kinderhospizverein.de,unknown,1.0,0,
2-print.de,unknown,1.0,0,
bikeimperium.de,unknown,1.0,0,
updown-ingenieure.de,unknown,1.0,0,
zoepfel.de,unknown,1.0,0,
nadineriedel.de,unknown,1.0,0,
schmidthouse.de,unknown,1.0,0,
mpz-bautzen.de,unknown,1.0,0,
bekov.de,unknown,1.0,0,
th-nurnberg.de,unknown,1.0,0,
lbsbr2.snv.at,unknown,1.0,0,
uni.de,unknown,1.0,0,
kriftel.de,unknown,1.0,0,
holgerlerche.de,unknown,1.0,0,
landratsamt-ansbach.de,unknown,1.0,0,
keis-germersheim.de,unknown,1.0,0,
team911.de,unknown,1.0,0,
besenica.com,unknown,1.0,0,
feelmoor.de,unknown,1.0,0,
clubofrome.de,unknown,1.0,0,
goolemail.com,unknown,1.0,0,
galvez-estrada.de,unknown,1.0,0,
kowitz-online.eu,unknown,1.0,0,
nickel-jennifer.de,unknown,1.0,0,
sew-powersystems.de,unknown,1.0,0,
bright-site.de,unknown,1.0,0,
ressourcenmangel.de,unknown,1.0,0,
kent.ac.uk,unknown,1.0,0,
zismann.de,unknown,1.0,0,
aegrv.de,unknown,1.0,0,
ks-ag.ch,unknown,1.0,0,
achse-online.de,unknown,1.0,0,
hausdesstiftens.org,unknown,1.0,0,
octo-it.de,unknown,1.0,0,
gilgends.com,unknown,1.0,0,
ksuster.ch,unknown,1.0,0,
bs09.hamburg.de,unknown,1.0,0,
vw.ph-weingarten.de,unknown,1.0,0,
lv.hamburg.de,unknown,1.0,0,
awobildungswerk.de,unknown,1.0,0,
gabriele-ziegler.de,unknown,1.0,0,
bildung.bauwirtschaft-bw.de,unknown,1.0,0,
obs-bockenem.de,unknown,1.0,0,
diamondsinglass.com,unknown,1.0,0,
1gmail.com,unknown,1.0,0,
westmbh.de,unknown,1.0,0,
kkle.de,unknown,1.0,0,
senso-online.de,unknown,1.0,0,
rosebrock.rocks,unknown,1.0,0,
pawellek.net,unknown,1.0,0,
webbrand.de,unknown,1.0,0,
aa-arbeitsschutz.de,unknown,1.0,0,
awo-unterfranken.de,unknown,1.0,0,
ergonomicon.de,unknown,1.0,0,
mbwellservices.com,unknown,1.0,0,
ai-it.de,unknown,1.0,0,
klosa.se,unknown,1.0,0,
majert.com,unknown,1.0,0,
gtmb.de,unknown,1.0,0,
profkussmaul.de,unknown,1.0,0,
vs92.de,unknown,1.0,0,
leibniz-hbi.de,unknown,1.0,0,
tomho.de,unknown,1.0,0,
realschule-peissenberg.de,unknown,1.0,0,
weidner.tel,unknown,1.0,0,
igd-r.fraunhofer.de,unknown,1.0,0,
mksinst.com,unknown,1.0,0,
stao.de,unknown,1.0,0,
bundm.nrw,unknown,1.0,0,
wigeo.uni-hannover.de,unknown,1.0,0,
allxa.de,unknown,1.0,0,
coconet.at,unknown,1.0,0,
prior1.com,unknown,1.0,0,
rsnbb.de,unknown,1.0,0,
naheimst.de,unknown,1.0,0,
zech-hochbau.de,unknown,1.0,0,
annaworld.de,unknown,1.0,0,
hgo-ol.de,unknown,1.0,0,
czyborra.org,unknown,1.0,0,
dahay.de,unknown,1.0,0,
pari.com,unknown,1.0,0,
aka.mysticmsg.com,unknown,1.0,0,
rsdatenschutz.de,unknown,1.0,0,
marcuswimmer.de,unknown,1.0,0,
aufarbeitung-berlin.de,unknown,1.0,0,
andreasgerhardt.com,unknown,1.0,0,
trat.de,unknown,1.0,0,
nicklaseckardt.de,unknown,1.0,0,
bdn.at,unknown,1.0,0,
first-privacy.com,unknown,1.0,0,
pictons.de,unknown,1.0,0,
trillium.de,unknown,1.0,0,
metzarchitekten.de,unknown,1.0,0,
bauzentrum-schwarz.de,unknown,1.0,0,
swissgeneralservices.com,unknown,1.0,0,
venelix.net,unknown,1.0,0,
sachara.de,unknown,1.0,0,
tomczak.dev,unknown,1.0,0,
daniel-langner.de,unknown,1.0,0,
wvss-mannheim.de,unknown,1.0,0,
schmuki.nl,unknown,1.0,0,
sewercleaningcompany.com,unknown,1.0,0,
lewerenz-online.com,unknown,1.0,0,
salecker.com,unknown,1.0,0,
wolf-fuerth.de,unknown,1.0,0,
rlbrown.com,unknown,1.0,0,
frommsystem.de,unknown,1.0,0,
cexch.com,unknown,1.0,0,
docsfy.com,unknown,1.0,0,
atr.de,unknown,1.0,0,
ufwerts.ch,unknown,1.0,0,
nextgencreatives.ai,unknown,1.0,0,
hinzen.biz,unknown,1.0,0,
stadtspital.ch,unknown,1.0,0,
raspini.de,unknown,1.0,0,
cheercity.de,unknown,1.0,0,
tth-nuernberg.de,unknown,1.0,0,
wrocklage.de,unknown,1.0,0,
flow-factory.org,unknown,1.0,0,
rosis-berlin.de,unknown,1.0,0,
friedemann-just.de,unknown,1.0,0,
zdt-brandenburg.de,unknown,1.0,0,
pcse24.de,unknown,1.0,0,
dykstra-tours.com,unknown,1.0,0,
edeka.de,unknown,1.0,0,
zag.de,unknown,1.0,0,
buhrnet.de,unknown,1.0,0,
technischehochschulen.onmicrosoft.com,Germany,2.0,TH Nürnberg Georg Simon Ohm,
kozminski.edu.pl,Poland,2.0,Kozminski University,
kau.edu.ua,Ukraine,2.0,Kyiv Academic University,
fuchshome.de,unknown,1.0,0,
qhs.ch,unknown,1.0,0,
europa-uni.d,Germany,2.0,Europa-Universität Viadrina,
uni-hildesheim.com,Germany,2.0,Universität Hildesheim,
hhs.hamburg.de,unknown,1.0,0,
kavsachsen.de,unknown,1.0,0,
rubinchik.net,unknown,1.0,0,
hs-woe.de,Germany,2.0,Hochschule Wilhelmshaven/Oldenburg/Elsfleth,
kevin-fuchs.com,unknown,1.0,0,
nubip.edu.ua,Ukraine,2.0,National University of Life Resources and Environmental Management of Ukraine,
stephan-lueck.eu,unknown,1.0,0,
uni-wupperal.de,Germany,2.0,Universität Wuppertal,
uni-wupppertal.de,Germany,2.0,Universität Wuppertal,
markusbengel.de,unknown,1.0,0,
technischehochschulen.microsoft.com,Germany,2.0,TH Nürnberg Georg Simon Ohm,
uni-ude.de,Germany,2.0,Universität Duisburg-Essen,
suemnick.de,unknown,1.0,0,
kita-campus.de,unknown,1.0,0,
unicomengineering.com,unknown,1.0,0,
vhs-mhb.de,unknown,1.0,0,
pnu.edu.ua,Ukraine,2.0,Vasyl Stefanyk Carpathian National University,
uni-hildeheim.de,Germany,2.0,Universität Hildesheim,
uni-hildeshiem.de,Germany,2.0,Universität Hildesheim,
uni-harke-bielefeld.de,Germany,2.0,Universität Bielefeld,
stud.uni-goettingen,Germany,2.0,Universität Göttingen,
technischehochschule.onmicrosoft.com,Germany,2.0,TH Nürnberg Georg Simon Ohm,
dfhk.fi,unknown,1.0,0,
alumni.mondragon.edu,Spain,2.0,Mondragon University,
christophsbad.de,unknown,1.0,0,
familie-friedrichs.de,unknown,1.0,0,
technischehochschulen.omnicrosoft.com,Germany,2.0,TH Nürnberg Georg Simon Ohm,
uni-bonn.ded,Germany,2.0,Universität Bonn,
graphs-werbung.de,unknown,1.0,0,
sib.smf.sachsen.de,unknown,1.0,0,
hsallach.muenchen.musin.de,unknown,1.0,0,
wolfhelmschule.com,unknown,1.0,0,
kommunikation-mv.com,unknown,1.0,0,
fuchs.com,unknown,1.0,0,
buesum.de,unknown,1.0,0,31.0
infoscreen.at,unknown,1.0,0,25.0
kaiserdom.de,unknown,1.0,0,24.0
okluge.de,unknown,1.0,0,22.0
marktplatz-agentur.de,unknown,1.0,0,19.0
knipping.de,unknown,1.0,0,12.0
schueler.bs-lauingen.de,unknown,1.0,0,11.0
bkwb.org,unknown,1.0,0,10.0
blankenheim.de,unknown,1.0,0,9.0
zsh.uni-halle.de,unknown,1.0,0,7.0
bbs-ammerland.eu,unknown,1.0,0,7.0
sk.zh.ch,unknown,1.0,0,7.0
altenbrand.de,unknown,1.0,0,5.0
bmc.med.lmu.de,unknown,1.0,0,5.0
px1.de,unknown,1.0,0,4.0
korper.nl,unknown,1.0,0,4.0
victorinox.com,unknown,1.0,0,4.0
marktplatz.io,unknown,1.0,0,4.0
landkreis-vechta.de,unknown,1.0,0,4.0
ksk-saarpfalz.de,unknown,1.0,0,4.0
staedelschule.de,unknown,1.0,0,4.0
messeaugsburg.de,unknown,1.0,0,4.0
laoia.com,unknown,1.0,0,3.0
stadt-bad-soden.de,unknown,1.0,0,3.0
schule-kaltbrunn.ch,unknown,1.0,0,3.0
crossover-relocation.com,unknown,1.0,0,3.0
praxis-pfaff-haas.de,unknown,1.0,0,3.0
agenda-n.de,unknown,1.0,0,3.0
winprofil.ch,unknown,1.0,0,3.0
informatikwerk.de,unknown,1.0,0,3.0
frobese.com,unknown,1.0,0,3.0
p1-c.de,unknown,1.0,0,2.0
kallay.ch,unknown,1.0,0,2.0
rzhartmann.de,unknown,1.0,0,2.0
dafi-akademie.de,unknown,1.0,0,2.0
stadt-altlandsberg.de,unknown,1.0,0,2.0
sport.uni-stuttgart.de,unknown,1.0,0,2.0
ms.stpeter.ksn.at,unknown,1.0,0,2.0
baslernet.com,unknown,1.0,0,2.0
dhgs-hochschule.de,unknown,1.0,0,2.0
wsa.com,unknown,1.0,0,2.0
reinbek.de,unknown,1.0,0,2.0
elbekliniken.de,unknown,1.0,0,2.0
datatec.eu,unknown,1.0,0,2.0
peter-brehm.de,unknown,1.0,0,2.0
rimpl-consulting.de,unknown,1.0,0,2.0
lkwnd.de,unknown,1.0,0,2.0
eselgrimmig.de,unknown,1.0,0,2.0
reimedia.de,unknown,1.0,0,2.0
content-optimizer.de,unknown,1.0,0,2.0
mma.tu-darmstadt.de,unknown,1.0,0,2.0
genetikum.de,unknown,1.0,0,2.0
infratest.net,unknown,1.0,0,2.0
stadt-rathenow.de,unknown,1.0,0,2.0
itrics.de,unknown,1.0,0,2.0
ms-stpetr.ksn.at,unknown,1.0,0,2.0
srb.be.ch,unknown,1.0,0,2.0
paulaner.de,unknown,1.0,0,2.0
jopp.com,unknown,1.0,0,2.0
mt-system.ru,unknown,1.0,0,2.0
wirtschaft-gaarden.de,unknown,1.0,0,2.0
vu-solutions.de,unknown,1.0,0,2.0
ai.rwth-aachen.de,unknown,1.0,0,2.0
bauqus-gmbh.de,unknown,1.0,0,2.0
ithf.de,unknown,1.0,0,2.0
weierhof.org,unknown,1.0,0,2.0
zh.ch,unknown,1.0,0,2.0
kresse-discher.de,unknown,1.0,0,2.0
acaderist.team,unknown,1.0,0,2.0
esyline.com,unknown,1.0,0,2.0
renac.de,unknown,1.0,0,2.0
osb-i.com,unknown,1.0,0,2.0
bs-lauingen.de,unknown,1.0,0,2.0
diakonie-bayreuth.de,unknown,1.0,0,2.0
udf.de,unknown,1.0,0,2.0
amiralty.com,unknown,1.0,0,2.0
falkensee.de,unknown,1.0,0,2.0
de.de,unknown,1.0,0,2.0
trockland.com,unknown,1.0,0,2.0
uelzener.de,unknown,1.0,0,2.0
veh-solar.de,unknown,1.0,0,2.0
raeren.be,unknown,1.0,0,2.0
wisetechglobal.com,unknown,1.0,0,2.0
transperfect.com,unknown,1.0,0,1.0
cmg365.de,unknown,1.0,0,1.0
schneiders.es,unknown,1.0,0,1.0
irisveit.de,unknown,1.0,0,1.0
esa-grimma.de,unknown,1.0,0,1.0
sion-design.de,unknown,1.0,0,1.0
adam.co.at,unknown,1.0,0,1.0
mba-akademie.de,unknown,1.0,0,1.0
zimplify.io,unknown,1.0,0,1.0
leskoch.eu,unknown,1.0,0,1.0
kreis-hz.de,unknown,1.0,0,1.0
best-of-magazin.com,unknown,1.0,0,1.0
isw.rwth-aachen.de,unknown,1.0,0,1.0
lvwo.bwl.de,unknown,1.0,0,1.0
st-irmingard.de,unknown,1.0,0,1.0
log.tu-darmstadt.de,unknown,1.0,0,1.0
rsb-teams.de,unknown,1.0,0,1.0
bsz-stiftung.ch,unknown,1.0,0,1.0
niemoeller-ki.de,unknown,1.0,0,1.0
evelin-bueker.de,unknown,1.0,0,1.0
kid-magdeburg.de,unknown,1.0,0,1.0
corneliusreh.com,unknown,1.0,0,1.0
meyer-buenne.de,unknown,1.0,0,1.0
paleit.net,unknown,1.0,0,1.0
bunzlusa.com,unknown,1.0,0,1.0
coastappliances.com,unknown,1.0,0,1.0
magil.com,unknown,1.0,0,1.0
davidkomander.de,unknown,1.0,0,1.0
zanorte.net,unknown,1.0,0,1.0
editionzb.de,unknown,1.0,0,1.0
furniturelandsouth.com,unknown,1.0,0,1.0
iww.uni-hannover.de,unknown,1.0,0,1.0
diakonisches-institut.de,unknown,1.0,0,1.0
outlook.co.th,unknown,1.0,0,1.0
novum-hospitality.com,unknown,1.0,0,1.0
kl-rv-eglv.de,unknown,1.0,0,1.0
neuenkirchen.de,unknown,1.0,0,1.0
ruhl-web.de,unknown,1.0,0,1.0
hansundjung.de,unknown,1.0,0,1.0
u-u.de,unknown,1.0,0,1.0
cisco.com,unknown,1.0,0,1.0
knettenbrech-gurdulic.de,unknown,1.0,0,1.0
dein-zahngut.de,unknown,1.0,0,1.0
kba56.de,unknown,1.0,0,1.0
buergerhaus-trier-nord.de,unknown,1.0,0,1.0
liesecke.org,unknown,1.0,0,1.0
acquin.org,unknown,1.0,0,1.0
brettingham.de,unknown,1.0,0,1.0
arus.info,unknown,1.0,0,1.0
advantagelv.com,unknown,1.0,0,1.0
bestadvice.de,unknown,1.0,0,1.0
rotter-web.de,unknown,1.0,0,1.0
finanzbusiness.de,unknown,1.0,0,1.0
maxautomation.com,unknown,1.0,0,1.0
evalea.de,unknown,1.0,0,1.0
verkehrs-kolleg-sb.de,unknown,1.0,0,1.0
weller-automobile.de,unknown,1.0,0,1.0
deuflhart.com,unknown,1.0,0,1.0
sgi.sk.ca,unknown,1.0,0,1.0
bendcable.com,unknown,1.0,0,1.0
botanical.com,unknown,1.0,0,1.0
campbells.com,unknown,1.0,0,1.0
muenchner-aerzte.com,unknown,1.0,0,1.0
delmonte.com,unknown,1.0,0,1.0
realestate2000menh.com,unknown,1.0,0,1.0
sccoe.org,unknown,1.0,0,1.0
kabelmail.net,unknown,1.0,0,1.0
lgba.de,unknown,1.0,0,1.0
hallowelt.com,unknown,1.0,0,1.0
lonski.net,unknown,1.0,0,1.0
nuthe-urstromtal.de,unknown,1.0,0,1.0
gs-st-johann.bildung-rp.de,unknown,1.0,0,1.0
1000satellites.com,unknown,1.0,0,1.0
controller4b.de,unknown,1.0,0,1.0
klinik-waldschloesschen.de,unknown,1.0,0,1.0
drexelius.com,unknown,1.0,0,1.0
cht-gmbh.de,unknown,1.0,0,1.0
hengst.de,unknown,1.0,0,1.0
novoflow.com,unknown,1.0,0,1.0
dewag.de,unknown,1.0,0,1.0
4kreiter.de,unknown,1.0,0,1.0
dhm.mhn.de,unknown,1.0,0,1.0
ostnordost.net,unknown,1.0,0,1.0
kreuzbergallianz.de,unknown,1.0,0,1.0
agro.ch,unknown,1.0,0,1.0
intrasky.de,unknown,1.0,0,1.0
kree.info,unknown,1.0,0,1.0
nextn.de,unknown,1.0,0,1.0
bogestra.com,unknown,1.0,0,1.0
climaconcept.de,unknown,1.0,0,1.0
kynologisch.net,unknown,1.0,0,1.0
hmdk-stuttgart.de,unknown,1.0,0,1.0
guguck.de,unknown,1.0,0,1.0
vitanas.de,unknown,1.0,0,1.0
goldkind-stiftung.com,unknown,1.0,0,1.0
op-consult.de,unknown,1.0,0,1.0
poliudovardas.de,unknown,1.0,0,1.0
godigitalxl.com,unknown,1.0,0,1.0
vallo-consulting.eu,unknown,1.0,0,1.0
kvvks.de,unknown,1.0,0,1.0
us.yusen-logistics.com,unknown,1.0,0,1.0
fitbox.de,unknown,1.0,0,1.0
stadt-seelze.de,unknown,1.0,0,1.0
teichen.de,unknown,1.0,0,1.0
let.at,unknown,1.0,0,1.0
titgemeyer.org,unknown,1.0,0,1.0
drimey.de,unknown,1.0,0,1.0
hotmail.dw,unknown,1.0,0,1.0
alu-line.de,unknown,1.0,0,1.0
hotmail.comm,unknown,1.0,0,1.0
thg-goettingen.de,unknown,1.0,0,1.0
armasys.de,unknown,1.0,0,1.0
felsberg.ch,unknown,1.0,0,1.0
efg.gg,unknown,1.0,0,1.0
flegel.de,unknown,1.0,0,1.0
kolar.biz,unknown,1.0,0,1.0
ufc.br,unknown,1.0,0,1.0
geheb.net,unknown,1.0,0,1.0
fauad.fau.de,unknown,1.0,0,1.0
pais.eu,unknown,1.0,0,1.0
meissner-hd.de,unknown,1.0,0,1.0
googlemsil.com,unknown,1.0,0,1.0
elocompanion.de,unknown,1.0,0,1.0
insecco.de,unknown,1.0,0,1.0
htlpinkafeld.at,unknown,1.0,0,1.0
seppi.org,unknown,1.0,0,1.0
framework80.com,unknown,1.0,0,1.0
itszug.ch,unknown,1.0,0,1.0
avu.de,unknown,1.0,0,1.0
pbc-partner.de,unknown,1.0,0,1.0
hartmann-gt.de,unknown,1.0,0,1.0
roba-sicherheit.de,unknown,1.0,0,1.0
fb6.rwth-aachen.de,unknown,1.0,0,1.0
hebammewibkerese.de,unknown,1.0,0,1.0
lotto-sport-stiftung.de,unknown,1.0,0,1.0
roswitha-roesch.de,unknown,1.0,0,1.0
nuasign.com,unknown,1.0,0,1.0
dentaldesignreichert.de,unknown,1.0,0,1.0
ricardawallhaeuser.de,unknown,1.0,0,1.0
christiane-neher.de,unknown,1.0,0,1.0
misleh.ch,unknown,1.0,0,1.0
ihridioten.de,unknown,1.0,0,1.0
rom-technik.de,unknown,1.0,0,1.0
sgservice.de,unknown,1.0,0,1.0
vogges.de,unknown,1.0,0,1.0
bildungszentrum-dresden.de,unknown,1.0,0,1.0
baunetz.de,unknown,1.0,0,1.0
messerle.com,unknown,1.0,0,1.0
bbs-cochem.de,unknown,1.0,0,1.0
einfach-im-netz.de,unknown,1.0,0,1.0
kh-borken.de,unknown,1.0,0,1.0
borg-perg.ac.at,unknown,1.0,0,1.0
lc-ind.com,unknown,1.0,0,1.0
btg.com,unknown,1.0,0,1.0
naomischenck.com,unknown,1.0,0,1.0
galoon.de,unknown,1.0,0,1.0
saq.qc.ca,unknown,1.0,0,1.0
ideas.com,unknown,1.0,0,1.0
monag.de,unknown,1.0,0,1.0
ausderstille.de,unknown,1.0,0,1.0
ymai.com,unknown,1.0,0,1.0
ma-co.de,unknown,1.0,0,1.0
mfp.etat.lu,unknown,1.0,0,1.0
wirbauenzukunft.de,unknown,1.0,0,1.0
ec-energieoptimierung.de,unknown,1.0,0,1.0
baloise.de,unknown,1.0,0,1.0
etteltsterzik.de,unknown,1.0,0,1.0
exelliq.com,unknown,1.0,0,1.0
stuerzl-planung.de,unknown,1.0,0,1.0
pointsharp.com,unknown,1.0,0,1.0
hotmal.de,unknown,1.0,0,1.0
emle.eu,unknown,1.0,0,1.0
gds1.de,unknown,1.0,0,1.0
arnebratz.eu,unknown,1.0,0,1.0
evico.de,unknown,1.0,0,1.0
g-ba.de,unknown,1.0,0,1.0
klauenberg.eu,unknown,1.0,0,1.0
geist-muecke.de,unknown,1.0,0,1.0
gmx.dd,unknown,1.0,0,1.0
kks-es.de,unknown,1.0,0,1.0
geier-tim.de,unknown,1.0,0,1.0
stud.smk.lt,unknown,1.0,0,1.0
t4media.de,unknown,1.0,0,1.0
holderbergschule-ldk.de,unknown,1.0,0,1.0
fs-ebusch.lernsax.de,unknown,1.0,0,1.0
dezoysa.de,unknown,1.0,0,1.0
nrcan-rncan.gc.ca,unknown,1.0,0,1.0
freiburger-vm.de,unknown,1.0,0,1.0
armindittmann.de,unknown,1.0,0,1.0
baiamonti.de,unknown,1.0,0,1.0
marcopagel.de,unknown,1.0,0,1.0
bmdarch.net,unknown,1.0,0,1.0
yorizon.com,unknown,1.0,0,1.0
andresen.berlin,unknown,1.0,0,1.0
grundig-akademie.de,unknown,1.0,0,1.0
seamanpaper.com,unknown,1.0,0,1.0
maximilianmayr.com,unknown,1.0,0,1.0
clinicalresearch.at,unknown,1.0,0,1.0
kinsler.de,unknown,1.0,0,1.0
valvesoftware.com,unknown,1.0,0,1.0
endeberg.de,unknown,1.0,0,1.0
edu.raichberg-gymnasium.info,unknown,1.0,0,1.0
studio-jume.de,unknown,1.0,0,1.0
ozsaip.com,unknown,1.0,0,1.0
amiva.de,unknown,1.0,0,1.0
ifa-ggmbh.de,unknown,1.0,0,1.0
steppyb.com,unknown,1.0,0,1.0
moravia.com,unknown,1.0,0,1.0
uscustomsbroker.us,unknown,1.0,0,1.0
bnv-bamberg.de,unknown,1.0,0,1.0
heljens.tech,unknown,1.0,0,1.0
ppxv.net,unknown,1.0,0,1.0
gate41.com,unknown,1.0,0,1.0
wwm.e-matt.de,unknown,1.0,0,1.0
kainer.net,unknown,1.0,0,1.0
carolinherrmann.de,unknown,1.0,0,1.0
bankfachwirtstudium.de,unknown,1.0,0,1.0
kutza.eu,unknown,1.0,0,1.0
pkevent.de,unknown,1.0,0,1.0
gym-s.seminar-bw.de,unknown,1.0,0,1.0
mtf.ch,unknown,1.0,0,1.0
hwk-magdeburg.de,unknown,1.0,0,1.0
gcb.de,unknown,1.0,0,1.0
bezirk-oberbayern.de,unknown,1.0,0,1.0
kirchheim-teck.de,unknown,1.0,0,1.0
basleinstitute.ch,unknown,1.0,0,1.0
irs.uni-hannover.de,unknown,1.0,0,1.0
efh-bochum.de,unknown,1.0,0,1.0
bayfor.org,unknown,1.0,0,1.0
rheinische-stiftung.de,unknown,1.0,0,1.0
cvua-westfalen.de,unknown,1.0,0,1.0
humboldtschule.at,unknown,1.0,0,1.0
fruzwe.anonaddy.com,unknown,1.0,0,1.0
kfmv.ch,unknown,1.0,0,1.0
convales.de,unknown,1.0,0,1.0
stoffers.ch,unknown,1.0,0,1.0
windowslive.con,unknown,1.0,0,1.0
schulheim-scharans.ch,unknown,1.0,0,1.0
clarius.legal,unknown,1.0,0,1.0
newgen.ag,unknown,1.0,0,1.0
schultheiss-projekt.de,unknown,1.0,0,1.0
bmds.bund.de,unknown,1.0,0,1.0
gwpachlatko.dev,unknown,1.0,0,1.0
kreuzschule-coesfeld.de,unknown,1.0,0,1.0
start-ggmbh.de,unknown,1.0,0,1.0
schokoladenseite.net,unknown,1.0,0,1.0
leg-thueringen.de,unknown,1.0,0,1.0
amtboizenburgland.de,unknown,1.0,0,1.0
biochemie.med.uni-giessen.de,unknown,1.0,0,1.0
v2c2.at,unknown,1.0,0,1.0
aegean.gr,unknown,1.0,0,1.0
sbbs.pk-berlin.de,unknown,1.0,0,1.0
momentumconsulting.ie,unknown,1.0,0,1.0
metz-agrarcenter.de,unknown,1.0,0,1.0
filippanugent.com,unknown,1.0,0,1.0
concedra.com,unknown,1.0,0,1.0
sketvmb.de,unknown,1.0,0,1.0
serve-u.de,unknown,1.0,0,1.0
vfb-stuttgart.de,unknown,1.0,0,1.0
guido-lange.de,unknown,1.0,0,1.0
c-harms.de,unknown,1.0,0,1.0
kontaktstelle-cerv.de,unknown,1.0,0,1.0
scs.company,unknown,1.0,0,1.0
klima-arena.de,unknown,1.0,0,1.0
prilhofer.com,unknown,1.0,0,1.0
woesbaden.de,unknown,1.0,0,1.0
mercator-leasing.de,unknown,1.0,0,1.0
supastar-ai.com,unknown,1.0,0,1.0
staedtebau.rwth-aachen.de,unknown,1.0,0,1.0
weberschock.de,unknown,1.0,0,1.0
thul-online.de,unknown,1.0,0,1.0
gisma.com,unknown,1.0,0,1.0
futur-formation.com,unknown,1.0,0,1.0
markus.lauff.com,unknown,1.0,0,1.0
nda.ac.uk,unknown,1.0,0,1.0
tuerk.tu,unknown,1.0,0,1.0
onlie.de,unknown,1.0,0,1.0
sepole.com,unknown,1.0,0,1.0
tko-solutions.de,unknown,1.0,0,1.0
fymito.com,unknown,1.0,0,1.0
voxsens.io,unknown,1.0,0,1.0
schupp.consulting,unknown,1.0,0,1.0
oszafs.de,unknown,1.0,0,1.0
nmmse.at,unknown,1.0,0,1.0
langcraft.world,unknown,1.0,0,1.0
hull.ac.uk,unknown,1.0,0,1.0
ki.uni-stuttgart.de,unknown,1.0,0,1.0
lakeshorelearning.com,unknown,1.0,0,1.0
lifeisgood.com,unknown,1.0,0,1.0
riffeisen-kosovo.com,unknown,1.0,0,1.0
wilhelm-remy-gymnasium.de,unknown,1.0,0,1.0
telta.de,unknown,1.0,0,1.0
dpr.com,unknown,1.0,0,1.0
procharityundmusik.de,unknown,1.0,0,1.0
pleschi.de,unknown,1.0,0,1.0
plissy.de,unknown,1.0,0,1.0
bio.uni-stuttgart.de,unknown,1.0,0,1.0
cindyjeremias.de,unknown,1.0,0,1.0
parsiegla.de,unknown,1.0,0,1.0
kmk.org,unknown,1.0,0,1.0
schychowski.de,unknown,1.0,0,1.0
shk-bw.de,unknown,1.0,0,1.0
coswz.com,unknown,1.0,0,1.0
to-consulting.de,unknown,1.0,0,1.0
wed.de,unknown,1.0,0,1.0
lazy-fox.ai,unknown,1.0,0,1.0
tana.fi,unknown,1.0,0,1.0
chapusot.de,unknown,1.0,0,1.0
bvoe.at,unknown,1.0,0,1.0
tuv.at,unknown,1.0,0,1.0
fiw.rwth-aachen.de,unknown,1.0,0,1.0
erdelmeier.de,unknown,1.0,0,1.0
merian-gms.de,unknown,1.0,0,1.0
projekt-router.de,unknown,1.0,0,1.0
holzminden.de,unknown,1.0,0,1.0
ackrutat.de,unknown,1.0,0,1.0
lramsp.de,unknown,1.0,0,1.0
veson-energie.de,unknown,1.0,0,1.0
holzland.com,unknown,1.0,0,1.0
tmikl.thueringen.de,unknown,1.0,0,1.0
alterngestalten.de,unknown,1.0,0,1.0
hkl24.com,unknown,1.0,0,1.0
marketingberatung-spanier.de,unknown,1.0,0,1.0
rheinschafe.de,unknown,1.0,0,1.0
questone.com,unknown,1.0,0,1.0
travix-media.de,unknown,1.0,0,1.0
kvjs.de,unknown,1.0,0,1.0
mediavanti.de,unknown,1.0,0,1.0
shfv-kiel.de,unknown,1.0,0,1.0
borchers38.de,unknown,1.0,0,1.0
hannapessl.com,unknown,1.0,0,1.0
abg.com,unknown,1.0,0,1.0
gmx.neet,unknown,1.0,0,1.0
altwasser.net,unknown,1.0,0,1.0
ius.uzh.ch,unknown,1.0,0,1.0
petvalu.com,unknown,1.0,0,1.0
livingspaces.com,unknown,1.0,0,1.0
dufour.biz,unknown,1.0,0,1.0
groombridge.ch,unknown,1.0,0,1.0
mbo.schule,unknown,1.0,0,1.0
jancon-solutions.de,unknown,1.0,0,1.0
mschx.de,unknown,1.0,0,1.0
gmail.ocm,unknown,1.0,0,1.0
kaiplan-kh.com,unknown,1.0,0,1.0
ebgs.de,unknown,1.0,0,1.0
uweganter.de,unknown,1.0,0,1.0
st2c.de,unknown,1.0,0,1.0
klimaschutzgesellschaft.org,unknown,1.0,0,1.0
xisi.de,unknown,1.0,0,1.0
kh-mz.de,unknown,1.0,0,1.0
conzeq.com,unknown,1.0,0,1.0
famfa.ch,unknown,1.0,0,1.0
art-invest.de,unknown,1.0,0,1.0
ddc-ug.de,unknown,1.0,0,1.0
rolandberger.com,unknown,1.0,0,1.0
executive-edge.de,unknown,1.0,0,1.0
igs-speyer.de,unknown,1.0,0,1.0
gogglemail.com,unknown,1.0,0,1.0
bcsev.de,unknown,1.0,0,1.0
letschin.de,unknown,1.0,0,1.0
sbv.uni-halle.de,unknown,1.0,0,1.0
durham.ac.uk,unknown,1.0,0,1.0
fem-online.de,unknown,1.0,0,1.0
drk-koeln.de,unknown,1.0,0,1.0
aim.rwth-aachen.de,unknown,1.0,0,1.0
transferbaer.de,unknown,1.0,0,1.0
mevidence.com,unknown,1.0,0,1.0
h-errmann.de,unknown,1.0,0,1.0
alu.ulpgc.es,unknown,1.0,0,1.0
maks.info,unknown,1.0,0,1.0
ulrichbarth.de,unknown,1.0,0,1.0
hogent.be,unknown,1.0,0,1.0
hoellrigl.net,unknown,1.0,0,1.0
consilio-gmbh.de,unknown,1.0,0,1.0
add.rlp.de,unknown,1.0,0,1.0
bx.fallmerayer.it,unknown,1.0,0,1.0
futtertrocknung-lamerdingen.de,unknown,1.0,0,1.0
iob.rwth-aachen.de,unknown,1.0,0,1.0
landkreis-mittelsachen.de,unknown,1.0,0,1.0
donboscoprep.org,unknown,1.0,0,1.0
buerogrosz.de,unknown,1.0,0,1.0
joerg-bothe.de,unknown,1.0,0,1.0
bagv.de,unknown,1.0,0,1.0
rieger-familie.com,unknown,1.0,0,1.0
owal.de,unknown,1.0,0,1.0
flux-ai.co,unknown,1.0,0,1.0
rnc.de,unknown,1.0,0,1.0
nurprivat.de,unknown,1.0,0,1.0
live.no,unknown,1.0,0,1.0
reimann.nrw,unknown,1.0,0,1.0
laura-krauss.de,unknown,1.0,0,1.0
ihd-dresden.de,unknown,1.0,0,1.0
screendrive.de,unknown,1.0,0,1.0
p-m-z.ch,unknown,1.0,0,1.0
hauraton.com,unknown,1.0,0,1.0
kwr-hannover.de,unknown,1.0,0,1.0
blickfeld.net,unknown,1.0,0,1.0
binsfeld.lu,unknown,1.0,0,1.0
zens-whm.de,unknown,1.0,0,1.0
uslar.de,unknown,1.0,0,1.0
umi-bielefeld.de,unknown,1.0,0,1.0
fuhr2mann.de,unknown,1.0,0,1.0
beckerbande.de,unknown,1.0,0,1.0
motherson.com,unknown,1.0,0,1.0
zweiter.de,unknown,1.0,0,1.0
pedde.de,unknown,1.0,0,1.0
glitzner.de,unknown,1.0,0,1.0
suedweststrom.de,unknown,1.0,0,1.0
berner.de,unknown,1.0,0,1.0
perspective.brussels,unknown,1.0,0,1.0
qid-online.de,unknown,1.0,0,1.0
lra-ll.bayern.de,unknown,1.0,0,1.0
landkreis-wug.de,unknown,1.0,0,1.0
kwr-hannover.eu,unknown,1.0,0,1.0
mhgs.eu,unknown,1.0,0,1.0
frie-drich.de,unknown,1.0,0,1.0
medienanstalt-nrw.de,unknown,1.0,0,1.0
sinc.de,unknown,1.0,0,1.0
well-group.de,unknown,1.0,0,1.0
aolox.com,unknown,1.0,0,1.0
hypovbg.at,unknown,1.0,0,1.0
stabilus.com,unknown,1.0,0,1.0
nobbmann.com,unknown,1.0,0,1.0
edu.yorku.ca,unknown,1.0,0,1.0
berufsschule-donauwoerth.de,unknown,1.0,0,1.0
hrcm-pflege.de,unknown,1.0,0,1.0
framatome.com,unknown,1.0,0,1.0
danielgrundke.de,unknown,1.0,0,1.0
wiebach.online,unknown,1.0,0,1.0
achelos.de,unknown,1.0,0,1.0
sarah-byl.de,unknown,1.0,0,1.0
inf.elte.hu,unknown,1.0,0,1.0
meiko-global.com,unknown,1.0,0,1.0
lea-frauenfonds.at,unknown,1.0,0,1.0
wbpa.eu,unknown,1.0,0,1.0
rolf-engelhard.de,unknown,1.0,0,1.0
bluebird.ac,unknown,1.0,0,1.0
h-team.de,unknown,1.0,0,1.0
lb-oldenburg.de,unknown,1.0,0,1.0
schossmann.de,unknown,1.0,0,1.0
lzmz.de,unknown,1.0,0,1.0
insightarcs.com,unknown,1.0,0,1.0
th-owl.com,unknown,1.0,0,1.0
lgin.org,unknown,1.0,0,1.0
directsourcesales.com,unknown,1.0,0,1.0
zl-altenpflege.de,unknown,1.0,0,1.0
aldi-nord.de,unknown,1.0,0,1.0
extern.f-i.de,unknown,1.0,0,1.0
st-eleisabet-stiftung.de,unknown,1.0,0,1.0
new-cycle.net,unknown,1.0,0,1.0
surviera.com,unknown,1.0,0,1.0
jur.uni-frankfurt.de,unknown,1.0,0,1.0
utsch.com,unknown,1.0,0,1.0
salvator-kolleg.de,unknown,1.0,0,1.0
rolandernst.com,unknown,1.0,0,1.0
grfllp.com,unknown,1.0,0,1.0
engelke-consulting.com,unknown,1.0,0,1.0
landkreis-frg.de,unknown,1.0,0,1.0
globetrotter.ch,unknown,1.0,0,1.0
hr-path.com,unknown,1.0,0,1.0
cableone.net,unknown,1.0,0,1.0
jahnelbau.de,unknown,1.0,0,1.0
gossens.info,unknown,1.0,0,1.0
convergetp.de,unknown,1.0,0,1.0
fos-bos-schwandorf.de,unknown,1.0,0,1.0
bsz-orleans46.muenchen.musin.de,unknown,1.0,0,1.0
plawi.de,unknown,1.0,0,1.0
hamster.ca,unknown,1.0,0,1.0
rockymountaineer.com,unknown,1.0,0,1.0
buedding.de,unknown,1.0,0,1.0
igmr.rwth-aachen.de,unknown,1.0,0,1.0
leukos-re.de,unknown,1.0,0,1.0
top-beef.de,unknown,1.0,0,1.0
boegra.com,unknown,1.0,0,1.0
gymherm.bildung-rp.de,unknown,1.0,0,1.0
schreiberfoods.com,unknown,1.0,0,1.0
kolmer.one,unknown,1.0,0,1.0
ciuud.dk,unknown,1.0,0,1.0
bw-im.de,unknown,1.0,0,1.0
dnsclick.com,unknown,1.0,0,1.0
massage-anita.at,unknown,1.0,0,1.0
menzerna.com,unknown,1.0,0,1.0
schule-ilef.ch,unknown,1.0,0,1.0
cognizant.com,unknown,1.0,0,1.0
igs-oberstufe.de,unknown,1.0,0,1.0
cotp.group,unknown,1.0,0,1.0
thehowcreators.com,unknown,1.0,0,1.0
asm-hh.de,unknown,1.0,0,1.0
suhrkamp.de,unknown,1.0,0,1.0
das-oswald.de,unknown,1.0,0,1.0
mitegro.de,unknown,1.0,0,1.0
axon-automation.de,unknown,1.0,0,1.0
patura.com,unknown,1.0,0,1.0
wsalp.de,unknown,1.0,0,1.0
gk.de,unknown,1.0,0,1.0
scheid-partner.com,unknown,1.0,0,1.0
axelzielke.de,unknown,1.0,0,1.0
ps.lmu.de,unknown,1.0,0,1.0
steffen-henrich.de,unknown,1.0,0,1.0
mayr-web.com,unknown,1.0,0,1.0
michaelcarnot.com,unknown,1.0,0,1.0
jankoweber.de,unknown,1.0,0,1.0
trassl.org,unknown,1.0,0,1.0
bar-frankfurt.de,unknown,1.0,0,1.0
wip.ch,unknown,1.0,0,1.0
dagmarschuerrer.com,unknown,1.0,0,1.0
bremenports.de,unknown,1.0,0,1.0
bildungszentrum-malepartus.de,unknown,1.0,0,1.0
mattamycorp.com,unknown,1.0,0,1.0
dachau.de,unknown,1.0,0,1.0
helpix.de,unknown,1.0,0,1.0
staysmartforlife.net,unknown,1.0,0,1.0
thilo-ebbighausen.de,unknown,1.0,0,1.0
kscr.de,unknown,1.0,0,1.0
straub.de.com,unknown,1.0,0,1.0
the-lauers.com,unknown,1.0,0,1.0
tautorus.com,unknown,1.0,0,1.0
wulbrand.de,unknown,1.0,0,1.0
helesco.com,unknown,1.0,0,1.0
40fieber.de,unknown,1.0,0,1.0
trennpunkt.at,unknown,1.0,0,1.0
pfaffinnovation.com,unknown,1.0,0,1.0
palais-ev.de,unknown,1.0,0,1.0
motion-media.de,unknown,1.0,0,1.0
hla.hessen.de,unknown,1.0,0,1.0
thg-kiel.de,unknown,1.0,0,1.0
clinicpartner.de,unknown,1.0,0,1.0
wortidee.de,unknown,1.0,0,1.0
ursulariegler.at,unknown,1.0,0,1.0
kvbbg.de,unknown,1.0,0,1.0
cmt-solutions.at,unknown,1.0,0,1.0
reielts.de,unknown,1.0,0,1.0
osguth.at,unknown,1.0,0,1.0
srk-basel.ch,unknown,1.0,0,1.0
h-2-4.de,unknown,1.0,0,1.0
heinzweber.cloud,unknown,1.0,0,1.0
diebrauns.eu,unknown,1.0,0,1.0
eclipso.eu,unknown,1.0,0,1.0
ib-rossler.de,unknown,1.0,0,1.0
carolinelieser.de,unknown,1.0,0,1.0
gym-old.eu,unknown,1.0,0,1.0
norford.com,unknown,1.0,0,1.0
viastructure.com,unknown,1.0,0,1.0
sgahlen.eu,unknown,1.0,0,1.0
ksmcastings.com,unknown,1.0,0,1.0
stadt-brandenburg.de,unknown,1.0,0,1.0
scl-angerberg-mariastein.tsn.at,unknown,1.0,0,1.0
anwaltskanzlei-kanzler.de,unknown,1.0,0,1.0
donausoja.org,unknown,1.0,0,1.0
elfsichten.de,unknown,1.0,0,1.0
eduweb.at,unknown,1.0,0,1.0
lichacz.de,unknown,1.0,0,1.0
innere.med.uni-giessen.de,unknown,1.0,0,1.0
studen.dhbw-heidenheim.de,Germany,2.0,DHBW,1.0
zachmann.eu,unknown,1.0,0,1.0
renategabriel.de,unknown,1.0,0,1.0
stachelhaus.net,unknown,1.0,0,1.0
pruefbau.de,unknown,1.0,0,1.0
zeibig4.de,unknown,1.0,0,1.0
bkwb.de,unknown,1.0,0,1.0
samsung.com,unknown,1.0,0,1.0
tierheilpraxis-hartkopf.de,unknown,1.0,0,1.0
baehr.info,unknown,1.0,0,1.0
gerlingen.de,unknown,1.0,0,1.0
petkus.com,unknown,1.0,0,1.0
biotest.com,unknown,1.0,0,1.0
haslibrunnen.ch,unknown,1.0,0,1.0
ifgp.at,unknown,1.0,0,1.0
ghazi-online.de,unknown,1.0,0,1.0
mps-med.de,unknown,1.0,0,1.0
therese-valerius-akademie.com,unknown,1.0,0,1.0
urskind.de,unknown,1.0,0,1.0
fibranz.de,unknown,1.0,0,1.0
maintraining.de,unknown,1.0,0,1.0
lefair.de,unknown,1.0,0,1.0
stefanie-wolff.de,unknown,1.0,0,1.0
quantum.com,unknown,1.0,0,1.0
bock.net,unknown,1.0,0,1.0
dksb-zittau.de,unknown,1.0,0,1.0
rki-logistics.com,unknown,1.0,0,1.0
lilo.org,unknown,1.0,0,1.0
akademikercoach.de,unknown,1.0,0,1.0
bildungundlernen.de,unknown,1.0,0,1.0
dge.de,unknown,1.0,0,1.0
carrier.com,unknown,1.0,0,1.0
catuno.de,unknown,1.0,0,1.0
alumni.tu-berlin.de,unknown,1.0,0,1.0
leehawkins.de,unknown,1.0,0,1.0
hlwhollabrunn.ac.at,unknown,1.0,0,1.0
eud.schulenbfi.at,unknown,1.0,0,1.0
bspa-niebergall.de,unknown,1.0,0,1.0
sabine-giordano.de,unknown,1.0,0,1.0
ahl17.de,unknown,1.0,0,1.0
breulmann.eu,unknown,1.0,0,1.0
ess.karlsruhe.de,unknown,1.0,0,1.0
nutz.com,unknown,1.0,0,1.0
merz.de,unknown,1.0,0,1.0
zyyz.de,unknown,1.0,0,1.0
diakonie-delitzsch.org,unknown,1.0,0,1.0
allgaeu.de,unknown,1.0,0,1.0
surteco.com,unknown,1.0,0,1.0
wihi.tu-darmstadt.de,unknown,1.0,0,1.0
motivitas-concept.de,unknown,1.0,0,1.0
kh-pl.de,unknown,1.0,0,1.0
baj-bi.de,unknown,1.0,0,1.0
metelen.de,unknown,1.0,0,1.0
baumann-web.eu,unknown,1.0,0,1.0
coregrowth-consulting.ch,unknown,1.0,0,1.0
bundespolizei.de,unknown,1.0,0,1.0
muell.xyz,unknown,1.0,0,1.0
comp-user.de,unknown,1.0,0,1.0
bsw-muldental.de,unknown,1.0,0,1.0
menschenfuermenschen.org,unknown,1.0,0,1.0
lang.de,unknown,1.0,0,1.0
lklup.de,unknown,1.0,0,1.0
cebitec.uni-bielefeld.de,unknown,1.0,0,1.0
nina-gschloessl.de,unknown,1.0,0,1.0
rudel-recruiting.de,unknown,1.0,0,1.0
vr-factoring.de,unknown,1.0,0,1.0
futurised.de,unknown,1.0,0,1.0
ivf-tal.de,unknown,1.0,0,1.0
hbbk-muenster.de,unknown,1.0,0,1.0
incas.de,unknown,1.0,0,1.0
awosano-thueringen.de,unknown,1.0,0,1.0
jobcenter-lahn-dill.de,unknown,1.0,0,1.0
z-online.de,unknown,1.0,0,1.0
bischof-net.de,unknown,1.0,0,1.0
m-tool.de,unknown,1.0,0,1.0
correo.ugr.es,unknown,1.0,0,1.0
gb-balance.de,unknown,1.0,0,1.0
simoneowczarek.de,unknown,1.0,0,1.0
pmaier.de,unknown,1.0,0,1.0
mb-sued.bayern,unknown,1.0,0,1.0
gshohnstaedt.lernsax.de,unknown,1.0,0,1.0
dahag.de,unknown,1.0,0,1.0
airport-staff.com,unknown,1.0,0,1.0
speakers-excellence.de,unknown,1.0,0,1.0
schumbrutzki.com,unknown,1.0,0,1.0
vsg-nollen.ch,unknown,1.0,0,1.0
geka-munster.de,unknown,1.0,0,1.0
die-ik.de,unknown,1.0,0,1.0
trainings-online.de,unknown,1.0,0,1.0
godwaycharity.com,unknown,1.0,0,1.0
ttz-bremerhaven.de,unknown,1.0,0,1.0
weingartenschule.de,unknown,1.0,0,1.0
imc-management.de,unknown,1.0,0,1.0
wegasoft.de,unknown,1.0,0,1.0
glail.com,unknown,1.0,0,1.0
ringholding.com,unknown,1.0,0,1.0
stud-hs-doepfer.de,unknown,1.0,0,1.0
rumtreiber-reisen.de,unknown,1.0,0,1.0
n-komm.de,unknown,1.0,0,1.0
inneo.com,unknown,1.0,0,1.0
igefa.de,unknown,1.0,0,1.0
infodesignerin.de,unknown,1.0,0,1.0
sheridaninc.com,unknown,1.0,0,1.0
steinbeis-europa.de,unknown,1.0,0,1.0
dm.uni-bonn.de,unknown,1.0,0,1.0
bgartengs.lernsax.de,unknown,1.0,0,1.0
marchtrenk.gv.at,unknown,1.0,0,1.0
wveu.org,unknown,1.0,0,1.0
dennisschmolk.de,unknown,1.0,0,1.0
baiada.ch,unknown,1.0,0,1.0
thp-prester.de,unknown,1.0,0,1.0
showclock.de,unknown,1.0,0,1.0
mike-bembenek.de,unknown,1.0,0,1.0
entega.ag,unknown,1.0,0,1.0
kaemmer-consulting.de,unknown,1.0,0,1.0
villablanka.com,unknown,1.0,0,1.0
buseck.de,unknown,1.0,0,1.0
spital-muri.ch,unknown,1.0,0,1.0
bsz-glauchau.de,unknown,1.0,0,1.0
benkrebs.de,unknown,1.0,0,1.0
desmos-consult.ch,unknown,1.0,0,1.0
edith-stein-berufskolleg.de,unknown,1.0,0,1.0
markus-ruppnig.at,unknown,1.0,0,1.0
jhp-sp.bildung-rp.de,unknown,1.0,0,1.0
jmu.edu,unknown,1.0,0,1.0
ypon.com,unknown,1.0,0,1.0
uaic.ro,unknown,1.0,0,1.0
ich-habe-fertig.com,unknown,1.0,0,1.0
kloesterl.de,unknown,1.0,0,1.0
duh.de,unknown,1.0,0,1.0
mns-stpeter.ksn.at,unknown,1.0,0,1.0
erismann.de,unknown,1.0,0,1.0
medebach.de,unknown,1.0,0,1.0
olitec.ch,unknown,1.0,0,1.0
familiebuxot.de,unknown,1.0,0,1.0
daellenbach.net,unknown,1.0,0,1.0
designschule.muenchen.musin.de,unknown,1.0,0,1.0
schoen-web.de,unknown,1.0,0,1.0
lh-rw.de,unknown,1.0,0,1.0
eficon.de,unknown,1.0,0,1.0
netzreitz.de,unknown,1.0,0,1.0
haas-mediengruppe.de,unknown,1.0,0,1.0
cips-gmbh.de,unknown,1.0,0,1.0
xolsen.com,unknown,1.0,0,1.0
ib-scheffler.de,unknown,1.0,0,1.0
winterboots.de,unknown,1.0,0,1.0
rws21.de,unknown,1.0,0,1.0
dticredit.com,unknown,1.0,0,1.0
nickruizmueller.eu,unknown,1.0,0,1.0
brillux.ir,unknown,1.0,0,1.0
ub.uni-mainz.de,unknown,1.0,0,1.0
bestblues.net,unknown,1.0,0,1.0
beischaefers.de,unknown,1.0,0,1.0
ijk.hmtm-hannover.de,unknown,1.0,0,1.0
grossbeeren.de,unknown,1.0,0,1.0
mul-ct.de,unknown,1.0,0,1.0
aok-medien.de,unknown,1.0,0,1.0
maschinenbau.tu-darmstadt.de,unknown,1.0,0,1.0
jmf-gymnasium.de,unknown,1.0,0,1.0
gmx.c,unknown,1.0,0,1.0
vse-nrw.de,unknown,1.0,0,1.0
tvs-weimar.de,unknown,1.0,0,1.0
cscp.rwth-aachen.de,unknown,1.0,0,1.0
kvbasel.schule,unknown,1.0,0,1.0
os-amflughafen.lernsax.de,unknown,1.0,0,1.0
mooretherapy.com,unknown,1.0,0,1.0
filbert.org,unknown,1.0,0,1.0
heilpraxis-fels.de,unknown,1.0,0,1.0
feld-m.ch,unknown,1.0,0,1.0
nghardt.de,unknown,1.0,0,1.0
hlw10.at,unknown,1.0,0,1.0
realschule-geisenfeld.de,unknown,1.0,0,1.0
mission-leben.de,unknown,1.0,0,1.0
mffki.rlp.de,unknown,1.0,0,1.0
wbm.de,unknown,1.0,0,1.0
stadt-eckernfoerde.de,unknown,1.0,0,1.0
passaloglou.de,unknown,1.0,0,1.0
lvgoffice.de,unknown,1.0,0,1.0
fecon-steuern.de,unknown,1.0,0,1.0
darboven.com,unknown,1.0,0,1.0
greifswald.de,unknown,1.0,0,1.0
otvv.de,unknown,1.0,0,1.0
gesite.de,unknown,1.0,0,1.0
wiges-gmbh.de,unknown,1.0,0,1.0
avex-tankstellen.de,unknown,1.0,0,1.0
mth-potsdam.de,unknown,1.0,0,1.0
usdform.de,unknown,1.0,0,1.0
nvdo.at,unknown,1.0,0,1.0
kammerorchesterbasel.ch,unknown,1.0,0,1.0
gorcon.de,unknown,1.0,0,1.0
medtron.com,unknown,1.0,0,1.0
101bailbonds.com,unknown,1.0,0,1.0
systempiloten.de,unknown,1.0,0,1.0
bk-ne.de,unknown,1.0,0,1.0
rs-kaufering.de,unknown,1.0,0,1.0
ataraxia-schwerin.com,unknown,1.0,0,1.0
marieschreuder.de,unknown,1.0,0,1.0
electronicfusion.net,unknown,1.0,0,1.0
bk.admin.ch,unknown,1.0,0,1.0
ban-fischer.de,unknown,1.0,0,1.0
kliniken-hochfranken.de,unknown,1.0,0,1.0
birgitbach.de,unknown,1.0,0,1.0
tulskiy71.ru,unknown,1.0,0,1.0
webdesign-haak.de,unknown,1.0,0,1.0
gesunder-hund.net,unknown,1.0,0,1.0
ewz.ch,unknown,1.0,0,1.0
tierheilpraxis-darmstadt.de,unknown,1.0,0,1.0
nuvecon.de,unknown,1.0,0,1.0
outlook.cm,unknown,1.0,0,1.0
wandelzeit.de,unknown,1.0,0,1.0
esebeck.de,unknown,1.0,0,1.0
citeq.de,unknown,1.0,0,1.0
estv.admin.ch,unknown,1.0,0,1.0
kammachi.com,unknown,1.0,0,1.0
klimaschutzakademie.com,unknown,1.0,0,1.0
off.de,unknown,1.0,0,1.0
cvo.berlin,unknown,1.0,0,1.0
ehks-nms.de,unknown,1.0,0,1.0
schuerrer-fleischer.de,unknown,1.0,0,1.0
eeb-online.de,unknown,1.0,0,1.0
changewaters.de,unknown,1.0,0,1.0
greyesg.com,unknown,1.0,0,1.0
youngpromotion.de,unknown,1.0,0,1.0
ogr.deu.edu.tr,unknown,1.0,0,1.0
zywietz.de,unknown,1.0,0,1.0
astra.admin.ch,unknown,1.0,0,1.0
audi-is.de,unknown,1.0,0,1.0
ribnitz-damgarten.de,unknown,1.0,0,1.0
lgl.bwl.de,unknown,1.0,0,1.0
student.dhbw-heidneheim.de,Germany,2.0,DHBW,1.0
x-ip.eu,unknown,1.0,0,1.0
kaibergmann.in,unknown,1.0,0,1.0
jpmedia.de,unknown,1.0,0,1.0
varta.ag.com,unknown,1.0,0,1.0
fortra.com,unknown,1.0,0,1.0
biosprit.org,unknown,1.0,0,1.0
hhis.group,unknown,1.0,0,1.0
iwm.fraunhofer.de,unknown,1.0,0,1.0
edelhoff-wire.de,unknown,1.0,0,1.0
tobias-goehring.de,unknown,1.0,0,1.0
djm.legal,unknown,1.0,0,1.0
box-druck.com,unknown,1.0,0,1.0
itsc.de,unknown,1.0,0,1.0
zinzendorfschulen.de,unknown,1.0,0,1.0
drk-fs.de,unknown,1.0,0,1.0
lsjv.rlp.de,unknown,1.0,0,1.0
lezaud.de,unknown,1.0,0,1.0
birgit-braun.eu,unknown,1.0,0,1.0
eadiz.de,unknown,1.0,0,1.0
preempt.life,unknown,1.0,0,1.0
stadt-burg.de,unknown,1.0,0,1.0
embajadademali.es,unknown,1.0,0,1.0
essrich.de,unknown,1.0,0,1.0
cope-online.de,unknown,1.0,0,1.0
institut-synergie.de,unknown,1.0,0,1.0
dr-pfaff.com,unknown,1.0,0,1.0
michael-voigt.net,unknown,1.0,0,1.0
opayq.com,unknown,1.0,0,1.0
chancengleichheit.uni-augsburg.de,unknown,1.0,0,1.0
opti-hc.de,unknown,1.0,0,1.0
dornbirn.at,unknown,1.0,0,1.0
herne.de,unknown,1.0,0,1.0
muennerstadt.de,unknown,1.0,0,1.0
kilian.koeln,unknown,1.0,0,1.0
twofold.swiss,unknown,1.0,0,1.0
ruebsteck.com,unknown,1.0,0,1.0
kanzlei-berger.ch,unknown,1.0,0,1.0
blueshaper.de,unknown,1.0,0,1.0
gutachtenlanzlei.com,unknown,1.0,0,1.0
web4biz.de,unknown,1.0,0,1.0
polybit.de,unknown,1.0,0,1.0
finkelmeyer.de,unknown,1.0,0,1.0
ornitec.de,unknown,1.0,0,1.0
educonsult.ch,unknown,1.0,0,1.0
syzygy.de,unknown,1.0,0,1.0
ayelan.de,unknown,1.0,0,1.0
koehlertransfer.de,unknown,1.0,0,1.0
schulen-sursee.ch,unknown,1.0,0,1.0
carprofessional.de,unknown,1.0,0,1.0
bosch.stiftung.de,unknown,1.0,0,1.0
diinit.de,unknown,1.0,0,1.0
bosch-stiftung.de,unknown,1.0,0,1.0
elj.de,unknown,1.0,0,1.0
stadionschule1988.lernsax.de,unknown,1.0,0,1.0
ie.uminho.pt,unknown,1.0,0,1.0
dd-baeder.de,unknown,1.0,0,1.0
bsz-kamenz.de,unknown,1.0,0,1.0
realtech.com,unknown,1.0,0,1.0
awo-bs.de,unknown,1.0,0,1.0
innolab.at,unknown,1.0,0,1.0
con-sicherheit-service.de,unknown,1.0,0,1.0
akafoe.de,unknown,1.0,0,1.0
spreewaldmueller.de,unknown,1.0,0,1.0
openlabstudio.com,unknown,1.0,0,1.0
die-revolte.de,unknown,1.0,0,1.0
viva-familienservice.de,unknown,1.0,0,1.0
t-online.com,unknown,1.0,0,1.0
808project.de,unknown,1.0,0,1.0
lap-consult.com,unknown,1.0,0,1.0
marenas-consulting.com,unknown,1.0,0,1.0
holding-graz.at,unknown,1.0,0,1.0
c-castro.com,unknown,1.0,0,1.0
paosl.lernsax.de,unknown,1.0,0,1.0
gleichklang.de,unknown,1.0,0,1.0
nicolepfisterer.de,unknown,1.0,0,1.0
pigmentar.de,unknown,1.0,0,1.0
schulethal.ch,unknown,1.0,0,1.0
pli-petronas.com,unknown,1.0,0,1.0
gutachtenkanzlei.com,unknown,1.0,0,1.0
oke.de,unknown,1.0,0,1.0
uni-halle.de,unknown,1.0,0,1.0
ideengestalt.de,unknown,1.0,0,1.0
crisp-berlin.org,unknown,1.0,0,1.0
rwt-gruppe.de,unknown,1.0,0,1.0
walesoft.de,unknown,1.0,0,1.0
fritz-karsen.de,unknown,1.0,0,1.0
innovation-center.com,unknown,1.0,0,1.0
comasco.de,unknown,1.0,0,1.0
gouders.de,unknown,1.0,0,1.0
albers.biz,unknown,1.0,0,1.0
ubu.es,unknown,1.0,0,1.0
sauvigny.de,unknown,1.0,0,1.0
assono.de,unknown,1.0,0,1.0
diabetes-zentrum.de,unknown,1.0,0,1.0
alias.katisfaktion.de,unknown,1.0,0,1.0
caritas-kn.de,unknown,1.0,0,1.0
wa.uni-hannover.de,unknown,1.0,0,1.0
pescor.de,unknown,1.0,0,1.0
klinik-bethanien.de,unknown,1.0,0,1.0
maha.de,unknown,1.0,0,1.0
fuehrungsambiente.de,unknown,1.0,0,1.0
palatinus.com,unknown,1.0,0,1.0
corneliavossen.de,unknown,1.0,0,1.0
garbrecht.com,unknown,1.0,0,1.0
gradel.de,unknown,1.0,0,1.0
24speed.at,unknown,1.0,0,1.0
purfranz.de,unknown,1.0,0,1.0
konradhof.de,unknown,1.0,0,1.0
konrad.de,unknown,1.0,0,1.0
ecmorlaix.fr,unknown,1.0,0,1.0
locher.me,unknown,1.0,0,1.0
wiel.org,unknown,1.0,0,1.0
flying-express.de,unknown,1.0,0,1.0
hofmann.co.at,unknown,1.0,0,1.0
wica.nrw,unknown,1.0,0,1.0
vaelju.de,unknown,1.0,0,1.0
crioli.de,unknown,1.0,0,1.0
group-huber.de,unknown,1.0,0,1.0
huber-group.de,unknown,1.0,0,1.0
osz-orpund.ch,unknown,1.0,0,1.0
bre-muenchen.de,unknown,1.0,0,1.0
editionberlin.de,unknown,1.0,0,1.0
ndstsk.de,unknown,1.0,0,1.0
mmg.de,unknown,1.0,0,1.0
clarkepsi.com,unknown,1.0,0,1.0
aucegypt.edu,unknown,1.0,0,1.0
wrede.koeln,unknown,1.0,0,1.0
wrede.koeln.de,unknown,1.0,0,1.0
ent-sfnd.fr,unknown,1.0,0,1.0
cloudgsx.es,unknown,1.0,0,1.0
sv-bildungswerk.de,unknown,1.0,0,1.0
sport-iat.de,unknown,1.0,0,1.0
innowise.eu,unknown,1.0,0,1.0
fassel.eu,unknown,1.0,0,1.0
uny.ac.id,unknown,1.0,0,1.0
bwv-aachen.de,unknown,1.0,0,1.0
syscon.fr,unknown,1.0,0,1.0
der-schadewald.de,unknown,1.0,0,1.0
rpunkt.com,unknown,1.0,0,1.0
jpeus.de,unknown,1.0,0,1.0
jenswitte.de,unknown,1.0,0,1.0
mentoring4sustainability.org,unknown,1.0,0,1.0
glickco.com,unknown,1.0,0,1.0
sonnberger.or.at,unknown,1.0,0,1.0
iconyk.de,unknown,1.0,0,1.0
gms.hde,unknown,1.0,0,1.0
growport.de,unknown,1.0,0,1.0
moder-online.de,unknown,1.0,0,1.0
ic.rwth-aachen.de,unknown,1.0,0,1.0
bomail.de,unknown,1.0,0,1.0
geberit.com,unknown,1.0,0,1.0
sven-blumenrath.de,unknown,1.0,0,1.0
kg.de,unknown,1.0,0,1.0
ivecogroup.com,unknown,1.0,0,1.0
hochschulsport.uni-frankfurt.de,unknown,1.0,0,1.0
sjon.at,unknown,1.0,0,1.0
chemie.uni-frankfurt.de,unknown,1.0,0,1.0
kavo.com,unknown,1.0,0,1.0
kirchners-family.de,unknown,1.0,0,1.0
hi-hamburg.de,unknown,1.0,0,1.0
bayer.ag,unknown,1.0,0,1.0
fap-group.com,unknown,1.0,0,1.0
fws-suedost.de,unknown,1.0,0,1.0
bofrost.de,unknown,1.0,0,1.0
ib-wb.de,unknown,1.0,0,1.0
wwitte.de,unknown,1.0,0,1.0
flow-it-up.de,unknown,1.0,0,1.0
modelcat.ai,unknown,1.0,0,1.0
bauconsult.com,unknown,1.0,0,1.0
ascheele.de,unknown,1.0,0,1.0
mesek.eu,unknown,1.0,0,1.0
marco-rannacher.de,unknown,1.0,0,1.0
klarso.com,unknown,1.0,0,1.0
peter-harms.com,unknown,1.0,0,1.0
mamber.net,unknown,1.0,0,1.0
seiser.net,unknown,1.0,0,1.0
prodecon-fabrics.com,unknown,1.0,0,1.0
laborberlin.com,unknown,1.0,0,1.0
sg-network.org,unknown,1.0,0,1.0
lu.ch,unknown,1.0,0,1.0
kollenberg.solutions,unknown,1.0,0,1.0
caprealestate.de,unknown,1.0,0,1.0
sternefresser.de,unknown,1.0,0,1.0
desk.ly,unknown,1.0,0,1.0
thk.eu,unknown,1.0,0,1.0
accso.de,unknown,1.0,0,1.0
lv-rlp.drk.de,unknown,1.0,0,1.0
cervus-it.de,unknown,1.0,0,1.0
entwicklungslotse.de,unknown,1.0,0,1.0
med-ecole.de,unknown,1.0,0,1.0
essert.com,unknown,1.0,0,1.0
hutudns.com,unknown,1.0,0,1.0
hwk-hannover.de,unknown,1.0,0,1.0
sperner.eu,unknown,1.0,0,1.0
syngenio.de,unknown,1.0,0,1.0
ki-recherchen.de,unknown,1.0,0,1.0
drbosman.net,unknown,1.0,0,1.0
cosmopolitanschool.de,unknown,1.0,0,1.0
la-red.eu,unknown,1.0,0,1.0
hieber-hdl.de,unknown,1.0,0,1.0
uwe-guettler.de,unknown,1.0,0,1.0
gs-daetzingen.schule.bwl.de,unknown,1.0,0,1.0
pahlpfeiffer.de,unknown,1.0,0,1.0
interkreis.de,unknown,1.0,0,1.0
frau-schmidt.de,unknown,1.0,0,1.0
ellwangen.de,unknown,1.0,0,1.0
agens.at,unknown,1.0,0,1.0
lrh-ktn.at,unknown,1.0,0,1.0
hensel-electric.de,unknown,1.0,0,1.0
pcak.de,unknown,1.0,0,1.0
itdesign.de,unknown,1.0,0,1.0
landdata.de,unknown,1.0,0,1.0
oulook.at,unknown,1.0,0,1.0
it-hebel.de,unknown,1.0,0,1.0
energiesysteme-hb.de,unknown,1.0,0,1.0
holzmann-medien.de,unknown,1.0,0,1.0
berndnagenrauft.com,unknown,1.0,0,1.0
schulzesteffen.de,unknown,1.0,0,1.0
comu.edu.tr,unknown,1.0,0,1.0
schwarzingenieure.de,unknown,1.0,0,1.0
hinte-group.com,unknown,1.0,0,1.0
klinikum-os.de,unknown,1.0,0,1.0
gchhotelgroup.com,unknown,1.0,0,1.0
gamail.com,unknown,1.0,0,1.0
osherz.ch,unknown,1.0,0,1.0
ki-flow-niederrhein.de,unknown,1.0,0,1.0
zukunftsmacher-innen.org,unknown,1.0,0,1.0
zieglergarten.ch,unknown,1.0,0,1.0
wolfsystem.de,unknown,1.0,0,1.0
officeshare.de,unknown,1.0,0,1.0
bas1.de,unknown,1.0,0,1.0
ameria.com,unknown,1.0,0,1.0
dotter-stiftung.de,unknown,1.0,0,1.0
bab-bremen.de,unknown,1.0,0,1.0
stadtwerke-herborn.de,unknown,1.0,0,1.0
goals-strategies.com,unknown,1.0,0,1.0
pargesoft.com,unknown,1.0,0,1.0
styleranking.de,unknown,1.0,0,1.0
treuheit.de,unknown,1.0,0,1.0
iigs.uni-stuttgart.de,unknown,1.0,0,1.0
la-recht.de,unknown,1.0,0,1.0
holger-wellmann.de,unknown,1.0,0,1.0
turtuga.eu,unknown,1.0,0,1.0
danielniehaus.de,unknown,1.0,0,1.0
factsandfiles.com,unknown,1.0,0,1.0
epnet.at,unknown,1.0,0,1.0
pforzheim.de,unknown,1.0,0,1.0
itvsh.de,unknown,1.0,0,1.0
drk-rostock.de,unknown,1.0,0,1.0
sous.li,unknown,1.0,0,1.0
igs-hamm-sieg.de,unknown,1.0,0,1.0
wavestone.com,unknown,1.0,0,1.0
gea.com,unknown,1.0,0,1.0
woodprint.net,unknown,1.0,0,1.0
medicuja.com,unknown,1.0,0,1.0
die-stettners.de,unknown,1.0,0,1.0
imvisio.de,unknown,1.0,0,1.0
tektonik.net,unknown,1.0,0,1.0
dmz-maritim.de,unknown,1.0,0,1.0
sinnanstifterei.de,unknown,1.0,0,1.0
heimbucher.com,unknown,1.0,0,1.0
solvance-ai.de,unknown,1.0,0,1.0
lnc-berlin.de,unknown,1.0,0,1.0
joachim-brand.de,unknown,1.0,0,1.0
blaubeuren.de,unknown,1.0,0,1.0
jotter.name,unknown,1.0,0,1.0
student-dhbw-heidenheim.de,Germany,2.0,DHBW,1.0
truuco.de,unknown,1.0,0,1.0
bbs2.de,unknown,1.0,0,1.0
iaciu.com,unknown,1.0,0,1.0
frankenthal.de,unknown,1.0,0,1.0
klinikum-tut.de,unknown,1.0,0,1.0
rpa.karlsruhe.de,unknown,1.0,0,1.0
romberg.de,unknown,1.0,0,1.0
avm-ruesselsheim.de,unknown,1.0,0,1.0
bgw-omline.de,unknown,1.0,0,1.0
advarm.com,unknown,1.0,0,1.0
gs-gz.lernsax.de,unknown,1.0,0,1.0
lrarw.de,unknown,1.0,0,1.0
ba-r.de,unknown,1.0,0,1.0
markusmersits.me,unknown,1.0,0,1.0
grittner.net,unknown,1.0,0,1.0
imcam.de,unknown,1.0,0,1.0
sensos.de,unknown,1.0,0,1.0
stienken.de,unknown,1.0,0,1.0
gantep.edu.tr,unknown,1.0,0,1.0
bausanierung-hannover.com,unknown,1.0,0,1.0
postler.info,unknown,1.0,0,1.0
jonsdorf.net,unknown,1.0,0,1.0
grabner.cc,unknown,1.0,0,1.0
esb-hamm.de,unknown,1.0,0,1.0
rosenbluehe.de,unknown,1.0,0,1.0
soko-institut.de,unknown,1.0,0,1.0
jrosenbauer.de,unknown,1.0,0,1.0
uhrenworld.com,unknown,1.0,0,1.0
benjamin-auernhammer.de,unknown,1.0,0,1.0
einssoft.com,unknown,1.0,0,1.0
materne-privat.de,unknown,1.0,0,1.0
knutkirsten.de,unknown,1.0,0,1.0
zechbauer.com,unknown,1.0,0,1.0
isotec-owl.de,unknown,1.0,0,1.0
edewechter-oberschule.de,unknown,1.0,0,1.0
planet-roth.de,unknown,1.0,0,1.0
alibto.com,unknown,1.0,0,1.0
neumark.de,unknown,1.0,0,1.0
cklein-consuting.de,unknown,1.0,0,1.0
yannick-jaeckle.de,unknown,1.0,0,1.0
s.pust.ac.bd,unknown,1.0,0,1.0
thommy-stumpp.de,unknown,1.0,0,1.0
eisbach-text.de,unknown,1.0,0,1.0
catella.com,unknown,1.0,0,1.0
clausen-bau.de,unknown,1.0,0,1.0
ak.polizei.hamburg.de,unknown,1.0,0,1.0
berthold-apotheke.at,unknown,1.0,0,1.0
montero.top,unknown,1.0,0,1.0
raebiger-faupel.de,unknown,1.0,0,1.0
sengl-in.de,unknown,1.0,0,1.0
olsen.de,unknown,1.0,0,1.0
guard-aero.com,unknown,1.0,0,1.0
gerth-online.com,unknown,1.0,0,1.0
roesle.ch,unknown,1.0,0,1.0
rs-glemsaue.de,unknown,1.0,0,1.0
namislo.de,unknown,1.0,0,1.0
juergen-klose.de,unknown,1.0,0,1.0
dous.net,unknown,1.0,0,1.0
artcamp.at,unknown,1.0,0,1.0
trepte-tech.com,unknown,1.0,0,1.0
aub.edu.lb,unknown,1.0,0,1.0
plamper.info,unknown,1.0,0,1.0
mireille-zoeller.com,unknown,1.0,0,1.0
krauthahn-consulting.com,unknown,1.0,0,1.0
mathematik.uni-stuttgart.de,unknown,1.0,0,1.0
rdcrs.de,unknown,1.0,0,1.0
gbjb.ch,unknown,1.0,0,1.0
power-hydraulik.de,unknown,1.0,0,1.0
tuv-austria.com,unknown,1.0,0,1.0
it-contrain.com,unknown,1.0,0,1.0
information-at-work.de,unknown,1.0,0,1.0
ite.uni-hannover.de,unknown,1.0,0,1.0
deutscher.ch,unknown,1.0,0,1.0
keulenbergschule.lernsax.de,unknown,1.0,0,1.0
nebraskamed.com,unknown,1.0,0,1.0
gwu-lasertechnik.de,unknown,1.0,0,1.0
kf-moritz-schule.de,unknown,1.0,0,1.0
stefanrichter.de,unknown,1.0,0,1.0
epo-berlin.com,unknown,1.0,0,1.0
digital-agentur.tech,unknown,1.0,0,1.0
lasub.lernsax.de,unknown,1.0,0,1.0
neue-igs.org,unknown,1.0,0,1.0
evytra.com,unknown,1.0,0,1.0
psychologie.tu-chemnitz.de,unknown,1.0,0,1.0
landkreis-nu.de,unknown,1.0,0,1.0
igs-edigheim.de,unknown,1.0,0,1.0
artservice-glaser.de,unknown,1.0,0,1.0
giuliadente.com,unknown,1.0,0,1.0
kieler-kaufmann.de,unknown,1.0,0,1.0
zyrr.io,unknown,1.0,0,1.0
muentzer-gs.lernsax.de,unknown,1.0,0,1.0
hhu-duesseldorf.de,unknown,1.0,0,1.0
synkyria.com,unknown,1.0,0,1.0
soyaustria.com,unknown,1.0,0,1.0
zhv-rwth-aachen.de,unknown,1.0,0,1.0
vohleitner.de,unknown,1.0,0,1.0
loerrach.de,unknown,1.0,0,1.0
go-control.de,unknown,1.0,0,1.0
kokopol.eu,unknown,1.0,0,1.0
schuleneckertal.ch,unknown,1.0,0,1.0
ek-rs.de,unknown,1.0,0,1.0
remmek.de,unknown,1.0,0,1.0
bkashi.de,unknown,1.0,0,1.0
ole-online.de,unknown,1.0,0,1.0
familieabel.de,unknown,1.0,0,1.0
mainz-online.de,unknown,1.0,0,1.0
ehlen-erdbohrungen.com,unknown,1.0,0,1.0
dom.se,unknown,1.0,0,1.0
darmstadt.de,unknown,1.0,0,1.0
mehnert-lacksysteme.de,unknown,1.0,0,1.0
kernia.de,unknown,1.0,0,1.0
geretsried.de,unknown,1.0,0,1.0
katharinazegers.com,unknown,1.0,0,1.0
skz.de,unknown,1.0,0,1.0
lkv.bayern.de,unknown,1.0,0,1.0
schindler-consultant.de,unknown,1.0,0,1.0
bleicher-medien.de,unknown,1.0,0,1.0
posteo.or,unknown,1.0,0,1.0
inab-jugend.de,unknown,1.0,0,1.0
stadtbetriebe-grevenbroich.de,unknown,1.0,0,1.0
gnail.com,unknown,1.0,0,1.0
mwrs-ei.de,unknown,1.0,0,1.0
via.dk,unknown,1.0,0,1.0
susanadiaz.de,unknown,1.0,0,1.0
fraydenegg.at,unknown,1.0,0,1.0
einsatztraining.de,unknown,1.0,0,1.0
wingine.net,unknown,1.0,0,1.0
luettigs.de,unknown,1.0,0,1.0
hildens.de,unknown,1.0,0,1.0
z-sb.de,unknown,1.0,0,1.0
comew.eu,unknown,1.0,0,1.0
rheinpfalzkreis.de,unknown,1.0,0,1.0
alaqsa.edu.ps,unknown,1.0,0,1.0
gymnasium-speicher.de,unknown,1.0,0,1.0
bauko.arch.rwth-aachen.de,unknown,1.0,0,1.0
ath-nuernberg.de,unknown,1.0,0,1.0
bannwolfpsychology.de,unknown,1.0,0,1.0
boerlind.com,unknown,1.0,0,1.0
rdr-muenchen.de,unknown,1.0,0,1.0
acorda.de,unknown,1.0,0,1.0
feanzier.com,unknown,1.0,0,1.0
poncelet-eng.de,unknown,1.0,0,1.0
kreysing.com,unknown,1.0,0,1.0
schertler.org,unknown,1.0,0,1.0
drze.de,unknown,1.0,0,1.0
freiberg.de,unknown,1.0,0,1.0
hvg-hagen.de,unknown,1.0,0,1.0
wonsak-hamburg.de,unknown,1.0,0,1.0
bm-rottkord.de,unknown,1.0,0,1.0
singnet.com.sg,unknown,1.0,0,1.0
getwyse.de,unknown,1.0,0,1.0
hinkel-insights.com,unknown,1.0,0,1.0
die-winters.com,unknown,1.0,0,1.0
wivisions.ch,unknown,1.0,0,1.0
alex-schaal.de,unknown,1.0,0,1.0
fxavaj.com,unknown,1.0,0,1.0
christian-feld.net,unknown,1.0,0,1.0
smail.wir.h-brs.de,unknown,1.0,0,1.0
lucia-rueckner.com,unknown,1.0,0,1.0
will-hier-weg.de,unknown,1.0,0,1.0
verwatlung.uni-bonn.de,unknown,1.0,0,1.0
ms-villach1.ksn.at,unknown,1.0,0,1.0
doggino.de,unknown,1.0,0,1.0
rd-schule.de,unknown,1.0,0,1.0
zobel-hoch.de,unknown,1.0,0,1.0
ms-st.peter.ksn.at,unknown,1.0,0,1.0
silverup.10k.de,unknown,1.0,0,1.0
cbre.com,unknown,1.0,0,1.0
nagl.co.at,unknown,1.0,0,1.0
flensburg.de,unknown,1.0,0,1.0
cancome.de,unknown,1.0,0,1.0
oxg.de,unknown,1.0,0,1.0
lrh.brandenburg.de,unknown,1.0,0,1.0
meco-akademie.de,unknown,1.0,0,1.0
walther.mobi,unknown,1.0,0,1.0
kusan.eu,unknown,1.0,0,1.0
florant.de,unknown,1.0,0,1.0
cmb.hu-berlin.de,unknown,1.0,0,1.0
lhind.dlh.de,unknown,1.0,0,1.0
innosuisse.ch,unknown,1.0,0,1.0
eatandys.com,unknown,1.0,0,1.0
sport-mittelschule-feldbach.at,unknown,1.0,0,1.0
lkprignitz.de,unknown,1.0,0,1.0
sfinanzservices.de,unknown,1.0,0,1.0
ksbburgenland.de,unknown,1.0,0,1.0
augen-coesfeld.de,unknown,1.0,0,1.0
maivalueconsulting.com,unknown,1.0,0,1.0
handdruck.de,unknown,1.0,0,1.0
vgtt.de,unknown,1.0,0,1.0
thomas-bade.de,unknown,1.0,0,1.0
drk-bbs.de,unknown,1.0,0,1.0
th-nuernberg.fde,unknown,1.0,0,1.0
hubert-sfeir.de,unknown,1.0,0,1.0
iab.at,unknown,1.0,0,1.0
marshallsterling.com,unknown,1.0,0,1.0
reeds.com,unknown,1.0,0,1.0
fv-eit-bw.de,unknown,1.0,0,1.0
dvv.de,unknown,1.0,0,1.0
amt-schrevenborn.de,unknown,1.0,0,1.0
aliasvault.net,unknown,1.0,0,1.0
nicole-schneider.eu,unknown,1.0,0,1.0
suva.ch,unknown,1.0,0,1.0
monari.de,unknown,1.0,0,1.0
landmark-fiine-travel.de,unknown,1.0,0,1.0
gss-leutkirch.de,unknown,1.0,0,1.0
designerich.com,unknown,1.0,0,1.0
lawal.eu,unknown,1.0,0,1.0
aparted.com,unknown,1.0,0,1.0
vollmergruppe.de,unknown,1.0,0,1.0
ksc-elektro.de,unknown,1.0,0,1.0
bridgetranslations.de,unknown,1.0,0,1.0
beumer.com,unknown,1.0,0,1.0
kaiwichmann.de,unknown,1.0,0,1.0
kosubek.org,unknown,1.0,0,1.0
elkekumar.de,unknown,1.0,0,1.0
lenajacobsen.com,unknown,1.0,0,1.0
helo.systems,unknown,1.0,0,1.0
megaforce.de,unknown,1.0,0,1.0
btz-koeln.net,unknown,1.0,0,1.0
strohmleitung.de,unknown,1.0,0,1.0
schoeffmann-solutions.com,unknown,1.0,0,1.0
lug-kirchheim.de,unknown,1.0,0,1.0
visucom-muc.de,unknown,1.0,0,1.0
koeferler.com,unknown,1.0,0,1.0
yukonwaltz.com,unknown,1.0,0,1.0
it-favour.de,unknown,1.0,0,1.0
mechtel.eu,unknown,1.0,0,1.0
kloster-plankstetten.de,unknown,1.0,0,1.0
emily-mizera.de,unknown,1.0,0,1.0
gvtc.com,unknown,1.0,0,1.0
blende39.com,unknown,1.0,0,1.0
kristofmartin.de,unknown,1.0,0,1.0
vejmelka.de,unknown,1.0,0,1.0
gabel-pavlic.de,unknown,1.0,0,1.0
trh-nuernberg.de,unknown,1.0,0,1.0
klimantzik.de,unknown,1.0,0,1.0
wortner.de,unknown,1.0,0,1.0
th-nurnbrg.de,unknown,1.0,0,1.0
neckargemuend.de,unknown,1.0,0,1.0
meiser.de,unknown,1.0,0,1.0
ms-energiebau.de,unknown,1.0,0,1.0
student.usamvcluj.ro,unknown,1.0,0,1.0
spirk.at,unknown,1.0,0,1.0
bredemann.net,unknown,1.0,0,1.0
pruessner-gmbh.de,unknown,1.0,0,1.0
ccb21.de,unknown,1.0,0,1.0
nessak.de,unknown,1.0,0,1.0
profimaler-hamburg.com,unknown,1.0,0,1.0
srcab.de,unknown,1.0,0,1.0
th-nuernbeg.de,unknown,1.0,0,1.0
hlp-bach-buesser.de,unknown,1.0,0,1.0
denic-services.de,unknown,1.0,0,1.0
hejzacharias.eu,unknown,1.0,0,1.0
edu.fham.de,unknown,1.0,0,1.0
kars.schule,unknown,1.0,0,1.0
psychotherapie-sperger.de,unknown,1.0,0,1.0
maegs.de,unknown,1.0,0,1.0
begic.ch,unknown,1.0,0,1.0
learnhardhard.de,unknown,1.0,0,1.0
vectano.de,unknown,1.0,0,1.0
design-hoch-drei.de,unknown,1.0,0,1.0
bzwu.ch,unknown,1.0,0,1.0
prefa.com,unknown,1.0,0,1.0
robert-francia.de,unknown,1.0,0,1.0
sportms-moedling.ac.at,unknown,1.0,0,1.0
th-deg.deg,unknown,1.0,0,1.0
hoffmann-ees.de,unknown,1.0,0,1.0
bebaios.tech,unknown,1.0,0,1.0
prisma-capacity.eu,unknown,1.0,0,1.0
franco-rau.de,unknown,1.0,0,1.0
hacon-beton.de,unknown,1.0,0,1.0
element3.at,unknown,1.0,0,1.0
stays.me,unknown,1.0,0,1.0
endica.de,unknown,1.0,0,1.0
ustp.at,unknown,1.0,0,1.0
cmc-group.de,unknown,1.0,0,1.0
iqanta.com,unknown,1.0,0,1.0
seipp.com,unknown,1.0,0,1.0
htl.com.de,unknown,1.0,0,1.0
optrinity.com,unknown,1.0,0,1.0
evaco.de,unknown,1.0,0,1.0
amt-eiderstedt.de,unknown,1.0,0,1.0
comtumi.de,unknown,1.0,0,1.0
koestersmaschinenbau.de,unknown,1.0,0,1.0
jobsimsport.de,unknown,1.0,0,1.0
woom.com,unknown,1.0,0,1.0
ccpsoft.de,unknown,1.0,0,1.0
gemeinde-schorndord.de,unknown,1.0,0,1.0
sub-seminare.de,unknown,1.0,0,1.0
sen.de,unknown,1.0,0,1.0
areal42.de,unknown,1.0,0,1.0
ub.uni-paderborn.de,unknown,1.0,0,1.0
crowley.k12.tx.us,unknown,1.0,0,1.0
michaelbest.com,unknown,1.0,0,1.0
jensschneidewind.de,unknown,1.0,0,1.0
simonmail.eu,unknown,1.0,0,1.0
ploeckl.de,unknown,1.0,0,1.0
the-huberts.net,unknown,1.0,0,1.0
kjr-neumarkt.de,unknown,1.0,0,1.0
frauwahl.de,unknown,1.0,0,1.0
hfbk-dresden.de,unknown,1.0,0,1.0
medienmonster.at,unknown,1.0,0,1.0
optonline.net,unknown,1.0,0,1.0
hb-marketplace.com,unknown,1.0,0,1.0
osthold1.de,unknown,1.0,0,1.0
m-stollenwerk.de,unknown,1.0,0,1.0
scooterfilm.com,unknown,1.0,0,1.0
sfgz.ch,unknown,1.0,0,1.0
brvp.de,unknown,1.0,0,1.0
learnhard.de,unknown,1.0,0,1.0
pfeil-sb.de,unknown,1.0,0,1.0
marianne-sikor.de,unknown,1.0,0,1.0
greenappraisals.com,unknown,1.0,0,1.0
sandrapretzer.com,unknown,1.0,0,1.0
gmxn.et,unknown,1.0,0,1.0
humatronics.de,unknown,1.0,0,1.0
timmler.org,unknown,1.0,0,1.0
papenheim.net,unknown,1.0,0,1.0
notus.de,unknown,1.0,0,1.0
lotto-bayern.de,unknown,1.0,0,1.0
365.bk-lk.de,unknown,1.0,0,1.0
pi5.uni-stuttgart.de,unknown,1.0,0,1.0
mitlaender.dev,unknown,1.0,0,1.0
griepentrog.de,unknown,1.0,0,1.0
bpb.de,unknown,1.0,0,1.0
thth-nuernberg.de,unknown,1.0,0,1.0
zvshk.de,unknown,1.0,0,1.0
dptv.de,unknown,1.0,0,1.0
charicomm.org,unknown,1.0,0,1.0
bnpparibas.com,unknown,1.0,0,1.0
spitalmaennedorf.ch,unknown,1.0,0,1.0
diehauswerker.com,unknown,1.0,0,1.0
mail.ruedi.net,unknown,1.0,0,1.0
feintechnikschule.de,unknown,1.0,0,1.0
lka.nordkirche.de,unknown,1.0,0,1.0
student.kvbl.ch,Switzerland,1.0,Schulen kvBL,16.0
srh-hochschulen.de,Germany,2.0,SRH Hochschule,3.0
uni-seeburg.at,Austria,2.0,Privatuniversität Schloss Seeburg ,2.0
uni-kosnatnz.de,Germany,2.0,Universität Konstanz,1.0
isdedu.de,unknown,1.0,0,1.0
em.uni-frankurt.de,Germany,2.0,Universität Frankfurt,1.0
list.sachsen.de,unknown,1.0,0,1.0
hs-neiderrhein.de,Germany,2.0,Hochschule Niederrhein,1.0
uni-kontsnaz.de,Germany,2.0,Universität Konstanz,1.0
students.hfs-zizers.ch,Switzerland,2.0,Höhere Fachschule für Sozialpädagogik,1.0
vhs-warendorf.de,unknown,1.0,0,1.0
hochschulwerbung.de,unknown,1.0,0,1.0
unimedizin-ffm.de,Germany,2.0,Universitätsmedizin Frankfurt,1.0
lrh.sachsen-anhalt.de,unknown,1.0,0,1.0
deltauniv.edu.eg,Egypt,2.0,Delta University For Science And Technology,1.0
elbkinder-kitas.de,unknown,1.0,0,1.0
mj.niedersachsen.de,unknown,1.0,0,1.0
btha.de,unknown,1.0,0,1.0
365.sum.edu.pl,unknown,1.0,0,1.0
karlshochschule.org,unknown,1.0,0,1.0
hessencampus-kassel.de,unknown,1.0,0,1.0
vhs-th.de,unknown,1.0,0,1.0
sportbildung-sachsen.de,unknown,1.0,0,1.0
andechser-molkerei.de,unknown,1.0,0,1.0
mod-education.de,unknown,1.0,0,1.0
ehser-office.de,unknown,1.0,0,1.0
reedu.de,unknown,1.0,0,1.0
edu.rub.de,Germany,2.0,Ruhr-Uni Bochum,1.0
usb-bochum.de,unknown,1.0,0,1.0
gsuite.eeducation.at,unknown,1.0,0,1.0
koetter-hsw.de,unknown,1.0,0,1.0
skhar.sms.sachsen.de,unknown,1.0,0,1.0
student.mbo.schule,unknown,1.0,0,1.0
christopherstolle.de,unknown,1.0,0,1.0
unterstrass.edu,unknown,1.0,0,1.0
ms-kepler.edu.graz.at,Austria,2.0,Mittelschule Graz Kepler,1.0
stadt-kitzingen.de,unknown,1.0,0,1.0
gesundheitsberufe-ehst.de,unknown,1.0,0,1.0
maschinenbau.tu-darstadt.de,Germany,2.0,TU Darmstadt,1.0
saechsische-jugendstiftung.de,unknown,1.0,0,1.0
christophkoppmann.com,unknown,1.0,0,1.0
hs-ruhr-west.de,Germany,2.0,Hochschule Ruhr-West,1.0
msedu.gutenberg-gym.de,unknown,1.0,0,1.0
seu.edu.ge,Georgia,2.0,Georgian National University SEU,1.0
atb-chemnitz.de,unknown,1.0,0,1.0
hs-osnbrueck.de,Germany,2.0,Hochschule Osnabrück,1.0
esade.edu,unknown,1.0,0,1.0
hsbi.com,Germany,2.0,FH Bielefeld,1.0
gisma-student.com,Germany,2.0,GISMA Business School,1.0
student.mwg-essen.de,unknown,1.0,Maria-Wächtler-Gymnasium,1.0
vhs.wedel.de,unknown,1.0,0,1.0
erbakan.edu.tr,Turkey,2.0,Necmettin Erbakan University,1.0
fh.mittelstand.de,Germany,2.0,Fachhochschule des Mittelstands,1.0
student.dhwb-heidenheim.de,Germany,2.0,DHBW,1.0
student.dhwb.heidenheim.de,Germany,2.0,DHBW,1.0
kphs.de,unknown,1.0,0,1.0
seraphina-pfob.de,unknown,1.0,0,1.0
data-immunity.de,unknown,1.0,0,1.0
techinschehochschulen.onmicrosoft.com,unknown,1.0,0,1.0
jens-adolph.de,unknown,1.0,0,1.0
technsichehochschulen.onmicrosoft.com,unknown,1.0,0,1.0
stu.fernuni.ch,Switzerland,2.0,FernUni Schweiz,1.0
frag-philipp.de,unknown,1.0,0,1.0
phynix.at,unknown,1.0,0,1.0
fhwn.ac.az,Austria,2.0,Fachhochschule Wiener Neustadt,1.0
campus.lmu.dr,Germany,2.0,Universität München,1.0
holon-kommunikation.de,unknown,1.0,0,1.0
itm-radiopharma.com,unknown,1.0,0,1.0
icm-chemnitz.de,unknown,1.0,0,1.0
drh-rohstoffhandel.de,unknown,1.0,0,1.0
phaeno.de,unknown,1.0,0,1.0
tibble.nu,unknown,1.0,0,1.0
noihse.com,unknown,1.0,0,1.0
univercity-bochum.de,Germany,1.0,0,1.0
archigraphie.de,unknown,1.0,0,1.0
phenorob.de,unknown,1.0,0,1.0
geosn.sachsen.de,unknown,1.0,0,1.0
ull.edu.es,Spain,2.0,University of La Laguna,1.0
stud.gdhs.com,unknown,1.0,0,1.0
mailbox.tu-sachsen.de,Germany,2.0,TU Dresden,1.0
monaco.edu,Monaco,2.0,International University of Monaco,1.0
ils.brk.de,unknown,1.0,0,1.0
sd-muenchenbuchsee.ch,unknown,1.0,0,1.0
